wpm_mean,wpm_std,wpm_trend,delete_ratio_mean,delete_ratio_max,idle_mean,idle_max,idle_count,error_count,error_repeat_flag,time_on_line_sec,cursor_moves,attempt_count,same_error_count,run_count,hint_clicked,question_asked,cartoon_activated,understood_after_help,confusion_type_id,confused,timestamp,session_id,split
69.91029,90.78588,-1.6861628,0.11904762,0.33333334,0.52501106,4.3130918,2.0,2.0,0.0,25.976368,0.0,1.0,1.0,57.0,1.0,0.0,0.0,0.0,0.0,1,1716720030.7991965,synthetic_000,test
53.065517,68.99376,-2.2909288,0.11904762,0.33333334,0.7706789,6.647656,3.0,2.0,0.0,29.812342,0.0,1.0,1.0,60.0,1.0,0.0,1.0,1.0,0.0,1,1716720035.7991965,synthetic_000,test
34.71362,41.756702,-3.0450318,0.16,0.4,1.0758203,6.647656,3.0,2.0,0.0,26.74128,0.0,1.0,1.0,47.0,1.0,0.0,1.0,1.0,0.0,1,1716720040.7991965,synthetic_000,test
9.028597,9.219812,0.22756928,0.2,0.4,2.066034,6.647656,4.0,4.0,0.0,28.300144,0.0,1.0,1.0,31.0,1.0,0.0,1.0,1.0,0.0,1,1716720045.7991965,synthetic_000,test
10.427652,15.480118,1.9380721,0.28333333,0.4,2.190697,6.647656,4.0,4.0,0.0,26.356667,0.0,1.0,1.0,33.0,1.0,0.0,1.0,1.0,17.0,1,1716720050.7991965,synthetic_000,test
10.668864,16.373652,1.9835167,0.3,0.5,2.5439694,6.7759075,4.0,4.0,0.0,27.37478,0.0,1.0,1.0,30.0,1.0,0.0,1.0,1.0,17.0,1,1716720055.7991965,synthetic_000,test
9.349374,15.494965,0.40802598,0.38333333,0.75,2.3508923,6.7759075,4.0,4.0,0.0,26.264835,0.0,2.0,2.0,37.0,1.0,0.0,1.0,1.0,17.0,1,1716720060.7991965,synthetic_000,test
10.598814,16.421926,-0.46659502,0.36666667,0.6,2.1580484,6.7759075,3.0,4.0,0.0,23.959776,0.0,2.0,2.0,34.0,1.0,0.0,1.0,1.0,0.0,1,1716720065.7991965,synthetic_000,test
10.999091,17.161955,-0.84673953,0.26666668,0.6,2.1781614,6.7759075,3.0,4.0,0.0,20.368858,0.0,2.0,2.0,32.0,1.0,0.0,1.0,1.0,17.0,1,1716720070.7991965,synthetic_000,test
9.693615,20.196283,-3.022872,0.55,0.6,2.4796371,6.7759075,2.0,1.0,0.0,14.463818,0.0,2.0,2.0,21.0,0.0,0.0,1.0,1.0,24.0,1,1716720075.7991965,synthetic_000,test
3.318658,3.6818357,0.8549044,0.46666667,0.6,4.1229467,14.962121,3.0,1.0,0.0,26.207664,0.0,2.0,2.0,24.0,0.0,1.0,0.0,0.0,24.0,1,1716720080.7991965,synthetic_000,test
2.9499185,3.6173396,-0.06529854,0.55,0.6,3.5054274,14.962121,3.0,1.0,0.0,27.851456,0.0,2.0,2.0,27.0,0.0,1.0,0.0,0.0,24.0,1,1716720085.7991965,synthetic_000,test
3.3130538,3.8115587,-0.78414685,0.7,1.0,4.3351893,14.962121,2.0,0.0,0.0,24.079227,0.0,2.0,2.0,18.0,0.0,1.0,0.0,0.0,7.0,1,1716720090.7991965,synthetic_000,test
6.736061,12.248878,1.8870465,0.46666667,0.6,4.1406016,14.962121,3.0,1.0,0.0,18.162693,0.0,3.0,3.0,24.0,0.0,1.0,0.0,0.0,7.0,1,1716720095.7991965,synthetic_000,test
4.8834887,10.221526,-0.11704604,0.6666667,1.0,3.2368174,14.962121,3.0,2.0,0.0,23.879688,0.0,4.0,4.0,36.0,0.0,1.0,1.0,0.0,16.0,1,1716720100.7991965,synthetic_000,test
4.411833,9.193214,-0.2000303,0.7,1.0,2.6864924,14.962121,3.0,4.0,1.0,28.021759,0.0,4.0,4.0,48.0,0.0,1.0,1.0,0.0,16.0,1,1716720105.7991965,synthetic_000,test
6.9210267,14.539793,0.7076036,0.6666667,0.8,1.8310868,5.8749337,2.0,4.0,1.0,23.736156,0.0,4.0,4.0,45.0,1.0,1.0,1.0,0.0,16.0,1,1716720110.7991965,synthetic_000,test
7.0608177,14.47845,0.010997973,0.6,0.8,1.9129226,5.8749337,2.0,4.0,1.0,22.818905,0.0,4.0,4.0,45.0,1.0,1.0,1.0,0.0,15.0,1,1716720115.7991965,synthetic_000,test
7.020737,13.749873,0.03741905,0.6166667,0.8,1.84078,5.8749337,2.0,4.0,1.0,27.259108,0.0,4.0,4.0,54.0,1.0,1.0,1.0,1.0,15.0,1,1716720120.7991965,synthetic_000,test
5.743442,12.79817,0.6654818,0.6666667,0.8,1.605897,5.7228155,1.0,4.0,1.0,21.542507,0.0,4.0,4.0,45.0,1.0,1.0,1.0,1.0,25.0,1,1716720125.7991965,synthetic_000,test
6.728245,13.539255,0.053026665,0.46666667,0.8,2.2194257,7.809908,2.0,4.0,1.0,26.946617,0.0,2.0,2.0,39.0,1.0,1.0,1.0,1.0,22.0,1,1716720130.7991965,synthetic_000,test
8.386636,15.856851,-1.3561885,0.425,0.6,2.745607,7.809908,2.0,4.0,0.0,21.745897,0.0,1.0,1.0,27.0,1.0,1.0,1.0,1.0,22.0,1,1716720135.7991965,synthetic_000,test
3.026847,6.2964015,-0.096428595,0.5,0.6,2.978701,7.809908,3.0,4.0,1.0,21.657778,1.0,3.0,3.0,30.0,1.0,1.0,1.0,1.0,16.0,1,1716720140.7991965,synthetic_000,test
4.155076,6.883867,-0.016657513,0.6,1.0,2.7706323,7.809908,3.0,4.0,1.0,17.821663,1.0,5.0,5.0,33.0,1.0,1.0,1.0,1.0,16.0,1,1716720145.7991965,synthetic_000,test
3.1477125,4.5480313,0.3566552,0.325,0.4,3.3252308,7.809908,4.0,4.0,1.0,12.287315,1.0,5.0,5.0,27.0,0.0,1.0,0.0,0.0,16.0,0,1716720150.7991965,synthetic_000,test
2.575401,4.2625103,-0.06300092,0.6,1.0,3.2253654,7.809908,5.0,4.0,1.0,17.607616,1.0,5.0,5.0,33.0,0.0,1.0,0.0,0.0,16.0,1,1716720155.7991965,synthetic_000,test
2.4778316,4.701729,-0.059639297,0.575,0.75,2.7775495,7.1357694,4.0,2.0,1.0,13.892803,1.0,5.0,5.0,27.0,0.0,1.0,0.0,0.0,9.0,1,1716720160.7991965,synthetic_000,test
13.165038,28.935913,4.2722344,0.4,0.8,2.6963086,7.1357694,5.0,4.0,1.0,21.016611,1.0,5.0,5.0,36.0,0.0,1.0,0.0,0.0,9.0,1,1716720165.7991965,synthetic_000,test
29.080051,60.44672,6.419534,0.44444445,0.6,2.4645596,6.9147935,5.0,4.0,1.0,28.066864,0.0,5.0,5.0,42.0,1.0,1.0,0.0,0.0,21.0,1,1716720170.7991965,synthetic_000,test
36.050644,68.00561,8.706516,0.5,0.6,2.478061,6.9147935,4.0,4.0,1.0,20.890287,0.0,5.0,5.0,33.0,1.0,1.0,0.0,0.0,0.0,1,1716720175.7991965,synthetic_000,test
38.7153,65.42716,4.8933444,0.4,0.6,2.5970585,7.502038,4.0,4.0,1.0,24.362892,0.0,5.0,5.0,38.0,1.0,1.0,0.0,0.0,13.0,1,1716720180.7991965,synthetic_000,test
33.42846,58.345562,-3.3217506,0.35,0.4,2.2322526,7.502038,4.0,4.0,1.0,24.336744,0.0,2.0,2.0,52.0,1.0,1.0,0.0,0.0,13.0,1,1716720185.7991965,synthetic_000,test
34.359764,54.922787,-1.4204639,0.25,0.4,2.0530803,7.502038,5.0,4.0,1.0,27.987572,0.0,2.0,2.0,64.0,1.0,1.0,0.0,0.0,13.0,1,1716720190.7991965,synthetic_000,test
29.192545,54.079613,-1.9193045,0.2,0.6,1.9551792,7.502038,4.0,4.0,1.0,25.73924,0.0,2.0,2.0,63.0,1.0,1.0,0.0,0.0,13.0,1,1716720195.7991965,synthetic_000,test
16.528809,26.539833,-0.9471992,0.26666668,0.4,2.0663707,7.502038,4.0,3.0,1.0,23.493525,0.0,2.0,2.0,60.0,1.0,1.0,0.0,0.0,10.0,1,1716720200.7991965,synthetic_000,test
15.874378,25.773197,-1.0110214,0.2,0.4,2.061027,7.502038,4.0,3.0,1.0,25.474394,0.0,2.0,2.0,64.0,1.0,1.0,0.0,0.0,10.0,1,1716720205.7991965,synthetic_000,test
12.468931,22.33029,-0.5954561,0.2,0.4,2.2233758,8.051562,4.0,3.0,1.0,29.200851,0.0,2.0,2.0,60.0,1.0,1.0,0.0,0.0,10.0,1,1716720210.7991965,synthetic_000,test
13.541225,24.895763,-2.611738,0.3,0.5,2.2473226,8.051562,3.0,3.0,0.0,26.455019,0.0,2.0,2.0,48.0,1.0,1.0,0.0,0.0,1.0,1,1716720215.7991965,synthetic_000,test
4.8610015,5.9158683,0.0057762875,0.2,0.4,2.780243,8.051562,3.0,1.0,0.0,27.670635,0.0,3.0,3.0,44.0,1.0,1.0,0.0,0.0,1.0,1,1716720220.7991965,synthetic_000,test
28.693626,85.59539,9.618949,0.36666667,0.5,2.3522744,8.051562,3.0,1.0,0.0,17.699947,1.0,3.0,3.0,48.0,1.0,1.0,0.0,0.0,1.0,1,1716720225.7991965,synthetic_000,test
31.196451,89.30962,4.919726,0.46666667,1.0,2.6936967,8.387466,3.0,1.0,0.0,15.081706,1.0,3.0,3.0,44.0,1.0,0.0,0.0,0.0,11.0,0,1716720230.7991965,synthetic_000,test
28.238682,82.14027,0.25963104,0.42222223,0.6666667,2.415867,8.387466,3.0,1.0,0.0,14.372129,1.0,3.0,3.0,52.0,1.0,1.0,1.0,1.0,11.0,0,1716720235.7991965,synthetic_000,test
28.124037,82.18174,-1.7000948,0.4888889,0.6666667,2.3165696,8.387466,3.0,1.0,0.0,20.038506,1.0,3.0,3.0,52.0,1.0,1.0,1.0,1.0,11.0,0,1716720240.7991965,synthetic_000,test
29.232367,85.690994,-5.092855,0.43333334,0.6,2.716627,8.387466,4.0,1.0,0.0,23.3454,1.0,3.0,3.0,48.0,1.0,1.0,1.0,1.0,11.0,0,1716720245.7991965,synthetic_000,test
34.369457,93.80079,-12.574949,0.5,0.6,2.5333896,8.387466,3.0,1.0,0.0,24.070368,0.0,3.0,3.0,40.0,1.0,1.0,1.0,1.0,11.0,0,1716720250.7991965,synthetic_000,test
4.4352207,10.378369,-0.20464209,0.46666667,0.6,4.1617084,9.342655,4.0,2.0,0.0,24.9062,0.0,1.0,1.0,32.0,1.0,1.0,1.0,1.0,11.0,0,1716720255.7991965,synthetic_000,test
4.864437,11.132962,-1.9522887,0.55,0.6,4.1931973,9.342655,4.0,2.0,0.0,27.97787,0.0,1.0,1.0,29.0,1.0,1.0,1.0,1.0,22.0,0,1716720260.7991965,synthetic_000,test
1.3505522,2.070653,-0.050546646,0.7,1.0,4.363087,9.342655,4.0,2.0,0.0,23.780918,0.0,1.0,1.0,32.0,1.0,0.0,0.0,0.0,22.0,0,1716720265.7991965,synthetic_000,test
1.9194916,2.5029235,-0.020022247,0.53333336,0.6666667,3.332078,9.342655,3.0,4.0,1.0,22.319435,0.0,3.0,3.0,38.0,1.0,1.0,0.0,0.0,22.0,0,1716720270.7991965,synthetic_000,test
1.6942384,2.421496,-0.03440066,0.55,0.6,3.1598752,9.342655,3.0,4.0,1.0,19.096222,0.0,3.0,3.0,46.0,1.0,1.0,0.0,0.0,22.0,0,1716720275.7991965,synthetic_000,test
1.6942384,2.421496,-0.03440066,0.55,0.6,3.1598752,9.342655,3.0,4.0,1.0,19.096222,0.0,3.0,3.0,46.0,1.0,1.0,0.0,0.0,22.0,0,1716720280.7991965,synthetic_000,test
1.6844337,2.4235406,-0.101754546,0.55,0.6,3.2364538,10.03186,3.0,4.0,1.0,23.972717,0.0,3.0,3.0,48.0,1.0,1.0,0.0,0.0,0.0,0,1716720285.7991965,synthetic_000,test
1.894988,2.5013256,-0.32583869,0.46666667,0.6,2.9965897,10.03186,2.0,4.0,1.0,21.75159,0.0,3.0,3.0,43.0,1.0,1.0,0.0,0.0,0.0,0,1716720290.7991965,synthetic_000,test
1.9831456,2.5538056,-0.13246061,0.45,0.5,3.3975801,10.03186,3.0,4.0,1.0,28.545036,0.0,3.0,3.0,52.0,1.0,1.0,1.0,1.0,0.0,0,1716720295.7991965,synthetic_000,test
1.6263827,2.2342563,-0.041345544,0.5,0.6,3.1861286,10.03186,3.0,4.0,1.0,27.348282,0.0,3.0,3.0,60.0,1.0,1.0,1.0,1.0,22.0,0,1716720300.7991965,synthetic_000,test
28.509531,90.06863,13.40493,0.4,0.8,2.9236882,10.03186,3.0,4.0,1.0,22.12871,0.0,2.0,2.0,66.0,1.0,1.0,1.0,1.0,17.0,0,1716720305.7991965,synthetic_000,test
27.009888,86.03405,9.619341,0.4,0.8,2.7751606,10.03186,3.0,4.0,1.0,23.270065,0.0,2.0,2.0,72.0,1.0,1.0,1.0,1.0,17.0,0,1716720310.7991965,synthetic_000,test
25.211706,82.63048,5.0919747,0.51111114,0.8,2.328824,7.2846212,3.0,4.0,1.0,22.990093,0.0,2.0,2.0,78.0,1.0,1.0,1.0,1.0,17.0,0,1716720315.7991965,synthetic_000,test
22.36753,76.868286,2.3192322,0.46666667,0.8,2.4307053,7.2846212,5.0,4.0,1.0,25.285831,1.0,2.0,2.0,90.0,1.0,1.0,1.0,1.0,17.0,0,1716720320.7991965,synthetic_000,test
23.387278,79.67488,-1.9905125,0.5833333,0.8,2.098591,4.910122,4.0,4.0,1.0,17.100607,2.0,2.0,2.0,84.0,1.0,1.0,0.0,0.0,16.0,0,1716720325.7991965,synthetic_000,test
33.307194,84.748634,-2.6375632,0.5,0.6,2.2304928,4.910122,5.0,4.0,1.0,11.27862,2.0,2.0,2.0,84.0,1.0,1.0,0.0,0.0,16.0,0,1716720330.7991965,synthetic_000,test
13.043396,35.80941,1.5206038,0.41666666,0.8,2.133678,4.5200276,4.0,4.0,1.0,10.260763,3.0,2.0,2.0,84.0,1.0,1.0,1.0,1.0,16.0,0,1716720335.7991965,synthetic_000,test
13.2746105,35.80227,1.4574229,0.41666666,0.6,2.1144865,4.5200276,4.0,4.0,1.0,8.958137,3.0,2.0,2.0,84.0,1.0,1.0,1.0,1.0,2.0,0,1716720340.7991965,synthetic_000,test
13.883289,31.524473,0.1235991,0.33333334,0.6,1.7138247,4.699312,4.0,4.0,1.0,13.896796,2.0,3.0,3.0,110.0,1.0,1.0,1.0,1.0,22.0,0,1716720345.7991965,synthetic_000,test
13.974094,31.495787,-0.5938564,0.33333334,0.8,1.6591266,4.699312,2.0,4.0,1.0,17.384861,2.0,3.0,3.0,114.0,1.0,1.0,1.0,1.0,22.0,0,1716720350.7991965,synthetic_000,test
15.857797,31.893497,-1.9096221,0.15,0.4,1.658815,4.699312,2.0,4.0,1.0,18.458931,1.0,3.0,3.0,112.0,1.0,1.0,1.0,1.0,22.0,0,1716720355.7991965,synthetic_000,test
8.425741,7.3081346,-0.12852599,0.2,0.2,1.9817932,7.532438,2.0,4.0,1.0,26.182346,1.0,3.0,3.0,102.0,1.0,1.0,1.0,1.0,22.0,0,1716720360.7991965,synthetic_000,test
7.3386197,7.8118987,-0.977078,0.33333334,0.8,1.9918444,7.532438,2.0,4.0,1.0,29.004992,0.0,3.0,3.0,108.0,1.0,1.0,1.0,0.0,4.0,0,1716720365.7991965,synthetic_000,test
6.8944016,7.6080194,-0.8001492,0.33333334,0.8,2.0465403,7.532438,2.0,4.0,1.0,25.99879,0.0,3.0,3.0,110.0,1.0,1.0,1.0,0.0,1.0,0,1716720370.7991965,synthetic_000,test
3.453165,4.045884,-0.57494146,0.5,0.8,2.8275855,7.532438,2.0,4.0,0.0,26.021727,0.0,2.0,2.0,80.0,1.0,1.0,1.0,0.0,1.0,0,1716720375.7991965,synthetic_000,test
3.142048,4.5145364,-0.8181442,0.6333333,0.6666667,2.8843193,7.532438,2.0,4.0,0.0,21.350124,0.0,2.0,2.0,64.0,1.0,1.0,1.0,0.0,1.0,0,1716720380.7991965,synthetic_000,test
0.88594306,2.5058253,0.08437553,0.9,1.0,3.810231,8.842272,3.0,4.0,0.0,22.949411,0.0,2.0,2.0,64.0,1.0,1.0,1.0,0.0,1.0,0,1716720385.7991965,synthetic_000,test
1.1239622,2.4684706,-0.0030439403,0.8,0.8,3.0450754,8.842272,3.0,4.0,0.0,29.882912,0.0,2.0,2.0,80.0,1.0,1.0,0.0,0.0,1.0,0,1716720390.7991965,synthetic_000,test
60.164585,90.92662,5.4077587,0.24,0.6,1.371598,8.842272,3.0,3.0,0.0,18.124939,1.0,1.0,1.0,176.0,1.0,1.0,0.0,0.0,0.0,0,1716720395.7991965,synthetic_000,test
61.97599,92.1643,2.2584178,0.2,0.8,1.1364495,8.842272,3.0,0.0,0.0,12.161097,3.0,1.0,1.0,233.0,1.0,1.0,0.0,0.0,0.0,0,1716720400.7991965,synthetic_000,test
61.43492,86.853836,0.8287126,0.14285715,0.8,0.88228446,8.842272,2.0,0.0,0.0,7.372042,3.0,1.0,1.0,270.0,1.0,1.0,0.0,0.0,0.0,0,1716720405.7991965,synthetic_000,test
59.628014,86.174255,0.44792414,0.17857143,0.8,1.080061,8.842272,3.0,2.0,0.0,9.83993,4.0,2.0,2.0,279.0,1.0,1.0,1.0,1.0,0.0,0,1716720410.7991965,synthetic_000,test
61.50851,86.80117,-0.5134834,0.13333334,0.4,0.95302415,7.6066847,3.0,2.0,0.0,9.519893,4.0,2.0,2.0,272.0,0.0,1.0,1.0,1.0,0.0,0,1716720415.7991965,synthetic_000,test
65.41309,88.184166,-2.213109,0.057142857,0.2,0.9503346,7.6066847,3.0,2.0,0.0,10.313078,4.0,2.0,2.0,257.0,0.0,0.0,1.0,1.0,0.0,1,1716720420.7991965,synthetic_000,test
42.27431,71.754654,-2.4107625,0.05,0.2,1.6604184,7.6066847,4.0,2.0,0.0,11.448308,3.0,2.0,2.0,146.0,0.0,0.0,1.0,1.0,0.0,1,1716720425.7991965,synthetic_000,test
23.789295,35.084076,-5.9218583,0.2,0.4,2.9195051,7.6066847,5.0,2.0,0.0,14.256123,1.0,2.0,2.0,90.0,0.0,1.0,1.0,1.0,0.0,1,1716720430.7991965,synthetic_000,test
1.3073628,1.4744976,-0.17781907,0.7,1.0,5.5685945,7.6066847,6.0,2.0,0.0,25.804882,0.0,2.0,2.0,54.0,0.0,1.0,1.0,1.0,16.0,1,1716720435.7991965,synthetic_000,test
1.6764097,2.0575893,0.016301526,0.53333336,0.6666667,3.8791368,6.2033024,5.0,3.0,0.0,26.09159,0.0,2.0,2.0,74.0,1.0,1.0,0.0,0.0,16.0,1,1716720440.7991965,synthetic_000,test
4.692981,10.153907,1.962094,0.55,0.6,3.0632427,6.2033024,4.0,3.0,1.0,22.057266,0.0,2.0,2.0,85.0,1.0,1.0,0.0,0.0,16.0,1,1716720445.7991965,synthetic_000,test
8.755988,19.370329,1.3693199,0.62222224,0.8,2.2793283,6.2033024,4.0,3.0,1.0,17.948795,1.0,2.0,2.0,131.0,1.0,1.0,1.0,0.0,16.0,1,1716720450.7991965,synthetic_000,test
7.899227,18.841717,0.4517119,0.71666664,0.8,2.1316833,6.2033024,3.0,3.0,1.0,13.943222,1.0,2.0,2.0,144.0,1.0,1.0,1.0,1.0,9.0,1,1716720455.7991965,synthetic_000,test
8.50686,19.467785,0.26082343,0.6888889,0.8,1.8769722,6.2033024,2.0,3.0,1.0,9.798566,1.0,2.0,2.0,135.0,1.0,1.0,1.0,1.0,9.0,1,1716720460.7991965,synthetic_000,test
7.899227,18.841717,-0.5205007,0.73333335,1.0,2.1456525,11.095063,2.0,3.0,1.0,15.571269,1.0,2.0,2.0,148.0,1.0,1.0,1.0,1.0,13.0,1,1716720465.7991965,synthetic_000,test
8.078622,19.59863,-1.9555888,0.8,1.0,1.9892776,11.095063,2.0,3.0,1.0,19.051514,1.0,2.0,2.0,141.0,1.0,1.0,1.0,1.0,13.0,1,1716720470.7991965,synthetic_000,test
6.1473436,19.134504,-2.169927,0.8666667,1.0,2.7124166,11.095063,3.0,3.0,1.0,26.28242,1.0,2.0,2.0,132.0,1.0,1.0,1.0,1.0,13.0,1,1716720475.7991965,synthetic_000,test
15.9471855,47.708157,4.815559,0.8,1.0,2.816987,11.095063,2.0,3.0,1.0,18.002886,1.0,2.0,2.0,121.0,0.0,1.0,1.0,1.0,26.0,1,1716720480.7991965,synthetic_000,test
15.9471855,47.708157,1.626122,0.8,1.0,2.6532857,11.095063,2.0,3.0,1.0,9.867862,1.0,2.0,2.0,121.0,0.0,1.0,1.0,0.0,26.0,1,1716720485.7991965,synthetic_000,test
22.161781,46.82665,2.9348507,0.6,1.0,2.446796,11.095063,4.0,4.0,1.0,10.24275,2.0,2.0,2.0,165.0,1.0,1.0,1.0,0.0,13.0,1,1716720490.7991965,synthetic_000,test
22.224115,45.043,0.38427377,0.6,1.0,1.6885725,8.165985,3.0,4.0,1.0,11.507394,2.0,2.0,2.0,176.0,1.0,1.0,1.0,0.0,10.0,1,1716720495.7991965,synthetic_000,test
20.916815,43.944523,-1.8586067,0.6,1.0,1.9930485,8.165985,4.0,4.0,1.0,15.126965,2.0,2.0,2.0,187.0,1.0,1.0,1.0,1.0,10.0,1,1716720500.7991965,synthetic_000,test
31.218374,73.44022,1.5258843,0.48,1.0,1.4638106,3.8038023,3.0,4.0,1.0,20.587212,1.0,2.0,2.0,231.0,1.0,1.0,1.0,1.0,10.0,1,1716720505.7991965,synthetic_000,test
28.245106,74.67227,4.387045,0.625,1.0,1.4545978,3.8038023,3.0,4.0,0.0,20.911655,1.0,2.0,2.0,187.0,1.0,1.0,1.0,1.0,10.0,1,1716720510.7991965,synthetic_000,test
32.01112,79.014854,4.6776695,0.6,0.8,1.5074233,3.8038023,3.0,4.0,0.0,18.997349,0.0,2.0,2.0,165.0,1.0,1.0,1.0,1.0,10.0,1,1716720515.7991965,synthetic_000,test
27.563278,79.29084,5.6144776,0.53333336,1.0,2.0463667,12.691638,2.0,3.0,0.0,27.514126,0.0,2.0,2.0,154.0,1.0,1.0,1.0,1.0,10.0,1,1716720520.7991965,synthetic_000,test
30.498735,85.78308,4.9490023,0.46666667,1.0,2.5146065,12.691638,3.0,3.0,0.0,26.371477,0.0,2.0,2.0,132.0,1.0,1.0,1.0,1.0,22.0,1,1716720525.7991965,synthetic_000,test
33.271347,89.40435,-1.8841344,0.6666667,1.0,2.742225,12.691638,4.0,3.0,0.0,29.731716,0.0,2.0,2.0,121.0,1.0,1.0,1.0,0.0,20.0,1,1716720530.7991965,synthetic_000,test
9.59887,14.5791025,-2.6472952,0.43333334,0.6666667,3.7751434,12.691638,5.0,3.0,0.0,17.509508,0.0,2.0,2.0,88.0,1.0,1.0,0.0,0.0,2.0,0,1716720535.7991965,synthetic_000,test
9.378554,13.475084,-1.5575312,0.4,0.6,3.1625872,12.691638,5.0,4.0,0.0,18.934235,0.0,2.0,2.0,110.0,1.0,1.0,0.0,0.0,2.0,0,1716720540.7991965,synthetic_000,test
9.378554,13.475084,-1.5575312,0.4,0.6,3.1625872,12.691638,5.0,4.0,0.0,18.934235,0.0,2.0,2.0,110.0,1.0,1.0,0.0,0.0,2.0,0,1716720545.7991965,synthetic_000,test
6.3260193,8.2156925,1.2168629,0.5,0.6,2.8539395,8.73223,5.0,4.0,0.0,24.856226,0.0,2.0,2.0,110.0,1.0,1.0,1.0,1.0,2.0,0,1716720550.7991965,synthetic_000,test
6.6669035,8.638723,1.4175236,0.55,0.6,2.761803,8.73223,4.0,4.0,0.0,21.660603,0.0,2.0,2.0,99.0,1.0,1.0,1.0,1.0,2.0,0,1716720555.7991965,synthetic_000,test
37.574135,74.494255,4.7288547,0.5,1.0,1.8731201,10.492443,3.0,4.0,0.0,28.85944,0.0,2.0,2.0,176.0,1.0,1.0,1.0,1.0,0.0,0,1716720560.7991965,synthetic_000,test
58.73618,80.75572,1.279232,0.2,0.4,0.99798125,10.492443,2.0,4.0,0.0,29.233332,0.0,2.0,2.0,337.0,0.0,1.0,1.0,1.0,0.0,0,1716720565.7991965,synthetic_000,test
59.82661,75.419685,0.055876855,0.16666667,0.5,0.89479256,10.492443,2.0,1.0,0.0,23.4803,0.0,1.0,1.0,411.0,0.0,1.0,1.0,1.0,0.0,0,1716720570.7991965,synthetic_000,test
58.26267,74.97082,-0.19547284,0.14285715,0.5,1.0360198,10.492443,3.0,1.0,0.0,29.600504,0.0,1.0,1.0,423.0,0.0,1.0,1.0,1.0,0.0,0,1716720575.7991965,synthetic_000,test
55.968605,73.704414,-1.5803063,0.16666667,0.33333334,0.8505165,10.492443,2.0,2.0,0.0,22.677702,0.0,1.0,1.0,451.0,0.0,1.0,0.0,0.0,0.0,0,1716720580.7991965,synthetic_000,test
53.618404,72.6234,-1.6887609,0.17619048,0.4,0.92,10.492443,3.0,2.0,0.0,27.227558,0.0,1.0,1.0,477.0,0.0,1.0,0.0,0.0,0.0,1,1716720585.7991965,synthetic_000,test
50.332077,66.24305,-3.081022,0.13333334,0.33333334,0.84456927,6.1202025,3.0,2.0,0.0,27.630863,0.0,1.0,1.0,391.0,0.0,1.0,1.0,0.0,0.0,1,1716720590.7991965,synthetic_000,test
28.779594,37.940266,-3.6045265,0.225,0.5,1.3435539,6.1202025,3.0,2.0,0.0,22.47409,0.0,1.0,1.0,208.0,0.0,1.0,1.0,0.0,0.0,1,1716720595.7991965,synthetic_000,test
13.713544,23.611315,1.0880406,0.31111112,0.4,2.337469,8.567338,4.0,4.0,0.0,24.266895,0.0,1.0,1.0,164.0,1.0,1.0,1.0,0.0,24.0,1,1716720600.7991965,synthetic_000,test
13.562719,23.698746,0.18391408,0.42222223,0.6666667,2.0617948,8.567338,3.0,4.0,0.0,25.10223,0.0,1.0,1.0,165.0,1.0,1.0,1.0,0.0,21.0,1,1716720605.7991965,synthetic_000,test
14.632124,29.691597,0.2561855,0.53333336,0.6666667,2.687353,8.567338,3.0,4.0,0.0,20.728556,0.0,1.0,1.0,104.0,1.0,1.0,1.0,0.0,24.0,1,1716720610.7991965,synthetic_000,test
14.69794,31.966124,-2.9538517,0.45,0.5,3.6391609,8.567338,3.0,4.0,0.0,22.306095,0.0,2.0,2.0,91.0,1.0,1.0,1.0,0.0,21.0,1,1716720615.7991965,synthetic_000,test
14.445545,32.073418,-5.8706717,0.3,0.6,4.0347886,8.567338,3.0,4.0,0.0,19.676182,0.0,2.0,2.0,91.0,1.0,1.0,0.0,0.0,21.0,1,1716720620.7991965,synthetic_000,test
10.168209,24.745628,-2.184488,0.5,0.6,2.9839828,8.567338,4.0,4.0,1.0,27.240456,0.0,3.0,3.0,156.0,1.0,1.0,0.0,0.0,20.0,1,1716720625.7991965,synthetic_000,test
2.962846,5.874713,0.8938143,0.45,0.5,3.2997265,8.525158,4.0,3.0,0.0,27.1611,0.0,3.0,3.0,117.0,1.0,1.0,0.0,0.0,20.0,1,1716720630.7991965,synthetic_000,test
2.8825037,5.377063,0.1860485,0.6,1.0,2.8193083,8.525158,4.0,3.0,1.0,22.487232,0.0,3.0,3.0,143.0,1.0,1.0,1.0,1.0,20.0,1,1716720635.7991965,synthetic_000,test
3.0266125,5.162248,0.19004574,0.4888889,0.6666667,2.733228,8.525158,4.0,3.0,1.0,24.929358,1.0,3.0,3.0,169.0,1.0,1.0,1.0,1.0,20.0,1,1716720640.7991965,synthetic_000,test
3.2248065,4.9450893,0.1315868,0.41666666,0.6,2.416254,5.9374228,4.0,4.0,1.0,21.913677,1.0,4.0,4.0,182.0,1.0,1.0,1.0,1.0,20.0,1,1716720645.7991965,synthetic_000,test
3.3773792,4.964699,0.11116081,0.46666667,0.6,2.1309574,5.134245,3.0,4.0,1.0,18.158182,1.0,4.0,4.0,195.0,1.0,1.0,1.0,1.0,20.0,1,1716720650.7991965,synthetic_000,test
2.7055452,3.0344784,0.13359413,0.6,1.0,2.5974934,5.134245,3.0,4.0,1.0,12.784463,1.0,4.0,4.0,143.0,1.0,1.0,1.0,1.0,0.0,0,1716720655.7991965,synthetic_000,test
5.45855,10.700838,1.3613961,0.5,0.6,2.5830321,7.2430687,3.0,4.0,0.0,19.749418,1.0,4.0,4.0,156.0,1.0,1.0,1.0,1.0,16.0,0,1716720660.7991965,synthetic_000,test
5.0531263,10.35666,0.2040427,0.5555556,0.6666667,2.4815404,7.2430687,3.0,4.0,0.0,27.05673,1.0,4.0,4.0,169.0,1.0,1.0,0.0,0.0,15.0,0,1716720665.7991965,synthetic_000,test
5.058337,10.358087,-0.012339307,0.51111114,0.8,2.285874,7.2430687,3.0,4.0,0.0,25.779848,0.0,4.0,4.0,169.0,1.0,1.0,0.0,0.0,15.0,0,1716720670.7991965,synthetic_000,test
5.322678,11.321947,-0.19729275,0.73333335,1.0,2.081419,7.2430687,2.0,4.0,0.0,20.414062,0.0,1.0,1.0,143.0,1.0,1.0,0.0,0.0,15.0,0,1716720675.7991965,synthetic_000,test
4.723375,10.151534,-0.44227955,0.6333333,0.8,2.2746527,8.449222,3.0,3.0,1.0,27.672796,0.0,2.0,2.0,182.0,1.0,1.0,1.0,1.0,4.0,0,1716720680.7991965,synthetic_000,test
7.840785,13.4215975,0.32062277,0.525,0.8,1.9259707,8.449222,2.0,4.0,1.0,25.498432,0.0,2.0,2.0,221.0,1.0,1.0,1.0,1.0,4.0,0,1716720685.7991965,synthetic_000,test
6.8884063,11.1528635,0.9250536,0.4,0.6,1.6749607,8.449222,1.0,4.0,1.0,26.967241,0.0,2.0,2.0,221.0,1.0,1.0,1.0,1.0,4.0,0,1716720690.7991965,synthetic_000,test
8.605611,12.27038,0.98805404,0.33333334,0.6,1.7968773,8.449222,1.0,4.0,1.0,21.80221,0.0,2.0,2.0,169.0,1.0,1.0,1.0,1.0,4.0,0,1716720695.7991965,synthetic_000,test
9.469707,13.128854,1.1081457,0.26666668,0.6,1.9439542,8.449222,1.0,4.0,1.0,12.934276,0.0,2.0,2.0,143.0,1.0,1.0,1.0,1.0,4.0,0,1716720700.7991965,synthetic_000,test
9.469707,13.128854,1.1081457,0.26666668,0.6,1.9439542,8.449222,1.0,4.0,1.0,12.934276,0.0,2.0,2.0,143.0,1.0,1.0,1.0,1.0,4.0,0,1716720705.7991965,synthetic_000,test
12.722073,15.608941,-3.6222723,0.35,0.5,3.614006,16.938303,1.0,4.0,0.0,25.022924,0.0,2.0,2.0,91.0,1.0,1.0,0.0,0.0,13.0,0,1716720710.7991965,synthetic_000,test
6.015099,7.7346025,-2.4617336,0.25,0.25,6.438557,16.938303,2.0,2.0,0.0,23.158201,0.0,2.0,2.0,52.0,0.0,1.0,0.0,0.0,3.0,0,1716720715.7991965,synthetic_000,test
38.6775,53.820793,8.891972,0.2,0.4,4.441864,16.938303,3.0,0.0,0.0,14.154747,0.0,2.0,2.0,91.0,0.0,0.0,0.0,0.0,0.0,0,1716720720.7991965,synthetic_000,test
30.50192,49.361744,-0.174049,0.325,0.4,4.039196,16.938303,4.0,2.0,0.0,19.414463,0.0,2.0,2.0,117.0,0.0,0.0,0.0,0.0,0.0,0,1716720725.7991965,synthetic_000,test
30.50192,49.361744,-0.174049,0.325,0.4,4.039196,16.938303,4.0,2.0,0.0,19.414463,0.0,2.0,2.0,117.0,0.0,0.0,0.0,0.0,0.0,0,1716720730.7991965,synthetic_000,test
25.101427,45.75764,-2.532424,0.53333336,1.0,4.2191153,16.938303,5.0,2.0,0.0,29.47197,0.0,2.0,2.0,143.0,1.0,0.0,0.0,0.0,0.0,0,1716720735.7991965,synthetic_000,test
27.611568,47.427753,-5.0499935,0.3,0.4,2.9471967,7.5075064,4.0,2.0,0.0,23.947079,0.0,2.0,2.0,130.0,1.0,0.0,0.0,0.0,0.0,0,1716720740.7991965,synthetic_000,test
25.078094,45.770565,-7.3645883,0.53333336,1.0,3.0582418,7.5075064,5.0,2.0,0.0,26.43924,0.0,2.0,2.0,143.0,1.0,1.0,0.0,0.0,0.0,0,1716720745.7991965,synthetic_000,test
1.2344775,1.4626313,-0.19484404,0.53333336,0.6666667,3.7465491,7.5075064,5.0,3.0,0.0,26.793406,0.0,1.0,1.0,104.0,1.0,1.0,0.0,0.0,15.0,0,1716720750.7991965,synthetic_000,test
1.4489605,1.5575811,0.28577948,0.45,0.5,3.954533,7.5075064,4.0,3.0,0.0,20.174225,0.0,1.0,1.0,91.0,1.0,1.0,0.0,0.0,26.0,0,1716720755.7991965,synthetic_000,test
1.9058201,3.2618947,0.38020784,0.4,0.8,3.1565895,7.5075064,5.0,4.0,1.0,24.74089,1.0,2.0,2.0,143.0,1.0,1.0,0.0,0.0,12.0,1,1716720760.7991965,synthetic_000,test
2.1465433,3.368664,0.36624947,0.5,0.6,3.037978,6.265208,5.0,4.0,1.0,21.703115,2.0,2.0,2.0,130.0,1.0,1.0,0.0,0.0,12.0,1,1716720765.7991965,synthetic_000,test
2.4870362,3.3894541,0.44493368,0.33333334,0.6,2.9469502,6.265208,5.0,4.0,1.0,23.773857,2.0,2.0,2.0,143.0,1.0,1.0,0.0,0.0,21.0,1,1716720770.7991965,synthetic_000,test
2.8268955,3.6628585,0.551289,0.425,0.6,2.524763,5.7148004,3.0,4.0,1.0,16.075394,2.0,2.0,2.0,117.0,1.0,1.0,0.0,0.0,21.0,1,1716720775.7991965,synthetic_000,test
3.1479776,3.7644758,0.32708517,0.425,0.6,3.3462377,10.163892,3.0,4.0,1.0,24.130743,2.0,2.0,2.0,117.0,1.0,1.0,0.0,0.0,22.0,1,1716720780.7991965,synthetic_000,test
24.742397,73.86319,10.02129,0.5,0.6,2.696852,10.163892,4.0,4.0,1.0,25.137796,2.0,2.0,2.0,156.0,1.0,1.0,1.0,1.0,22.0,1,1716720785.7991965,synthetic_000,test
29.804512,80.57948,7.8965163,0.3,0.4,2.9734175,10.163892,3.0,3.0,1.0,24.019375,0.0,2.0,2.0,130.0,1.0,1.0,1.0,1.0,22.0,1,1716720790.7991965,synthetic_000,test
29.246733,68.07884,1.2956728,0.35,0.4,2.0293958,10.163892,2.0,3.0,1.0,26.374872,0.0,2.0,2.0,182.0,1.0,1.0,1.0,1.0,14.0,1,1716720795.7991965,synthetic_000,test
28.825878,68.25231,-0.3098855,0.43333334,0.6,2.3440685,10.163892,3.0,3.0,1.0,22.653069,0.0,2.0,2.0,182.0,1.0,1.0,1.0,1.0,14.0,1,1716720800.7991965,synthetic_000,test
28.825878,68.25231,-0.3098855,0.43333334,0.6,2.3440685,10.163892,3.0,3.0,1.0,22.653069,0.0,2.0,2.0,182.0,1.0,1.0,1.0,1.0,14.0,1,1716720805.7991965,synthetic_000,test
30.621944,70.69407,-3.5027647,0.53333336,1.0,1.9776917,6.4420877,3.0,3.0,1.0,24.840948,0.0,2.0,2.0,169.0,0.0,1.0,1.0,1.0,4.0,1,1716720810.7991965,synthetic_000,test
13.940733,20.122663,-0.48592615,0.475,0.75,2.277206,6.4420877,2.0,3.0,0.0,17.625439,0.0,2.0,2.0,117.0,0.0,1.0,1.0,1.0,4.0,1,1716720815.7991965,synthetic_000,test
16.215567,22.619709,-3.6646287,0.7,1.0,2.2974496,6.4420877,2.0,3.0,0.0,13.312111,0.0,2.0,2.0,91.0,0.0,1.0,1.0,1.0,4.0,1,1716720820.7991965,synthetic_000,test
0.0,0.0,0.0,1.0,1.0,7.5680103,17.853142,3.0,3.0,0.0,23.829954,0.0,1.0,1.0,52.0,0.0,1.0,1.0,1.0,4.0,0,1716720825.7991965,synthetic_000,test
3.4116685,4.399144,1.6227475,0.3,0.6,5.037929,17.853142,3.0,3.0,0.0,12.489841,1.0,1.0,1.0,78.0,0.0,1.0,0.0,0.0,16.0,0,1716720830.7991965,synthetic_000,test
2.9242873,4.2178,0.6486813,0.55,0.6,4.9516544,17.853142,4.0,3.0,0.0,16.807823,1.0,1.0,1.0,91.0,0.0,1.0,0.0,0.0,16.0,0,1716720835.7991965,synthetic_000,test
20.722528,51.167656,7.427542,0.4,0.4,3.4655476,17.853142,3.0,3.0,0.0,13.441869,1.0,1.0,1.0,130.0,0.0,1.0,0.0,0.0,16.0,0,1716720840.7991965,synthetic_000,test
20.628536,45.388542,3.5475078,0.26666668,0.4,3.0172877,17.853142,3.0,3.0,0.0,18.083662,1.0,1.0,1.0,169.0,0.0,1.0,0.0,0.0,10.0,0,1716720845.7991965,synthetic_000,test
18.09223,42.555676,1.4284383,0.33333334,0.4,2.971421,17.853142,4.0,3.0,0.0,23.155752,1.0,1.0,1.0,195.0,0.0,1.0,0.0,0.0,0.0,0,1716720850.7991965,synthetic_000,test
19.607246,43.757404,0.05782216,0.21666667,0.4,2.131277,4.4340057,4.0,3.0,0.0,27.82642,0.0,2.0,2.0,182.0,0.0,1.0,0.0,0.0,0.0,0,1716720855.7991965,synthetic_000,test
18.009253,42.679287,-2.3154001,0.4,0.6,1.9320302,4.4340057,3.0,3.0,0.0,24.546448,0.0,2.0,2.0,195.0,0.0,1.0,0.0,0.0,0.0,0,1716720860.7991965,synthetic_000,test
16.136196,40.278202,-2.8517897,0.5,1.0,1.7720824,3.8486257,2.0,4.0,0.0,27.595074,0.0,2.0,2.0,221.0,0.0,1.0,1.0,1.0,0.0,0,1716720865.7991965,synthetic_000,test
6.624563,12.726215,-0.968548,0.43333334,0.6,1.9427509,3.8486257,2.0,4.0,0.0,25.860458,0.0,2.0,2.0,182.0,1.0,1.0,1.0,1.0,3.0,0,1716720870.7991965,synthetic_000,test
2.8907454,4.815432,0.2561424,0.4,0.6,2.0572045,3.8486257,2.0,4.0,0.0,21.018112,0.0,2.0,2.0,143.0,1.0,1.0,1.0,1.0,3.0,0,1716720875.7991965,synthetic_000,test
3.1761918,5.2760143,0.20733055,0.55,0.6,1.920297,3.8486257,1.0,4.0,0.0,13.434048,0.0,2.0,2.0,117.0,1.0,1.0,1.0,1.0,3.0,0,1716720880.7991965,synthetic_000,test
2.546773,5.1521506,-0.1610882,0.7,0.8,3.1101177,16.507158,1.0,4.0,0.0,29.451921,0.0,2.0,2.0,132.0,1.0,1.0,1.0,1.0,3.0,0,1716720885.7991965,synthetic_000,test
3.1259558,4.702796,0.8940808,0.55,0.6,3.7884781,16.507158,1.0,4.0,0.0,23.64617,0.0,2.0,2.0,94.0,1.0,1.0,1.0,1.0,27.0,0,1716720890.7991965,synthetic_000,test
27.556454,61.571835,17.832235,0.2,0.4,4.0118346,16.507158,2.0,3.0,1.0,25.767944,0.0,3.0,3.0,97.0,1.0,1.0,1.0,0.0,12.0,0,1716720895.7991965,synthetic_000,test
31.285227,66.577156,24.057049,0.2,0.4,4.294657,16.507158,2.0,3.0,1.0,9.260786,0.0,3.0,3.0,84.0,0.0,1.0,1.0,0.0,12.0,0,1716720900.7991965,synthetic_000,test
31.285227,66.577156,24.057049,0.2,0.4,4.294657,16.507158,2.0,3.0,1.0,9.260786,0.0,3.0,3.0,84.0,0.0,1.0,1.0,0.0,12.0,0,1716720905.7991965,synthetic_000,test
23.46392,58.1018,5.554452,0.53333336,0.6666667,5.182201,16.507158,3.0,4.0,1.0,24.950447,0.0,3.0,3.0,114.0,0.0,1.0,1.0,0.0,12.0,0,1716720910.7991965,synthetic_000,test
27.16965,61.74407,-1.4589814,0.35,0.5,4.090947,13.95912,3.0,4.0,1.0,27.678267,0.0,3.0,3.0,101.0,0.0,0.0,1.0,0.0,12.0,0,1716720915.7991965,synthetic_000,test
23.679173,57.925194,-5.509288,0.2,0.4,4.1648254,13.95912,4.0,4.0,1.0,21.19232,1.0,3.0,3.0,117.0,1.0,1.0,1.0,0.0,11.0,0,1716720920.7991965,synthetic_000,test
2.782542,3.288885,1.1288137,0.2,0.4,5.1783786,13.95912,4.0,4.0,0.0,8.555575,1.0,1.0,1.0,90.0,1.0,1.0,0.0,0.0,11.0,0,1716720925.7991965,synthetic_000,test
2.0869064,3.0635562,0.07283307,0.53333336,0.6666667,4.646004,13.95912,5.0,4.0,0.0,14.505571,1.0,1.0,1.0,120.0,1.0,1.0,0.0,0.0,11.0,0,1716720930.7991965,synthetic_000,test
2.0222077,2.830083,0.027084285,0.5,0.6,4.2009797,13.95912,6.0,4.0,1.0,19.635475,1.0,2.0,2.0,150.0,1.0,1.0,0.0,0.0,11.0,0,1716720935.7991965,synthetic_000,test
4.841522,6.3404627,0.6189708,0.53333336,1.0,2.7858999,5.8823395,5.0,4.0,0.0,18.762724,2.0,2.0,2.0,165.0,1.0,1.0,0.0,0.0,0.0,0,1716720940.7991965,synthetic_000,test
4.5669603,6.176389,0.15664528,0.43333334,0.5,2.4802918,5.8823395,4.0,4.0,0.0,16.973082,1.0,2.0,2.0,180.0,1.0,1.0,0.0,0.0,0.0,0,1716720945.7991965,synthetic_000,test
4.7675266,5.9548135,0.39312792,0.33333334,0.6,2.3985012,5.8823395,4.0,4.0,1.0,14.154215,1.0,2.0,2.0,195.0,1.0,1.0,0.0,0.0,22.0,0,1716720950.7991965,synthetic_000,test
4.2518516,5.9607134,-0.013310162,0.5,0.6,2.1289968,5.8823395,3.0,4.0,1.0,15.379467,1.0,3.0,3.0,210.0,1.0,1.0,1.0,1.0,13.0,1,1716720955.7991965,synthetic_000,test
5.3029084,6.6231394,-0.059015743,0.46666667,0.6666667,1.6635299,3.9435294,3.0,4.0,1.0,23.753555,1.0,3.0,3.0,276.0,1.0,1.0,1.0,1.0,24.0,1,1716720960.7991965,synthetic_000,test
5.192141,6.5509863,-0.3125518,0.4875,0.75,1.5390493,3.9435294,2.0,4.0,1.0,25.481316,2.0,3.0,3.0,294.0,1.0,1.0,1.0,1.0,27.0,1,1716720965.7991965,synthetic_000,test
3.8597655,5.503082,-0.0720051,0.6,1.0,1.602289,3.9435294,2.0,4.0,1.0,21.40239,1.0,3.0,3.0,265.0,1.0,1.0,1.0,1.0,27.0,1,1716720970.7991965,synthetic_000,test
4.106203,5.7861114,-0.20995487,0.53333336,0.8,1.5516104,3.9435294,2.0,4.0,1.0,16.753208,1.0,3.0,3.0,235.0,1.0,1.0,1.0,1.0,27.0,1,1716720975.7991965,synthetic_000,test
3.3782136,6.0234127,-0.16012608,0.62222224,0.6666667,1.9770385,9.484697,2.0,4.0,1.0,18.977026,1.0,3.0,3.0,206.0,1.0,1.0,1.0,1.0,4.0,1,1716720980.7991965,synthetic_000,test
3.7853196,5.954516,-0.46825412,0.51111114,0.8,2.2738173,9.484697,3.0,4.0,1.0,16.331959,2.0,3.0,3.0,208.0,1.0,1.0,1.0,1.0,18.0,1,1716720985.7991965,synthetic_000,test
1.6603407,2.746005,-0.07022257,0.6333333,0.6666667,3.7221565,9.484697,3.0,4.0,0.0,10.732043,2.0,3.0,3.0,128.0,1.0,1.0,1.0,1.0,13.0,1,1716720990.7991965,synthetic_000,test
4.3567014,6.77584,1.8046043,0.3,0.6,4.08473,9.484697,3.0,4.0,0.0,18.765266,1.0,2.0,2.0,112.0,1.0,1.0,1.0,1.0,13.0,1,1716720995.7991965,synthetic_000,test
6.2051616,7.9690113,0.7749195,0.4,0.4,3.3747802,9.484697,4.0,4.0,1.0,16.984173,2.0,2.0,2.0,160.0,1.0,1.0,1.0,1.0,13.0,1,1716721000.7991965,synthetic_000,test
5.4380646,7.4589124,0.11400309,0.43333334,0.5,3.1959038,9.484697,5.0,4.0,1.0,16.838587,2.0,2.0,2.0,192.0,1.0,1.0,1.0,1.0,13.0,1,1716721005.7991965,synthetic_000,test
7.12945,9.334403,0.43650633,0.43333334,0.5,2.4229069,6.4529734,4.0,4.0,1.0,14.405214,1.0,2.0,2.0,224.0,1.0,1.0,1.0,0.0,17.0,1,1716721010.7991965,synthetic_000,test
7.6364045,9.152497,0.071189255,0.33333334,0.6,2.2256591,6.4529734,4.0,4.0,1.0,15.882593,1.0,2.0,2.0,225.0,1.0,1.0,1.0,0.0,9.0,1,1716721015.7991965,synthetic_000,test
7.842554,8.992523,-0.24332294,0.45,1.0,1.7440706,5.336393,3.0,4.0,1.0,22.183733,1.0,2.0,2.0,277.0,1.0,1.0,1.0,0.0,9.0,1,1716721020.7991965,synthetic_000,test
7.579947,8.880386,0.035868444,0.3,0.4,1.731375,5.336393,3.0,4.0,1.0,19.569904,1.0,2.0,2.0,262.0,1.0,1.0,1.0,0.0,9.0,1,1716721025.7991965,synthetic_000,test
7.4770374,8.959946,0.18947218,0.36666667,0.5,1.6854641,3.743968,2.0,4.0,1.0,16.481602,0.0,2.0,2.0,198.0,1.0,1.0,1.0,0.0,9.0,1,1716721030.7991965,synthetic_000,test
7.209941,9.144734,-0.89731264,0.53333336,1.0,2.4697378,11.641537,2.0,4.0,1.0,26.70989,0.0,2.0,2.0,200.0,1.0,1.0,1.0,0.0,22.0,1,1716721035.7991965,synthetic_000,test
5.2856483,6.5820527,-0.79784626,0.4,0.6,3.0143228,11.641537,3.0,4.0,1.0,26.909727,0.0,2.0,2.0,169.0,1.0,1.0,1.0,0.0,24.0,1,1716721040.7991965,synthetic_000,test
9.458061,10.728059,0.4611476,0.4,0.4,2.0228894,11.641537,2.0,4.0,0.0,24.740604,1.0,2.0,2.0,255.0,1.0,1.0,0.0,0.0,16.0,1,1716721045.7991965,synthetic_000,test
10.329916,10.165981,0.09284595,0.33333334,0.4,2.0188482,11.641537,2.0,4.0,0.0,17.56434,1.0,2.0,2.0,255.0,1.0,1.0,1.0,1.0,22.0,1,1716721050.7991965,synthetic_000,test
9.681251,10.367407,-0.066556066,0.33333334,0.4,2.3210945,11.641537,3.0,4.0,0.0,12.359936,1.0,1.0,1.0,255.0,1.0,1.0,1.0,1.0,16.0,0,1716721055.7991965,synthetic_000,test
9.23552,9.771774,-0.19193761,0.33333334,0.4,2.1252267,11.641537,3.0,4.0,0.0,14.784748,1.0,2.0,2.0,307.0,1.0,1.0,1.0,1.0,16.0,0,1716721060.7991965,synthetic_000,test
9.9623165,9.6213255,-0.7779231,0.275,0.5,1.6521106,5.560921,3.0,2.0,0.0,14.574974,1.0,2.0,2.0,291.0,1.0,1.0,1.0,1.0,16.0,0,1716721065.7991965,synthetic_000,test
9.835381,9.744177,-1.1454185,0.325,0.5,1.4949279,5.542515,2.0,4.0,0.0,17.68591,1.0,2.0,2.0,292.0,1.0,1.0,1.0,1.0,16.0,0,1716721070.7991965,synthetic_000,test
6.095068,6.194221,-1.2873536,0.2,0.4,2.7463048,9.611905,3.0,4.0,0.0,29.435501,0.0,2.0,2.0,191.0,1.0,1.0,1.0,1.0,22.0,0,1716721075.7991965,synthetic_000,test
3.7665157,4.696893,-0.61685526,0.35,0.5,3.093757,9.611905,3.0,4.0,0.0,22.301296,0.0,2.0,2.0,159.0,1.0,1.0,1.0,0.0,17.0,0,1716721080.7991965,synthetic_000,test
4.195839,4.4635496,-0.40859255,0.3,0.4,2.734378,9.611905,3.0,4.0,0.0,26.49779,0.0,2.0,2.0,178.0,1.0,1.0,1.0,0.0,17.0,0,1716721085.7991965,synthetic_000,test
3.32723,2.458848,0.55493057,0.2,0.4,3.2484784,9.611905,3.0,4.0,0.0,25.39018,0.0,2.0,2.0,162.0,1.0,1.0,1.0,1.0,17.0,0,1716721090.7991965,synthetic_000,test
2.9805608,2.6998467,0.31584796,0.325,0.4,3.130221,9.611905,2.0,4.0,0.0,25.283173,0.0,1.0,1.0,162.0,1.0,1.0,1.0,1.0,17.0,0,1716721095.7991965,synthetic_000,test
3.2263436,2.4868798,0.016233528,0.225,0.25,3.4120018,9.611905,3.0,3.0,0.0,21.096111,0.0,2.0,2.0,162.0,1.0,1.0,1.0,1.0,17.0,0,1716721100.7991965,synthetic_000,test
8.637803,13.412635,1.8776972,0.28333333,0.4,2.1404688,5.4248433,3.0,3.0,0.0,29.34119,0.0,2.0,2.0,256.0,1.0,1.0,1.0,1.0,17.0,0,1716721105.7991965,synthetic_000,test
9.057277,13.803785,1.6986398,0.2,0.4,2.4036515,5.4248433,4.0,4.0,0.0,28.063856,0.0,2.0,2.0,239.0,0.0,1.0,1.0,1.0,4.0,1,1716721110.7991965,synthetic_000,test
9.774524,14.987139,2.3320558,0.2,0.4,2.3822713,5.4248433,3.0,4.0,0.0,23.500275,0.0,2.0,2.0,203.0,0.0,1.0,1.0,1.0,4.0,1,1716721115.7991965,synthetic_000,test
9.449063,15.13928,1.1416866,0.2,0.4,2.8955264,7.9065566,5.0,4.0,0.0,29.068983,0.0,2.0,2.0,205.0,1.0,1.0,1.0,1.0,4.0,1,1716721120.7991965,synthetic_000,test
10.3939705,15.612547,0.89231116,0.2,0.4,2.9068983,7.9065566,5.0,4.0,0.0,23.64414,0.0,2.0,2.0,187.0,1.0,1.0,1.0,1.0,4.0,1,1716721125.7991965,synthetic_000,test
12.17776,17.423143,0.84965146,0.3,0.5,2.7161303,8.4374895,5.0,4.0,0.0,20.97468,1.0,1.0,1.0,226.0,1.0,1.0,1.0,1.0,4.0,1,1716721130.7991965,synthetic_000,test
7.4414234,14.525407,1.5698067,0.26666668,0.33333334,3.6379845,8.4374895,5.0,4.0,0.0,15.816367,1.0,1.0,1.0,152.0,1.0,1.0,1.0,1.0,22.0,1,1716721135.7991965,synthetic_000,test
8.603106,13.868573,1.2030219,0.225,0.25,3.1899722,8.4374895,4.0,3.0,0.0,16.180262,1.0,2.0,2.0,171.0,1.0,1.0,1.0,1.0,3.0,1,1716721140.7991965,synthetic_000,test
11.098038,16.863134,1.9818702,0.2,0.4,3.0522916,8.4374895,5.0,3.0,0.0,21.001625,1.0,2.0,2.0,209.0,1.0,1.0,1.0,1.0,3.0,1,1716721145.7991965,synthetic_000,test
10.859307,16.12217,0.12645383,0.26666668,0.4,2.5166245,8.4374895,4.0,3.0,1.0,21.762005,0.0,2.0,2.0,228.0,0.0,1.0,1.0,1.0,3.0,1,1716721150.7991965,synthetic_000,test
9.307978,15.34557,-0.49331337,0.43333334,0.5,2.415129,8.4374895,4.0,3.0,1.0,25.374315,0.0,2.0,2.0,266.0,0.0,1.0,1.0,1.0,3.0,1,1716721155.7991965,synthetic_000,test
7.809657,13.243049,-0.34926468,0.6,1.0,2.2602165,4.596704,3.0,3.0,1.0,21.316793,0.0,2.0,2.0,209.0,0.0,1.0,1.0,1.0,3.0,1,1716721160.7991965,synthetic_000,test
8.818595,14.50007,-1.5271826,0.45,0.5,2.164624,4.596704,2.0,3.0,1.0,16.801891,0.0,2.0,2.0,171.0,0.0,1.0,0.0,0.0,26.0,1,1716721165.7991965,synthetic_000,test
8.431038,14.815267,-1.1722044,0.575,0.75,3.4676473,14.447727,3.0,2.0,0.0,26.612123,0.0,2.0,2.0,171.0,0.0,0.0,1.0,0.0,26.0,0,1716721170.7991965,synthetic_000,test
12.097699,24.938543,3.6034217,0.4,0.6,3.2723813,14.447727,3.0,2.0,0.0,22.911713,1.0,1.0,1.0,190.0,1.0,1.0,1.0,0.0,4.0,0,1716721175.7991965,synthetic_000,test
13.249852,26.154041,1.8159317,0.3,0.6,3.343596,14.447727,3.0,2.0,0.0,15.0990925,1.0,1.0,1.0,171.0,1.0,1.0,1.0,0.0,5.0,0,1716721180.7991965,synthetic_000,test
14.472664,25.710634,-1.6087583,0.225,0.25,3.4217558,14.447727,4.0,2.0,0.0,10.898717,1.0,1.0,1.0,171.0,1.0,1.0,1.0,0.0,16.0,0,1716721185.7991965,synthetic_000,test
13.277153,24.533255,-1.8221028,0.2,0.2,3.5562327,14.447727,5.0,2.0,0.0,12.668759,2.0,1.0,1.0,190.0,1.0,1.0,1.0,0.0,16.0,0,1716721190.7991965,synthetic_000,test
11.805129,22.45729,-1.6647315,0.13333334,0.2,3.4214935,14.447727,6.0,4.0,1.0,13.305098,2.0,1.0,1.0,228.0,1.0,1.0,1.0,0.0,18.0,0,1716721195.7991965,synthetic_000,test
12.409319,24.42995,-3.43142,0.1,0.2,2.5927148,4.7665234,5.0,4.0,0.0,14.218241,2.0,1.0,1.0,190.0,1.0,1.0,0.0,0.0,18.0,0,1716721200.7991965,synthetic_000,test
4.2931323,3.8722215,-0.8400162,0.26666668,0.33333334,3.736755,10.347336,5.0,4.0,0.0,14.246857,1.0,1.0,1.0,152.0,1.0,0.0,0.0,0.0,18.0,0,1716721205.7991965,synthetic_000,test
3.546878,3.7734709,-0.8305121,0.35,0.5,4.2705145,10.347336,5.0,4.0,0.0,16.458982,2.0,2.0,2.0,133.0,1.0,0.0,0.0,0.0,18.0,0,1716721210.7991965,synthetic_000,test
5.8786654,7.087926,1.527454,0.1,0.2,4.020196,10.347336,4.0,4.0,0.0,13.357057,2.0,2.0,2.0,133.0,1.0,0.0,0.0,0.0,16.0,0,1716721215.7991965,synthetic_000,test
5.163311,6.8751497,-0.022494994,0.26666668,0.33333334,3.636657,10.347336,4.0,4.0,0.0,9.743159,2.0,2.0,2.0,154.0,1.0,0.0,0.0,0.0,18.0,0,1716721220.7991965,synthetic_000,test
5.1455717,7.433969,-0.452865,0.35,0.5,3.8469505,10.347336,4.0,3.0,0.0,9.4750395,2.0,3.0,3.0,136.0,1.0,0.0,0.0,0.0,16.0,0,1716721225.7991965,synthetic_000,test
4.713025,6.99041,-0.5902744,0.26666668,0.33333334,4.2561846,10.347336,5.0,3.0,0.0,14.813838,2.0,3.0,3.0,156.0,1.0,0.0,0.0,0.0,16.0,0,1716721230.7991965,synthetic_000,test
3.77042,6.4773192,-1.2145445,0.4,0.6,3.0028892,7.120822,5.0,3.0,0.0,20.048395,1.0,3.0,3.0,197.0,1.0,1.0,0.0,0.0,16.0,0,1716721235.7991965,synthetic_000,test
3.5812154,6.2425823,-1.1440628,0.6,1.0,2.592874,7.120822,4.0,3.0,0.0,25.417313,1.0,3.0,3.0,218.0,1.0,1.0,0.0,0.0,16.0,0,1716721240.7991965,synthetic_000,test
1.8487484,2.657426,0.20015793,0.4,0.8,2.879781,7.120822,5.0,3.0,1.0,27.188906,0.0,3.0,3.0,220.0,1.0,1.0,1.0,0.0,16.0,0,1716721245.7991965,synthetic_000,test
1.9625384,2.881074,0.2953578,0.55,0.6,2.8843539,7.120822,4.0,3.0,1.0,22.628191,0.0,3.0,3.0,180.0,1.0,1.0,1.0,0.0,16.0,0,1716721250.7991965,synthetic_000,test
1.5713905,2.7107232,0.20398372,0.6,0.6,3.0516183,7.2569504,4.0,3.0,1.0,23.39536,0.0,3.0,3.0,200.0,1.0,1.0,1.0,0.0,16.0,0,1716721255.7991965,synthetic_000,test
1.5587451,2.8748431,0.28996164,0.65,0.8,2.5994844,7.2569504,3.0,3.0,1.0,18.572329,0.0,2.0,2.0,180.0,1.0,1.0,1.0,0.0,16.0,0,1716721260.7991965,synthetic_000,test
2.1644776,3.067315,-0.26042148,0.45,0.5,3.9653888,10.689113,3.0,3.0,1.0,24.834053,0.0,2.0,2.0,140.0,0.0,1.0,1.0,0.0,16.0,0,1716721265.7991965,synthetic_000,test
6.1617985,12.33865,1.683712,0.36666667,0.4,3.787648,10.689113,4.0,4.0,1.0,19.524446,1.0,2.0,2.0,160.0,1.0,1.0,1.0,0.0,16.0,0,1716721270.7991965,synthetic_000,test
6.564733,12.469298,1.180352,0.43333334,0.6666667,3.815326,10.689113,4.0,4.0,1.0,11.632829,1.0,3.0,3.0,160.0,1.0,1.0,1.0,1.0,4.0,1,1716721275.7991965,synthetic_000,test
7.561436,12.041127,1.4242684,0.35,0.5,3.4772282,10.689113,4.0,4.0,1.0,13.354503,1.0,3.0,3.0,180.0,1.0,1.0,1.0,1.0,4.0,1,1716721280.7991965,synthetic_000,test
6.2450514,11.171475,-0.9321374,0.6,1.0,2.8366554,10.689113,4.0,4.0,1.0,9.32459,2.0,3.0,3.0,220.0,1.0,1.0,1.0,1.0,4.0,1,1716721285.7991965,synthetic_000,test
6.2450514,11.171475,-0.9321374,0.6,1.0,2.8366554,10.689113,4.0,4.0,1.0,9.32459,2.0,3.0,3.0,220.0,1.0,1.0,1.0,1.0,4.0,1,1716721290.7991965,synthetic_000,test
6.6758995,10.738855,-0.91358215,0.33333334,0.6,2.5566874,9.096507,4.0,4.0,1.0,12.739361,2.0,3.0,3.0,240.0,1.0,1.0,1.0,1.0,10.0,1,1716721295.7991965,synthetic_000,test
4.503496,5.6817384,-0.21047069,0.43333334,0.5,2.5302494,9.096507,4.0,3.0,1.0,19.09956,1.0,3.0,3.0,240.0,1.0,1.0,1.0,1.0,19.0,1,1716721300.7991965,synthetic_000,test
22.824976,73.188835,3.969832,0.46666667,0.6,2.0291226,9.096507,3.0,3.0,0.0,27.686768,1.0,1.0,1.0,302.0,1.0,1.0,1.0,0.0,19.0,1,1716721305.7991965,synthetic_000,test
21.789307,73.40894,3.1909242,0.53333336,0.6,2.2524204,9.096507,4.0,3.0,0.0,28.56034,0.0,1.0,1.0,303.0,1.0,1.0,1.0,0.0,19.0,1,1716721310.7991965,synthetic_000,test
57.354137,113.85811,7.738374,0.25,0.6,1.8526664,9.096507,3.0,3.0,1.0,15.810934,1.0,3.0,3.0,354.0,1.0,1.0,1.0,1.0,10.0,1,1716721315.7991965,synthetic_000,test
51.66545,108.696045,3.9214423,0.3125,0.6,1.8115736,9.096507,3.0,3.0,1.0,15.993721,2.0,3.0,3.0,398.0,1.0,1.0,1.0,1.0,10.0,1,1716721320.7991965,synthetic_000,test
57.006218,114.02066,3.3523002,0.375,0.6,1.426691,4.121913,2.0,3.0,1.0,11.98223,2.0,3.0,3.0,358.0,1.0,1.0,1.0,1.0,21.0,1,1716721325.7991965,synthetic_000,test
58.208035,109.87678,-2.4904878,0.3,0.6,1.5292017,7.6410537,2.0,3.0,1.0,10.270568,3.0,4.0,4.0,386.0,1.0,1.0,1.0,1.0,21.0,1,1716721330.7991965,synthetic_000,test
50.324608,102.093185,-5.6048837,0.2,0.4,1.9104068,7.6410537,3.0,4.0,1.0,9.813676,3.0,4.0,4.0,328.0,1.0,1.0,1.0,1.0,23.0,1,1716721335.7991965,synthetic_000,test
47.179317,99.43056,-7.946091,0.4,1.0,1.7265248,7.6410537,2.0,4.0,1.0,9.910976,3.0,4.0,4.0,351.0,1.0,1.0,1.0,1.0,10.0,1,1716721340.7991965,synthetic_000,test
9.429774,13.868488,-0.7921735,0.26666668,0.4,2.5376208,7.6410537,3.0,4.0,0.0,16.706459,2.0,4.0,4.0,264.0,1.0,1.0,1.0,1.0,11.0,1,1716721345.7991965,synthetic_000,test
10.318268,14.199541,-1.8347257,0.2,0.4,2.6590288,7.6410537,3.0,4.0,0.0,15.7151,1.0,4.0,4.0,242.0,1.0,1.0,1.0,1.0,11.0,1,1716721350.7991965,synthetic_000,test
21.247835,36.5977,2.292453,0.15,0.4,2.2067435,7.6410537,4.0,4.0,1.0,24.601776,1.0,4.0,4.0,376.0,1.0,1.0,1.0,1.0,11.0,1,1716721355.7991965,synthetic_000,test
19.04933,37.13493,2.242236,0.1,0.4,2.0166705,6.6052113,3.0,4.0,1.0,28.039194,0.0,4.0,4.0,357.0,1.0,1.0,1.0,1.0,14.0,0,1716721360.7991965,synthetic_000,test
19.983639,38.246933,1.3465796,0.13333334,0.4,2.0921583,6.6052113,3.0,4.0,1.0,29.417213,0.0,3.0,3.0,336.0,1.0,1.0,1.0,1.0,2.0,0,1716721365.7991965,synthetic_000,test
19.983639,38.246933,-0.79452455,0.13333334,0.4,2.0841007,6.6052113,3.0,4.0,1.0,24.6563,0.0,3.0,3.0,338.0,1.0,1.0,1.0,1.0,2.0,1,1716721370.7991965,synthetic_000,test
21.152658,39.39993,-2.5102525,0.16666667,0.5,1.8043122,6.26089,2.0,4.0,1.0,23.537935,0.0,3.0,3.0,317.0,1.0,1.0,1.0,1.0,2.0,1,1716721375.7991965,synthetic_000,test
17.010021,36.637897,-3.0605972,0.45,1.0,1.9187073,6.26089,3.0,4.0,1.0,28.923916,0.0,3.0,3.0,387.0,1.0,1.0,1.0,1.0,2.0,1,1716721380.7991965,synthetic_000,test
3.6772408,5.3446765,-0.7103776,0.5555556,0.8,2.2712867,6.26089,3.0,4.0,1.0,27.557436,0.0,3.0,3.0,299.0,1.0,1.0,1.0,1.0,16.0,1,1716721385.7991965,synthetic_000,test
1.7634085,2.9107795,0.23550142,0.6333333,0.8,2.5603118,6.26089,4.0,3.0,1.0,24.462852,0.0,2.0,2.0,276.0,1.0,1.0,1.0,0.0,16.0,1,1716721390.7991965,synthetic_000,test
1.6036868,2.9538727,0.17464401,0.8,1.0,2.4863868,5.5408874,4.0,3.0,1.0,27.962748,0.0,2.0,2.0,276.0,1.0,1.0,1.0,0.0,16.0,1,1716721395.7991965,synthetic_000,test
6.96142,12.392109,1.6662184,0.46666667,0.8,2.4352846,5.5408874,5.0,3.0,1.0,29.327618,0.0,2.0,2.0,299.0,1.0,1.0,1.0,0.0,16.0,1,1716721400.7991965,synthetic_000,test
7.4876833,12.453787,1.7622167,0.46666667,1.0,2.3329625,5.5408874,5.0,3.0,0.0,24.787626,0.0,2.0,2.0,299.0,1.0,1.0,0.0,0.0,16.0,1,1716721405.7991965,synthetic_000,test
9.733988,13.509283,0.93786347,0.4,0.6,2.6597185,5.3737884,5.0,3.0,0.0,23.314104,0.0,2.0,2.0,230.0,1.0,1.0,1.0,1.0,24.0,1,1716721410.7991965,synthetic_000,test
9.099385,13.831332,-0.9988227,0.5,0.6,2.9046023,5.3737884,5.0,4.0,0.0,27.497715,0.0,2.0,2.0,230.0,1.0,1.0,1.0,1.0,24.0,1,1716721415.7991965,synthetic_000,test
8.804727,13.8945055,-2.3902988,0.5,0.8,3.0592122,5.3737884,5.0,4.0,0.0,20.174667,1.0,2.0,2.0,230.0,1.0,1.0,1.0,1.0,24.0,1,1716721420.7991965,synthetic_000,test
8.804727,13.8945055,-3.4575386,0.5,0.8,2.8359632,5.3487573,5.0,4.0,0.0,19.595789,1.0,2.0,2.0,230.0,1.0,1.0,1.0,1.0,24.0,1,1716721425.7991965,synthetic_000,test
2.0991313,4.3353634,-0.941915,0.8,1.0,3.4635184,5.3487573,5.0,4.0,0.0,13.353624,1.0,2.0,2.0,184.0,1.0,1.0,1.0,1.0,24.0,0,1716721430.7991965,synthetic_000,test
0.68625885,1.8156703,3.014846e-17,0.9,1.0,3.8153212,5.3487573,5.0,4.0,0.0,12.204852,1.0,2.0,2.0,161.0,1.0,1.0,1.0,1.0,24.0,0,1716721435.7991965,synthetic_000,test
0.68625885,1.8156703,-0.17156471,0.9,1.0,4.857564,12.644458,5.0,4.0,0.0,20.470905,1.0,2.0,2.0,161.0,1.0,1.0,1.0,0.0,19.0,0,1716721440.7991965,synthetic_000,test
0.80063534,1.961148,-0.68625885,0.9,1.0,5.112626,12.644458,5.0,4.0,0.0,28.177742,0.0,2.0,2.0,138.0,1.0,1.0,1.0,0.0,19.0,0,1716721445.7991965,synthetic_000,test
0.0,0.0,0.0,1.0,1.0,6.055337,12.644458,4.0,4.0,0.0,21.08005,0.0,2.0,2.0,92.0,0.0,1.0,1.0,0.0,16.0,0,1716721450.7991965,synthetic_000,test
0.32071853,0.64143705,0.3848622,0.75,0.75,7.6085114,12.644458,4.0,4.0,0.0,26.294128,0.0,1.0,1.0,92.0,1.0,0.0,1.0,0.0,16.0,1,1716721455.7991965,synthetic_000,test
0.2565748,0.5737187,6.5716923e-18,0.8,0.8,6.078972,12.644458,3.0,4.0,0.0,17.7504,0.0,1.0,1.0,115.0,1.0,1.0,1.0,0.0,18.0,1,1716721460.7991965,synthetic_000,test
0.6061886,0.9983493,0.29966897,0.4,0.8,5.9153347,12.644458,4.0,4.0,0.0,22.84755,0.0,1.0,1.0,138.0,1.0,1.0,1.0,0.0,18.0,1,1716721465.7991965,synthetic_000,test
4.633382,7.339656,1.2029504,0.5,0.6,2.990766,9.353997,3.0,4.0,0.0,25.611986,0.0,1.0,1.0,230.0,1.0,1.0,1.0,0.0,26.0,1,1716721470.7991965,synthetic_000,test
5.148202,7.5909595,1.2679416,0.425,0.6,2.8457763,9.353997,2.0,4.0,0.0,16.25799,0.0,1.0,1.0,207.0,1.0,1.0,1.0,0.0,26.0,1,1716721475.7991965,synthetic_000,test
4.3625784,7.020696,0.3305533,0.6,1.0,3.1060984,9.353997,3.0,4.0,0.0,24.813084,0.0,1.0,1.0,253.0,1.0,1.0,1.0,0.0,26.0,1,1716721480.7991965,synthetic_000,test
3.8921242,6.867747,-0.19079024,0.6666667,1.0,2.6123745,7.2527432,3.0,4.0,0.0,29.52624,0.0,1.0,1.0,276.0,1.0,1.0,1.0,0.0,26.0,1,1716721485.7991965,synthetic_000,test
6.3694487,7.6178093,0.21190162,0.33333334,0.6,2.3710203,7.2527432,3.0,4.0,1.0,25.726116,0.0,2.0,2.0,299.0,1.0,1.0,1.0,0.0,26.0,1,1716721490.7991965,synthetic_000,test
8.60627,11.730126,0.7422103,0.3,0.6,1.9556708,7.2527432,2.0,4.0,1.0,24.860374,1.0,2.0,2.0,368.0,1.0,1.0,1.0,0.0,1.0,1,1716721495.7991965,synthetic_000,test
8.272135,12.626527,1.5905201,0.26666668,0.6,2.2538514,7.2527432,2.0,4.0,1.0,14.845105,1.0,2.0,2.0,276.0,0.0,1.0,0.0,0.0,1.0,1,1716721500.7991965,synthetic_000,test
7.137719,11.561934,0.44766796,0.4,0.6,2.3273878,7.2527432,3.0,4.0,1.0,16.594843,1.0,2.0,2.0,345.0,1.0,1.0,1.0,0.0,1.0,1,1716721505.7991965,synthetic_000,test
7.773487,11.762604,0.0045108427,0.36666667,0.5,2.133356,5.8632994,3.0,4.0,1.0,13.044384,1.0,2.0,2.0,322.0,1.0,1.0,1.0,0.0,1.0,1,1716721510.7991965,synthetic_000,test
8.235999,11.558975,-0.7956835,0.3,0.5,2.1026049,5.8632994,3.0,4.0,1.0,17.847666,1.0,2.0,2.0,322.0,1.0,1.0,1.0,0.0,1.0,0,1716721515.7991965,synthetic_000,test
6.6005535,12.212486,-1.0001537,0.53333336,1.0,2.2676728,5.8632994,3.0,4.0,1.0,21.379313,1.0,2.0,2.0,276.0,1.0,1.0,1.0,0.0,19.0,0,1716721520.7991965,synthetic_000,test
2.8920786,2.877844,-0.102787964,0.4,0.4,2.892907,5.8632994,4.0,4.0,1.0,26.113474,0.0,3.0,3.0,230.0,1.0,1.0,1.0,0.0,19.0,0,1716721525.7991965,synthetic_000,test
2.7398677,3.0094173,-0.027175143,0.45,0.5,2.9014971,5.8632994,4.0,3.0,1.0,20.250175,0.0,3.0,3.0,207.0,1.0,0.0,1.0,0.0,19.0,0,1716721530.7991965,synthetic_000,test
2.0559833,2.3408062,-0.42525735,0.45,0.5,3.259091,7.2938676,4.0,4.0,1.0,25.820555,0.0,4.0,4.0,207.0,1.0,1.0,1.0,1.0,19.0,0,1716721535.7991965,synthetic_000,test
1.8857845,2.4421687,-0.46162578,0.53333336,0.6666667,3.2275693,7.2938676,3.0,4.0,1.0,23.967321,0.0,4.0,4.0,184.0,1.0,1.0,1.0,1.0,19.0,0,1716721540.7991965,synthetic_000,test
1.2301582,1.7164866,-0.344352,0.7,1.0,4.0387955,8.555908,3.0,4.0,1.0,26.920465,0.0,4.0,4.0,161.0,1.0,1.0,1.0,1.0,10.0,0,1716721545.7991965,synthetic_000,test
1.6129379,1.6950661,-0.36480683,0.45,0.5,4.485569,8.555908,4.0,4.0,0.0,26.914621,0.0,4.0,4.0,161.0,1.0,1.0,1.0,1.0,10.0,0,1716721550.7991965,synthetic_000,test
31.08262,87.429375,17.965416,0.425,0.6,3.4069748,8.555908,4.0,4.0,0.0,12.982726,1.0,4.0,4.0,207.0,1.0,1.0,1.0,1.0,25.0,0,1716721555.7991965,synthetic_000,test
24.222198,75.60133,4.9710507,0.43333334,0.6,3.0429652,8.555908,5.0,4.0,0.0,17.046001,1.0,4.0,4.0,276.0,1.0,1.0,1.0,1.0,25.0,1,1716721560.7991965,synthetic_000,test
26.635382,78.816826,0.15632959,0.26666668,0.4,2.6359386,8.555908,5.0,4.0,1.0,16.723158,1.0,4.0,4.0,253.0,1.0,1.0,1.0,1.0,25.0,1,1716721565.7991965,synthetic_000,test
26.635382,78.816826,0.15632959,0.26666668,0.4,2.6359386,8.555908,5.0,4.0,1.0,16.723158,1.0,4.0,4.0,253.0,1.0,1.0,1.0,1.0,25.0,1,1716721570.7991965,synthetic_000,test
26.635382,78.816826,-2.5072086,0.53333336,1.0,2.8744252,11.179262,5.0,4.0,1.0,24.672873,1.0,4.0,4.0,253.0,1.0,1.0,1.0,1.0,22.0,1,1716721575.7991965,synthetic_000,test
29.030973,82.65701,-4.9400063,0.4,0.6,2.714016,11.179262,4.0,4.0,1.0,23.05009,0.0,3.0,3.0,230.0,1.0,1.0,1.0,1.0,22.0,1,1716721580.7991965,synthetic_000,test
1.8613542,2.7634146,-0.52202225,0.7,1.0,3.9123323,11.179262,4.0,4.0,0.0,28.10919,0.0,3.0,3.0,184.0,1.0,1.0,1.0,1.0,16.0,1,1716721585.7991965,synthetic_000,test
8.855657,19.811588,6.6835823,0.4,0.8,4.2816534,11.179262,3.0,4.0,1.0,25.1514,0.0,3.0,3.0,138.0,1.0,0.0,0.0,0.0,16.0,1,1716721590.7991965,synthetic_000,test
9.83318,21.98766,4.91659,0.8,0.8,5.7215896,11.179262,3.0,4.0,0.0,17.428686,0.0,1.0,1.0,115.0,0.0,1.0,0.0,0.0,18.0,1,1716721595.7991965,synthetic_000,test
7.286113,18.479935,0.13120627,0.65,0.8,5.2682447,11.179262,4.0,4.0,0.0,25.698452,0.0,2.0,2.0,162.0,0.0,1.0,0.0,0.0,17.0,1,1716721600.7991965,synthetic_000,test
7.286113,18.479935,-1.6903219,0.8,1.0,4.211977,8.89316,4.0,4.0,0.0,20.59068,0.0,2.0,2.0,163.0,0.0,1.0,0.0,0.0,17.0,1,1716721605.7991965,synthetic_000,test
7.586696,15.533813,-0.33132812,0.6,0.6,3.3017018,8.89316,4.0,4.0,1.0,24.123857,0.0,2.0,2.0,235.0,1.0,1.0,0.0,0.0,26.0,1,1716721610.7991965,synthetic_000,test
8.650415,16.115807,-2.2197986,0.425,0.6,3.1503396,6.5327888,4.0,4.0,1.0,28.108984,0.0,2.0,2.0,213.0,1.0,1.0,0.0,0.0,26.0,1,1716721615.7991965,synthetic_000,test
4.579682,6.806188,1.1810228,0.5,0.8,3.3872962,6.5327888,5.0,4.0,1.0,27.39225,0.0,2.0,2.0,238.0,1.0,1.0,0.0,0.0,16.0,0,1716721620.7991965,synthetic_000,test
5.292726,6.6446834,1.0148427,0.4,0.6,2.9075177,6.5327888,4.0,4.0,1.0,22.542389,0.0,2.0,2.0,239.0,1.0,1.0,0.0,0.0,16.0,0,1716721625.7991965,synthetic_000,test
5.903037,6.7514653,0.39171338,0.325,0.4,2.9662828,6.0399413,4.0,4.0,1.0,22.911156,0.0,2.0,2.0,216.0,1.0,1.0,0.0,0.0,16.0,0,1716721630.7991965,synthetic_000,test
5.903037,6.7514653,-0.49374214,0.325,0.4,2.9682252,6.0399413,4.0,4.0,1.0,25.22719,0.0,2.0,2.0,216.0,1.0,1.0,0.0,0.0,16.0,1,1716721635.7991965,synthetic_000,test
4.0375943,6.2920833,-0.7511554,0.6,1.0,4.1193376,6.0399413,5.0,4.0,0.0,22.795422,0.0,2.0,2.0,168.0,1.0,1.0,1.0,1.0,16.0,1,1716721640.7991965,synthetic_000,test
4.3793974,6.821071,-1.6120125,0.7,1.0,3.799237,5.8911333,4.0,4.0,0.0,17.73283,0.0,2.0,2.0,144.0,1.0,1.0,1.0,1.0,16.0,1,1716721645.7991965,synthetic_000,test
4.373192,6.807176,1.245591,0.3,0.6,4.7855406,10.978883,4.0,4.0,0.0,27.030317,0.0,2.0,2.0,144.0,1.0,1.0,1.0,1.0,15.0,1,1716721650.7991965,synthetic_000,test
3.1847851,6.851814,1.1722988,0.8,1.0,4.927046,10.978883,4.0,4.0,0.0,23.67114,0.0,1.0,1.0,144.0,1.0,1.0,1.0,1.0,15.0,1,1716721655.7991965,synthetic_000,test
2.4388218,6.4525156,1.3447172e-16,0.9,1.0,4.541085,10.978883,4.0,4.0,0.0,27.984724,0.0,1.0,1.0,168.0,1.0,1.0,1.0,1.0,17.0,1,1716721660.7991965,synthetic_000,test
3.6487288,6.075284,0.2563018,0.56666666,0.8,3.993223,10.978883,3.0,4.0,1.0,23.00486,1.0,3.0,3.0,192.0,0.0,1.0,1.0,1.0,17.0,1,1716721665.7991965,synthetic_000,test
4.0708027,5.9003534,-0.15731174,0.4,0.8,3.7306437,10.978883,3.0,4.0,1.0,14.149701,1.0,3.0,3.0,192.0,0.0,1.0,1.0,1.0,10.0,1,1716721670.7991965,synthetic_000,test
4.0708027,5.9003534,-0.15731174,0.4,0.8,3.7306437,10.978883,3.0,4.0,1.0,14.149701,1.0,3.0,3.0,192.0,0.0,1.0,1.0,1.0,10.0,1,1716721675.7991965,synthetic_000,test
4.8238835,7.4605317,2.0228696,0.3,0.6,3.9009829,12.502421,3.0,4.0,1.0,14.337953,2.0,3.0,3.0,192.0,0.0,1.0,1.0,1.0,10.0,1,1716721680.7991965,synthetic_000,test
5.593806,6.84321,0.74953353,0.3,0.4,3.394027,12.502421,3.0,4.0,1.0,8.51735,3.0,3.0,3.0,240.0,1.0,1.0,1.0,1.0,10.0,1,1716721685.7991965,synthetic_000,test
5.6336765,6.4933863,-0.5446498,0.46666667,1.0,2.7215962,12.502421,2.0,4.0,1.0,12.705057,3.0,3.0,3.0,264.0,1.0,1.0,1.0,1.0,16.0,1,1716721690.7991965,synthetic_000,test
4.985236,7.061725,-0.9718391,0.4,0.8,3.0598733,12.502421,3.0,4.0,1.0,16.226912,2.0,3.0,3.0,240.0,1.0,1.0,1.0,1.0,27.0,1,1716721695.7991965,synthetic_000,test
5.0322914,6.9729257,-0.82089585,0.33333334,0.8,2.7829514,12.502421,2.0,4.0,1.0,13.17094,2.0,3.0,3.0,264.0,1.0,1.0,1.0,1.0,27.0,1,1716721700.7991965,synthetic_000,test
4.9005356,6.664072,-0.6922687,0.33333334,0.8,2.8407912,12.502421,3.0,4.0,1.0,16.190304,2.0,3.0,3.0,288.0,1.0,1.0,1.0,1.0,27.0,1,1716721705.7991965,synthetic_000,test
4.156796,4.925528,0.02937167,0.41666666,0.6,2.155351,5.2369757,3.0,4.0,1.0,26.345541,1.0,3.0,3.0,336.0,1.0,1.0,1.0,1.0,21.0,1,1716721710.7991965,synthetic_000,test
3.622336,4.7492313,0.28992903,0.33333334,0.8,2.4575763,5.2369757,4.0,4.0,1.0,25.209848,1.0,3.0,3.0,288.0,0.0,1.0,1.0,1.0,21.0,1,1716721715.7991965,synthetic_000,test
3.7435648,5.0445857,-0.0028283063,0.4,0.4,3.143705,6.0598764,5.0,4.0,1.0,21.451853,1.0,3.0,3.0,240.0,0.0,1.0,1.0,1.0,21.0,1,1716721720.7991965,synthetic_000,test
4.5445404,5.3054204,-0.01483463,0.36666667,0.5,2.642016,6.0598764,5.0,4.0,1.0,17.201344,1.0,3.0,3.0,288.0,0.0,1.0,1.0,1.0,21.0,1,1716721725.7991965,synthetic_000,test
4.6801744,5.006058,0.0041596615,0.2,0.4,2.7608776,6.0598764,6.0,4.0,0.0,17.297876,1.0,3.0,3.0,288.0,0.0,1.0,1.0,1.0,21.0,1,1716721730.7991965,synthetic_000,test
6.56928,9.49928,0.28966302,0.33333334,0.4,2.3211596,6.0598764,6.0,4.0,1.0,21.692307,1.0,3.0,3.0,362.0,1.0,1.0,1.0,1.0,2.0,1,1716721735.7991965,synthetic_000,test
6.536477,10.144686,0.22560234,0.36666667,0.5,2.560149,6.0598764,6.0,4.0,0.0,26.141418,0.0,2.0,2.0,291.0,1.0,0.0,1.0,1.0,2.0,1,1716721740.7991965,synthetic_000,test
7.694254,10.895655,0.4031831,0.35,0.4,2.095187,6.0598764,5.0,4.0,1.0,23.27274,0.0,2.0,2.0,343.0,1.0,1.0,1.0,1.0,2.0,1,1716721745.7991965,synthetic_000,test
8.286119,11.103841,0.20804603,0.31111112,0.4,1.7902108,5.0343237,4.0,4.0,1.0,20.243584,0.0,2.0,2.0,319.0,1.0,1.0,1.0,1.0,2.0,1,1716721750.7991965,synthetic_000,test
7.1879125,10.862918,-0.6064276,0.36666667,0.5,2.0168645,7.5824556,4.0,3.0,1.0,25.010197,0.0,2.0,2.0,351.0,1.0,1.0,1.0,0.0,6.0,1,1716721755.7991965,synthetic_000,test
7.510311,11.75741,-1.164877,0.43333334,0.5,1.9368459,7.5824556,3.0,3.0,1.0,22.907286,0.0,2.0,2.0,303.0,1.0,1.0,1.0,0.0,6.0,1,1716721760.7991965,synthetic_000,test
6.803691,9.249887,0.437108,0.2,0.4,2.675668,9.048365,3.0,4.0,1.0,24.398024,0.0,3.0,3.0,286.0,1.0,1.0,1.0,0.0,6.0,1,1716721765.7991965,synthetic_000,test
19.260614,37.120834,5.119505,0.2,0.4,1.9994391,9.048365,2.0,4.0,1.0,23.743761,0.0,3.0,3.0,342.0,1.0,1.0,1.0,0.0,6.0,1,1716721770.7991965,synthetic_000,test
17.796986,35.926567,2.0433578,0.21666667,0.4,2.2671585,9.048365,3.0,4.0,1.0,24.157764,0.0,3.0,3.0,374.0,1.0,1.0,1.0,0.0,19.0,1,1716721775.7991965,synthetic_000,test
14.656342,33.130283,0.223351,0.45,1.0,2.1201236,9.048365,4.0,4.0,1.0,28.459644,0.0,3.0,3.0,455.0,1.0,1.0,1.0,1.0,19.0,1,1716721780.7991965,synthetic_000,test
34.733635,76.015854,4.115482,0.25,0.8,1.8516779,9.048365,4.0,4.0,1.0,22.430159,0.0,3.0,3.0,460.0,1.0,1.0,1.0,1.0,17.0,1,1716721785.7991965,synthetic_000,test
31.28438,72.412285,1.971978,0.3125,0.8,1.8551546,9.048365,5.0,4.0,1.0,26.199572,0.0,3.0,3.0,516.0,1.0,1.0,1.0,1.0,17.0,1,1716721790.7991965,synthetic_000,test
35.241127,78.55227,1.5210369,0.3,0.8,1.4933656,5.4685454,4.0,4.0,1.0,22.800264,0.0,1.0,1.0,435.0,1.0,1.0,1.0,1.0,19.0,1,1716721795.7991965,synthetic_000,test
27.566214,79.31938,3.405897,0.5,0.6,2.2583685,9.317993,5.0,4.0,0.0,26.148611,0.0,1.0,1.0,382.0,1.0,1.0,1.0,1.0,25.0,1,1716721800.7991965,synthetic_000,test
35.83602,78.84686,1.3554236,0.4,0.8,2.0142581,9.317993,5.0,4.0,1.0,23.389381,1.0,2.0,2.0,386.0,1.0,1.0,1.0,1.0,16.0,1,1716721805.7991965,synthetic_000,test
41.808693,84.11153,-4.860488,0.36666667,0.5,2.4300246,9.317993,5.0,3.0,1.0,23.27418,1.0,2.0,2.0,334.0,1.0,1.0,0.0,0.0,16.0,1,1716721810.7991965,synthetic_000,test
16.452364,22.279419,1.5151874,0.4,0.4,2.69496,9.317993,4.0,4.0,1.0,15.739516,1.0,2.0,2.0,283.0,1.0,1.0,0.0,0.0,16.0,1,1716721815.7991965,synthetic_000,test
17.84358,23.165598,-1.7020907,0.475,0.75,2.9887552,9.317993,4.0,4.0,1.0,9.767113,1.0,2.0,2.0,257.0,1.0,1.0,0.0,0.0,16.0,0,1716721820.7991965,synthetic_000,test
15.074719,21.618351,-2.1683867,0.26666668,0.6,3.3368096,9.317993,6.0,4.0,1.0,17.428036,1.0,2.0,2.0,317.0,1.0,1.0,1.0,1.0,16.0,0,1716721825.7991965,synthetic_000,test
12.755531,20.530674,-3.1327822,0.53333336,1.0,2.3022845,6.1435785,5.0,4.0,1.0,19.356789,1.0,2.0,2.0,379.0,1.0,1.0,1.0,1.0,11.0,0,1716721830.7991965,synthetic_000,test
2.1525652,4.648713,-0.4168398,0.675,0.75,2.712059,6.1435785,4.0,4.0,0.0,19.14597,0.0,1.0,1.0,267.0,1.0,1.0,1.0,1.0,11.0,0,1716721835.7991965,synthetic_000,test
2.1124172,4.086024,-0.31407398,0.56666666,0.8,2.586376,8.300601,4.0,4.0,0.0,28.8065,0.0,1.0,1.0,358.0,1.0,1.0,1.0,1.0,11.0,0,1716721840.7991965,synthetic_000,test
14.246755,21.220442,2.4282994,0.3,0.6,1.8498793,8.300601,4.0,0.0,0.0,29.579218,0.0,1.0,1.0,544.0,1.0,1.0,1.0,1.0,0.0,0,1716721845.7991965,synthetic_000,test
68.72039,98.15291,7.2458515,0.16666667,0.6,1.1444955,8.300601,3.0,0.0,0.0,25.902294,0.0,1.0,1.0,855.0,1.0,1.0,1.0,1.0,0.0,0,1716721850.7991965,synthetic_000,test
52.892906,75.04035,1.4139991,0.15,0.4,0.4411368,1.5075687,0.0,0.0,0.0,26.381815,0.0,0.0,0.0,119.0,0.0,0.0,0.0,0.0,0.0,1,1716720030.0863938,synthetic_001,train
57.895584,80.073235,1.3242805,0.1845238,0.6666667,0.52251464,4.4864945,1.0,0.0,0.0,25.857357,0.0,0.0,0.0,115.0,0.0,0.0,0.0,0.0,0.0,1,1716720035.0863938,synthetic_001,train
61.346478,85.1973,1.0957505,0.19387755,0.5,0.6432103,7.267472,2.0,4.0,0.0,27.51875,0.0,1.0,1.0,110.0,0.0,1.0,0.0,0.0,0.0,1,1716720040.0863938,synthetic_001,train
59.794445,90.74593,0.040821727,0.33333334,1.0,0.80505925,7.267472,3.0,4.0,0.0,29.625135,0.0,1.0,1.0,110.0,0.0,1.0,1.0,0.0,0.0,1,1716720045.0863938,synthetic_001,train
64.07592,96.81806,-2.3112838,0.27142859,0.6,0.8832651,7.267472,3.0,4.0,0.0,28.023907,0.0,2.0,2.0,96.0,1.0,1.0,1.0,0.0,0.0,1,1716720050.0863938,synthetic_001,train
11.371578,21.369463,0.26761922,0.45,0.8,1.4998374,7.267472,3.0,4.0,0.0,29.103386,0.0,2.0,2.0,60.0,1.0,1.0,1.0,0.0,0.0,1,1716720055.0863938,synthetic_001,train
11.437994,21.86774,0.025403645,0.4125,0.6,1.6853079,7.267472,4.0,4.0,1.0,27.534355,0.0,2.0,2.0,57.0,1.0,1.0,1.0,1.0,3.0,1,1716720060.0863938,synthetic_001,train
12.073438,22.320486,-0.19438775,0.38333333,0.4,1.5296865,7.267472,3.0,4.0,1.0,20.266884,0.0,2.0,2.0,54.0,1.0,1.0,1.0,1.0,3.0,1,1716720065.0863938,synthetic_001,train
11.108911,21.33428,-0.6815664,0.4,0.6,1.5506016,6.71141,3.0,4.0,1.0,27.583374,0.0,3.0,3.0,60.0,1.0,1.0,1.0,1.0,18.0,1,1716720070.0863938,synthetic_001,train
11.553425,23.056122,-1.8037474,0.425,0.5,1.5030812,6.71141,2.0,4.0,1.0,24.880934,0.0,4.0,4.0,51.0,1.0,1.0,1.0,1.0,18.0,1,1716720075.0863938,synthetic_001,train
5.3150077,10.487626,-0.41976064,0.46666667,0.6,2.1040509,6.71141,4.0,4.0,1.0,29.507793,0.0,4.0,4.0,45.0,1.0,1.0,1.0,1.0,18.0,1,1716720080.0863938,synthetic_001,train
3.4454384,5.2575207,0.5641501,0.4,0.4,2.9672744,6.71141,4.0,4.0,1.0,26.061226,0.0,4.0,4.0,30.0,1.0,1.0,1.0,1.0,18.0,0,1716720085.0863938,synthetic_001,train
5.4753394,8.429114,1.2711099,0.33333334,0.6,2.547511,6.71141,3.0,3.0,1.0,23.858723,0.0,4.0,4.0,36.0,1.0,1.0,0.0,0.0,11.0,0,1716720090.0863938,synthetic_001,train
4.693148,8.004532,0.5101743,0.5,0.6,2.505674,6.71141,4.0,3.0,1.0,26.341738,1.0,4.0,4.0,42.0,1.0,1.0,1.0,0.0,24.0,0,1716720095.0863938,synthetic_001,train
5.9908648,8.832223,0.4468202,0.5,0.6,1.9626105,5.9985924,3.0,3.0,1.0,18.823723,1.0,4.0,4.0,44.0,1.0,1.0,1.0,0.0,24.0,0,1716720100.0863938,synthetic_001,train
5.9908648,8.832223,0.078151606,0.5,0.6,2.2894962,5.9985924,4.0,3.0,1.0,16.749228,1.0,4.0,4.0,45.0,1.0,1.0,1.0,0.0,24.0,1,1716720105.0863938,synthetic_001,train
5.8479743,8.917518,-0.5844428,0.6,1.0,1.9628783,5.699734,3.0,3.0,1.0,12.618932,1.0,2.0,2.0,47.0,1.0,1.0,1.0,0.0,24.0,1,1716720110.0863938,synthetic_001,train
5.386177,9.308489,-0.83682746,0.73333335,1.0,2.070782,5.699734,3.0,3.0,0.0,12.912779,1.0,2.0,2.0,38.0,0.0,0.0,1.0,0.0,24.0,1,1716720115.0863938,synthetic_001,train
3.084444,6.8099856,-0.42229822,0.8,1.0,2.283712,5.699734,3.0,3.0,0.0,12.299088,1.0,1.0,1.0,29.0,0.0,0.0,1.0,0.0,24.0,1,1716720120.0863938,synthetic_001,train
3.084444,6.8099856,-1.5973246,0.8,1.0,3.6437442,13.718195,3.0,3.0,0.0,26.927217,0.0,1.0,1.0,31.0,0.0,0.0,0.0,0.0,16.0,1,1716720125.0863938,synthetic_001,train
10.856423,18.655413,4.1428447,0.6,1.0,3.3097112,13.718195,4.0,4.0,0.0,27.397377,0.0,1.0,1.0,40.0,1.0,1.0,1.0,0.0,16.0,1,1716720130.0863938,synthetic_001,train
10.308218,16.556623,1.1321228,0.51111114,0.8,2.4357655,13.718195,3.0,4.0,1.0,25.149181,1.0,2.0,2.0,52.0,1.0,1.0,1.0,0.0,23.0,1,1716720135.0863938,synthetic_001,train
11.167236,16.987555,0.03521743,0.5,0.6,2.428253,13.718195,2.0,4.0,1.0,12.8507,1.0,2.0,2.0,48.0,1.0,1.0,1.0,0.0,23.0,1,1716720140.0863938,synthetic_001,train
28.274874,73.97261,6.157202,0.35,0.6,2.2501063,13.718195,3.0,4.0,1.0,13.927192,2.0,2.0,2.0,64.0,1.0,1.0,1.0,0.0,24.0,1,1716720145.0863938,synthetic_001,train
25.133223,70.08418,3.3871014,0.51666665,0.6666667,2.3091457,13.718195,4.0,4.0,1.0,15.470238,3.0,3.0,3.0,72.0,1.0,1.0,1.0,0.0,16.0,1,1716720150.0863938,synthetic_001,train
26.611647,71.95122,2.358955,0.55,1.0,1.6425375,3.994664,3.0,4.0,1.0,11.510374,3.0,3.0,3.0,68.0,1.0,1.0,1.0,0.0,24.0,1,1716720155.0863938,synthetic_001,train
23.14473,76.78161,0.6719747,0.6,0.8,1.9914975,5.373293,4.0,4.0,1.0,13.490624,3.0,3.0,3.0,60.0,1.0,1.0,0.0,0.0,24.0,0,1716720160.0863938,synthetic_001,train
23.82955,79.585724,-3.2948837,0.56666666,0.8,2.204471,5.373293,5.0,4.0,1.0,18.302216,2.0,3.0,3.0,56.0,1.0,1.0,0.0,0.0,24.0,0,1716720165.0863938,synthetic_001,train
41.65971,103.199745,2.8177402,0.53333336,0.8,2.1354122,5.373293,6.0,4.0,1.0,18.928541,1.0,3.0,3.0,60.0,1.0,1.0,0.0,0.0,24.0,0,1716720170.0863938,synthetic_001,train
27.864048,87.40439,13.463912,0.46666667,0.8,2.2880468,5.373293,5.0,3.0,0.0,19.248955,1.0,3.0,3.0,44.0,1.0,1.0,0.0,0.0,4.0,0,1716720175.0863938,synthetic_001,train
30.766651,91.57341,12.442454,0.5,0.6,2.993276,10.327164,5.0,4.0,1.0,28.184683,0.0,3.0,3.0,40.0,0.0,1.0,0.0,0.0,4.0,0,1716720180.0863938,synthetic_001,train
34.185165,96.44911,14.544488,0.425,0.6,3.1316314,10.327164,5.0,4.0,1.0,22.81139,0.0,3.0,3.0,36.0,0.0,1.0,0.0,0.0,4.0,0,1716720185.0863938,synthetic_001,train
35.257576,96.073074,0.30237484,0.325,0.4,3.3733559,10.327164,5.0,4.0,0.0,27.242683,0.0,3.0,3.0,36.0,0.0,1.0,0.0,0.0,4.0,0,1716720190.0863938,synthetic_001,train
43.633263,109.25637,-20.044786,0.45,0.5,3.8665442,10.327164,4.0,4.0,0.0,23.54594,0.0,3.0,3.0,28.0,0.0,0.0,0.0,0.0,15.0,0,1716720195.0863938,synthetic_001,train
2.83017,3.9849715,0.7159092,0.4,0.4,4.7009487,10.327164,3.0,4.0,0.0,13.177579,0.0,3.0,3.0,20.0,0.0,0.0,0.0,0.0,15.0,0,1716720200.0863938,synthetic_001,train
2.358475,3.7468622,0.0047809607,0.7,1.0,5.367544,10.327164,4.0,4.0,0.0,21.878101,0.0,3.0,3.0,24.0,0.0,0.0,0.0,0.0,15.0,0,1716720205.0863938,synthetic_001,train
2.597773,4.137541,-0.35058054,0.6,0.6,4.3756204,8.700522,3.0,0.0,0.0,15.352146,0.0,3.0,3.0,20.0,0.0,0.0,0.0,0.0,17.0,0,1716720210.0863938,synthetic_001,train
2.164811,3.8496923,-0.5714422,0.8,1.0,5.4895525,11.059214,4.0,3.0,0.0,26.41136,0.0,3.0,3.0,24.0,0.0,0.0,0.0,0.0,17.0,1,1716720215.0863938,synthetic_001,train
0.0,0.0,0.0,1.0,1.0,7.1120915,11.059214,3.0,3.0,0.0,26.48505,0.0,3.0,3.0,16.0,0.0,0.0,1.0,1.0,17.0,1,1716720220.0863938,synthetic_001,train
0.57516426,1.4088589,0.49299794,0.5,1.0,5.387969,11.059214,4.0,3.0,0.0,23.62729,0.0,3.0,3.0,24.0,1.0,0.0,1.0,1.0,16.0,1,1716720225.0863938,synthetic_001,train
4.307689,5.952855,1.924043,0.5,1.0,3.9555843,11.059214,4.0,3.0,0.0,26.899736,0.0,3.0,3.0,36.0,1.0,0.0,1.0,1.0,23.0,1,1716720230.0863938,synthetic_001,train
3.4527776,5.3473444,0.17608322,0.6666667,1.0,2.6951838,11.059214,4.0,4.0,0.0,21.282991,0.0,1.0,1.0,48.0,1.0,0.0,1.0,1.0,16.0,1,1716720235.0863938,synthetic_001,train
3.3673754,5.1289444,0.10175014,0.5555556,0.8,2.88191,11.059214,5.0,4.0,1.0,26.405617,0.0,2.0,2.0,52.0,1.0,0.0,1.0,1.0,16.0,1,1716720240.0863938,synthetic_001,train
2.9183922,4.894074,-0.24654727,0.6,0.8,2.0046782,6.7253146,4.0,4.0,1.0,23.34486,0.0,2.0,2.0,60.0,1.0,0.0,1.0,1.0,16.0,1,1716720245.0863938,synthetic_001,train
2.8613973,4.733618,-0.35780877,0.65,1.0,1.9331199,5.9806404,4.0,4.0,1.0,28.901237,0.0,2.0,2.0,64.0,1.0,0.0,0.0,0.0,8.0,1,1716720250.0863938,synthetic_001,train
3.0236692,5.016919,-0.82346064,0.5833333,0.8,1.9559706,5.9806404,3.0,4.0,0.0,25.860973,0.0,2.0,2.0,56.0,1.0,0.0,0.0,0.0,8.0,1,1716720255.0863938,synthetic_001,train
6.193942,20.177645,1.4549452,0.6,0.8,2.1571302,5.9806404,4.0,4.0,1.0,27.85267,0.0,2.0,2.0,62.0,1.0,0.0,0.0,0.0,0.0,1,1716720260.0863938,synthetic_001,train
8.016813,22.42675,1.6306518,0.5,0.6,2.4107506,5.9806404,3.0,4.0,0.0,23.806381,0.0,2.0,2.0,51.0,1.0,0.0,0.0,0.0,8.0,1,1716720265.0863938,synthetic_001,train
8.532655,23.44659,1.8103421,0.4,0.8,2.1642165,5.9806404,2.0,4.0,0.0,21.87035,0.0,2.0,2.0,47.0,1.0,0.0,0.0,0.0,8.0,1,1716720270.0863938,synthetic_001,train
11.732401,27.247807,1.3892576,0.36666667,0.4,2.5177279,5.9806404,2.0,4.0,0.0,14.161182,0.0,2.0,2.0,35.0,1.0,0.0,0.0,0.0,4.0,1,1716720275.0863938,synthetic_001,train
13.230434,29.067553,-2.504525,0.2,0.4,4.0485477,15.783071,2.0,4.0,0.0,26.043402,0.0,2.0,2.0,32.0,1.0,0.0,0.0,0.0,4.0,1,1716720280.0863938,synthetic_001,train
12.125673,27.092127,-4.7158427,0.26666668,0.33333334,4.1041527,15.783071,3.0,4.0,1.0,28.363129,0.0,2.0,2.0,38.0,1.0,0.0,0.0,0.0,4.0,1,1716720285.0863938,synthetic_001,train
2.2218816,2.7690206,-1.2673818,0.4,0.4,5.996486,15.783071,3.0,4.0,1.0,27.96791,0.0,3.0,3.0,25.0,0.0,1.0,0.0,0.0,17.0,0,1716720290.0863938,synthetic_001,train
9.619749,17.43589,4.865432,0.3,0.6,3.9184291,15.783071,3.0,4.0,1.0,15.5643635,0.0,5.0,5.0,40.0,1.0,1.0,1.0,1.0,16.0,0,1716720295.0863938,synthetic_001,train
8.550888,16.62201,2.7644856,0.425,0.6,4.0308323,15.783071,4.0,4.0,1.0,20.494423,0.0,5.0,5.0,45.0,1.0,1.0,1.0,1.0,16.0,0,1716720300.0863938,synthetic_001,train
8.550888,16.62201,2.7644856,0.425,0.6,4.0308323,15.783071,4.0,4.0,1.0,20.494423,0.0,5.0,5.0,45.0,1.0,1.0,1.0,1.0,16.0,0,1716720305.0863938,synthetic_001,train
8.554731,15.637056,0.68169266,0.56666666,0.6,2.6109586,8.795383,4.0,4.0,1.0,28.59948,0.0,5.0,5.0,60.0,1.0,1.0,1.0,1.0,16.0,1,1716720310.0863938,synthetic_001,train
9.826443,16.94111,0.2833396,0.6,0.8,2.4541686,8.795383,3.0,4.0,1.0,19.146664,0.0,5.0,5.0,50.0,1.0,1.0,1.0,1.0,16.0,1,1716720315.0863938,synthetic_001,train
9.354324,16.115519,-0.93439305,0.33333334,0.6,2.7097318,8.795383,4.0,3.0,1.0,29.137386,0.0,5.0,5.0,55.0,1.0,1.0,1.0,1.0,16.0,1,1716720320.0863938,synthetic_001,train
3.454692,8.686949,-0.31867683,0.65,0.8,3.4113784,8.795383,5.0,3.0,0.0,25.772346,0.0,1.0,1.0,45.0,1.0,1.0,0.0,0.0,2.0,1,1716720325.0863938,synthetic_001,train
3.8865285,9.182886,-0.8253982,0.6333333,0.6666667,3.2215433,8.795383,4.0,3.0,0.0,16.976963,0.0,1.0,1.0,40.0,1.0,1.0,0.0,0.0,2.0,1,1716720330.0863938,synthetic_001,train
4.1747646,8.277585,-0.23928905,0.5,0.6,3.3359818,8.795383,5.0,3.0,1.0,24.564436,0.0,2.0,2.0,51.0,1.0,1.0,0.0,0.0,2.0,1,1716720335.0863938,synthetic_001,train
2.2507536,2.8716965,0.17462821,0.36666667,0.4,3.5786314,6.2247133,5.0,3.0,0.0,22.404339,0.0,2.0,2.0,43.0,1.0,1.0,1.0,0.0,2.0,1,1716720340.0863938,synthetic_001,train
26.472046,83.23001,9.200118,0.26666668,0.4,2.9780374,6.2247133,5.0,4.0,1.0,29.511736,0.0,3.0,3.0,67.0,1.0,1.0,1.0,0.0,2.0,1,1716720345.0863938,synthetic_001,train
28.457401,86.99983,7.8986063,0.6,1.0,2.4139705,6.2119,3.0,4.0,1.0,22.60159,0.0,3.0,3.0,63.0,1.0,1.0,1.0,0.0,2.0,1,1716720350.0863938,synthetic_001,train
27.694412,79.60192,0.68117833,0.31111112,0.4,2.3091059,6.2119,3.0,4.0,1.0,23.806475,0.0,3.0,3.0,77.0,1.0,1.0,1.0,1.0,7.0,1,1716720355.0863938,synthetic_001,train
26.047668,76.72685,-0.113754734,0.28333333,0.4,2.3288987,6.2119,3.0,4.0,1.0,26.392681,0.0,3.0,3.0,83.0,1.0,1.0,1.0,1.0,15.0,1,1716720360.0863938,synthetic_001,train
24.185114,74.28375,-2.8492277,0.4,0.6,2.2065463,5.7179976,3.0,4.0,1.0,28.682327,0.0,3.0,3.0,90.0,1.0,1.0,1.0,1.0,15.0,0,1716720365.0863938,synthetic_001,train
26.05835,76.72908,-5.6612115,0.36666667,0.5,2.1081524,5.7179976,2.0,4.0,1.0,26.784878,0.0,3.0,3.0,84.0,1.0,1.0,1.0,1.0,15.0,1,1716720370.0863938,synthetic_001,train
30.429865,85.50377,10.623997,0.43333334,0.5,2.2198658,5.7179976,3.0,3.0,0.0,25.16078,0.0,2.0,2.0,72.0,1.0,1.0,1.0,1.0,15.0,1,1716720375.0863938,synthetic_001,train
28.286545,82.22756,5.408393,0.37777779,0.6,2.4926429,5.7179976,4.0,3.0,0.0,26.68636,0.0,2.0,2.0,78.0,1.0,1.0,1.0,1.0,15.0,1,1716720380.0863938,synthetic_001,train
29.157194,89.87547,2.28074,0.6666667,1.0,2.819382,5.7019258,4.0,3.0,1.0,28.426996,0.0,2.0,2.0,66.0,1.0,0.0,1.0,1.0,16.0,1,1716720385.0863938,synthetic_001,train
29.126509,89.88474,-0.18632218,0.4,0.6,2.8378272,5.7019258,4.0,3.0,1.0,25.514174,0.0,2.0,2.0,66.0,1.0,0.0,1.0,1.0,16.0,1,1716720390.0863938,synthetic_001,train
34.625202,99.53491,-10.144833,0.575,0.75,2.8683472,4.6752553,3.0,3.0,1.0,23.292873,0.0,2.0,2.0,54.0,1.0,0.0,1.0,1.0,16.0,1,1716720395.0863938,synthetic_001,train
40.019394,94.68155,-4.916465,0.4,0.6,2.9759042,5.8050513,5.0,3.0,1.0,28.51792,0.0,2.0,2.0,66.0,1.0,1.0,1.0,1.0,16.0,1,1716720400.0863938,synthetic_001,train
12.746667,39.33926,3.4432929,0.73333335,1.0,3.0506582,5.8050513,5.0,3.0,0.0,28.881985,0.0,2.0,2.0,66.0,1.0,1.0,0.0,0.0,3.0,1,1716720405.0863938,synthetic_001,train
13.764664,41.314213,2.243949,0.7,0.8,3.1312726,5.8050513,5.0,3.0,0.0,29.35676,0.0,2.0,2.0,60.0,1.0,1.0,0.0,0.0,3.0,1,1716720410.0863938,synthetic_001,train
17.20583,46.11804,1.130456,0.7,1.0,3.1205375,5.8050513,4.0,3.0,0.0,22.175198,0.0,2.0,2.0,48.0,1.0,1.0,0.0,0.0,3.0,1,1716720415.0863938,synthetic_001,train
16.668022,46.314674,-1.6858671,0.8,1.0,3.8439503,8.576406,5.0,4.0,0.0,28.071491,0.0,2.0,2.0,48.0,1.0,1.0,0.0,0.0,3.0,1,1716720420.0863938,synthetic_001,train
17.264057,46.09971,-4.4633713,0.6333333,0.6666667,3.823515,8.576406,5.0,4.0,0.0,24.783068,0.0,2.0,2.0,48.0,0.0,1.0,0.0,0.0,4.0,1,1716720425.0863938,synthetic_001,train
0.95365673,2.1324413,0.95365673,0.8,0.8,4.229209,8.576406,3.0,4.0,0.0,17.049086,0.0,1.0,1.0,30.0,0.0,1.0,0.0,0.0,15.0,0,1716720430.0863938,synthetic_001,train
1.9923708,3.1798437,0.8903264,0.4,0.8,4.9565697,10.854158,3.0,4.0,0.0,24.740358,0.0,1.0,1.0,36.0,1.0,1.0,0.0,0.0,9.0,1,1716720435.0863938,synthetic_001,train
1.7077464,2.9988747,-0.08395093,0.8,1.0,4.0899467,10.854158,2.0,4.0,0.0,20.053223,0.0,2.0,2.0,42.0,1.0,1.0,1.0,1.0,9.0,1,1716720440.0863938,synthetic_001,train
2.649638,4.1566467,0.35563818,0.6333333,0.8,2.8876197,10.854158,2.0,4.0,0.0,26.075031,0.0,2.0,2.0,72.0,1.0,1.0,1.0,1.0,9.0,1,1716720445.0863938,synthetic_001,train
3.0185432,4.096114,0.30355486,0.46666667,0.8,2.3988128,10.854158,1.0,4.0,1.0,26.269125,0.0,2.0,2.0,72.0,1.0,1.0,1.0,1.0,9.0,1,1716720450.0863938,synthetic_001,train
4.8141503,9.504875,0.97108793,0.6,0.8,2.2118163,10.854158,2.0,4.0,1.0,22.323086,0.0,2.0,2.0,90.0,1.0,1.0,1.0,1.0,12.0,1,1716720455.0863938,synthetic_001,train
4.3996134,8.737454,0.3634086,0.6375,0.8,1.9441036,10.854158,2.0,4.0,1.0,26.08381,0.0,3.0,3.0,114.0,1.0,1.0,1.0,1.0,10.0,1,1716720460.0863938,synthetic_001,train
4.697577,9.107304,0.32413688,0.575,0.8,1.5745173,3.4761477,2.0,4.0,1.0,25.747581,0.0,3.0,3.0,102.0,1.0,1.0,1.0,1.0,10.0,1,1716720465.0863938,synthetic_001,train
5.2248354,9.63349,0.1305293,0.6,0.8,1.555233,3.6944087,4.0,4.0,1.0,28.394745,0.0,3.0,3.0,120.0,1.0,1.0,1.0,0.0,13.0,1,1716720470.0863938,synthetic_001,train
5.2909546,10.524326,-0.09411922,0.7,1.0,1.8827093,5.0404973,5.0,4.0,1.0,27.412626,0.0,3.0,3.0,96.0,1.0,1.0,1.0,0.0,10.0,1,1716720475.0863938,synthetic_001,train
5.511115,10.257068,-0.03695866,0.5,0.8,1.8791488,5.0404973,6.0,4.0,1.0,28.857613,0.0,3.0,3.0,102.0,1.0,1.0,1.0,1.0,13.0,1,1716720480.0863938,synthetic_001,train
3.7807815,7.1158214,0.2671801,0.6333333,0.8,1.9977422,5.0404973,5.0,3.0,1.0,27.005108,0.0,3.0,3.0,84.0,1.0,1.0,1.0,1.0,13.0,1,1716720485.0863938,synthetic_001,train
8.256676,14.968175,1.5875424,0.53333336,0.8,2.0968926,5.2287927,6.0,3.0,1.0,27.977242,0.0,2.0,2.0,90.0,1.0,1.0,1.0,1.0,19.0,1,1716720490.0863938,synthetic_001,train
8.220251,14.582976,1.0927186,0.45,0.8,1.965901,5.2287927,5.0,3.0,1.0,27.760008,0.0,2.0,2.0,96.0,1.0,1.0,1.0,1.0,17.0,1,1716720495.0863938,synthetic_001,train
8.475655,15.113675,0.55023336,0.44444445,0.6,2.1343265,5.2287927,4.0,3.0,1.0,22.705748,0.0,2.0,2.0,78.0,1.0,1.0,1.0,1.0,4.0,1,1716720500.0863938,synthetic_001,train
8.475655,15.113675,-0.05517053,0.4888889,0.6666667,2.1672325,5.468274,4.0,4.0,1.0,24.860788,0.0,2.0,2.0,78.0,1.0,1.0,1.0,1.0,4.0,1,1716720505.0863938,synthetic_001,train
8.060246,15.912907,-0.5888174,0.6666667,1.0,2.4583938,5.8596106,4.0,4.0,0.0,26.56975,0.0,2.0,2.0,72.0,1.0,1.0,0.0,0.0,17.0,1,1716720510.0863938,synthetic_001,train
33.954735,73.70807,6.0917935,0.35,0.6,1.9154642,5.8596106,5.0,4.0,1.0,27.334099,0.0,2.0,2.0,102.0,1.0,1.0,1.0,1.0,27.0,1,1716720515.0863938,synthetic_001,train
33.033268,75.83029,2.4411278,0.55,1.0,1.7515057,5.8596106,4.0,4.0,0.0,25.625473,0.0,1.0,1.0,96.0,1.0,1.0,1.0,1.0,27.0,1,1716720520.0863938,synthetic_001,train
33.15754,75.79362,-0.10045,0.35,0.6,1.8585192,5.8596106,5.0,4.0,1.0,26.097061,0.0,1.0,1.0,96.0,1.0,1.0,1.0,1.0,27.0,1,1716720525.0863938,synthetic_001,train
35.41627,77.897125,-2.757542,0.4,0.6,1.8801204,5.8596106,4.0,4.0,1.0,22.733532,0.0,1.0,1.0,90.0,1.0,1.0,1.0,1.0,27.0,1,1716720530.0863938,synthetic_001,train
32.493816,73.42687,-4.081847,0.425,0.6,1.7834795,5.8596106,4.0,4.0,1.0,24.45954,0.0,1.0,1.0,102.0,1.0,1.0,1.0,1.0,27.0,1,1716720535.0863938,synthetic_001,train
30.117697,69.67095,-4.5814953,0.425,0.6,1.6169419,5.6191263,4.0,4.0,1.0,27.530504,0.0,1.0,1.0,114.0,1.0,1.0,1.0,1.0,26.0,1,1716720540.0863938,synthetic_001,train
6.77575,8.684722,-0.21791084,0.53333336,0.6,1.8313663,5.6191263,3.0,3.0,0.0,26.923431,0.0,2.0,2.0,90.0,1.0,1.0,1.0,1.0,26.0,1,1716720545.0863938,synthetic_001,train
5.7128077,7.689387,-0.06256475,0.5,0.6,2.2655592,5.6191263,4.0,3.0,1.0,27.44347,0.0,3.0,3.0,84.0,1.0,1.0,1.0,1.0,26.0,1,1716720550.0863938,synthetic_001,train
5.1434608,7.690093,-0.23297934,0.5555556,0.6666667,2.2746809,5.6191263,4.0,3.0,1.0,26.58639,0.0,3.0,3.0,78.0,1.0,1.0,1.0,1.0,26.0,1,1716720555.0863938,synthetic_001,train
4.834167,7.8187895,-0.44572237,0.62222224,0.6666667,2.58992,7.0825715,5.0,3.0,1.0,28.049833,0.0,3.0,3.0,78.0,1.0,1.0,1.0,1.0,16.0,1,1716720560.0863938,synthetic_001,train
4.018316,6.4708633,-0.61240745,0.4,0.6,2.8061717,7.0825715,5.0,3.0,1.0,27.319105,0.0,3.0,3.0,66.0,1.0,0.0,1.0,1.0,16.0,1,1716720565.0863938,synthetic_001,train
3.46926,4.204733,-0.15444258,0.45,0.5,2.9282196,7.0825715,4.0,3.0,0.0,25.142776,0.0,3.0,3.0,54.0,1.0,0.0,1.0,1.0,27.0,1,1716720570.0863938,synthetic_001,train
2.3684227,3.555208,-0.20446716,0.55,0.6,3.6142635,7.9333444,5.0,2.0,0.0,27.326366,0.0,3.0,3.0,54.0,1.0,0.0,1.0,1.0,27.0,1,1716720575.0863938,synthetic_001,train
1.3387593,2.6092327,-0.0895741,0.8,1.0,4.1535015,7.9333444,5.0,2.0,0.0,26.032099,0.0,2.0,2.0,43.0,0.0,0.0,1.0,1.0,22.0,1,1716720580.0863938,synthetic_001,train
1.4943359,2.4554312,-0.24063374,0.6333333,0.6666667,3.8484874,7.9333444,5.0,2.0,0.0,23.705326,0.0,2.0,2.0,51.0,1.0,0.0,1.0,1.0,13.0,1,1716720585.0863938,synthetic_001,train
6.168856,9.972889,1.5965508,0.33333334,0.6,2.6123493,7.9333444,4.0,4.0,0.0,21.773907,1.0,2.0,2.0,73.0,1.0,1.0,1.0,1.0,13.0,1,1716720590.0863938,synthetic_001,train
17.446218,37.96714,2.1717463,0.48333332,0.6,1.6049572,7.9333444,3.0,4.0,1.0,25.632963,2.0,4.0,4.0,130.0,1.0,1.0,1.0,1.0,13.0,1,1716720595.0863938,synthetic_001,train
16.609215,37.067013,1.2660706,0.4625,0.8,1.7318739,7.9333444,4.0,4.0,1.0,23.65793,2.0,4.0,4.0,140.0,1.0,1.0,1.0,1.0,13.0,1,1716720600.0863938,synthetic_001,train
18.563242,38.822273,0.99530673,0.35,0.6,1.4111453,4.6450915,3.0,4.0,1.0,19.283829,2.0,4.0,4.0,128.0,1.0,1.0,1.0,1.0,13.0,1,1716720605.0863938,synthetic_001,train
18.639048,38.785,0.24710742,0.3,0.6,1.7529773,9.311545,3.0,4.0,1.0,23.675785,2.0,4.0,4.0,129.0,1.0,1.0,1.0,1.0,13.0,1,1716720610.0863938,synthetic_001,train
18.487085,38.85683,-1.2428286,0.5,1.0,1.8358415,9.311545,3.0,4.0,1.0,26.70221,2.0,4.0,4.0,131.0,1.0,1.0,1.0,1.0,3.0,1,1716720615.0863938,synthetic_001,train
18.455551,42.828964,-3.5587034,0.51666665,0.75,2.0618134,9.311545,3.0,4.0,1.0,26.818281,0.0,4.0,4.0,111.0,1.0,1.0,0.0,0.0,11.0,1,1716720620.0863938,synthetic_001,train
4.4663877,8.909175,1.5329456,0.53333336,0.6666667,3.882921,9.311545,4.0,1.0,0.0,27.899693,0.0,1.0,1.0,64.0,1.0,1.0,0.0,0.0,2.0,0,1716720625.0863938,synthetic_001,train
4.233655,9.655791,1.9692304,0.4,0.8,4.3559065,9.311545,4.0,1.0,0.0,21.179798,0.0,1.0,1.0,56.0,1.0,1.0,0.0,0.0,2.0,0,1716720630.0863938,synthetic_001,train
29.333912,53.35595,5.965816,0.4,0.8,2.5750365,9.311545,4.0,4.0,0.0,26.738966,0.0,2.0,2.0,112.0,1.0,1.0,1.0,1.0,0.0,0,1716720635.0863938,synthetic_001,train
26.833776,50.286865,1.9311085,0.6,1.0,1.806327,6.675014,3.0,4.0,0.0,25.352093,0.0,2.0,2.0,128.0,0.0,1.0,1.0,1.0,0.0,0,1716720640.0863938,synthetic_001,train
30.667173,52.831882,0.9988415,0.43333334,0.6,1.624053,6.675014,2.0,4.0,0.0,20.050144,0.0,2.0,2.0,112.0,0.0,1.0,1.0,1.0,0.0,0,1716720645.0863938,synthetic_001,train
30.737087,52.788807,-0.8604033,0.36666667,0.6,2.3078575,12.259862,3.0,4.0,0.0,25.634993,0.0,2.0,2.0,112.0,0.0,1.0,1.0,1.0,0.0,1,1716720650.0863938,synthetic_001,train
29.599932,53.03634,-3.5102844,0.28333333,0.4,2.1878834,12.259862,3.0,4.0,1.0,25.437572,0.0,2.0,2.0,112.0,1.0,1.0,1.0,1.0,0.0,1,1716720655.0863938,synthetic_001,train
27.562088,49.728138,-4.1697264,0.25,0.4,1.8833332,12.259862,3.0,4.0,0.0,28.8525,0.0,2.0,2.0,128.0,1.0,1.0,1.0,1.0,0.0,1,1716720660.0863938,synthetic_001,train
15.869603,29.208572,4.3095827,0.26666668,0.4,2.309534,12.259862,3.0,4.0,0.0,27.113037,0.0,2.0,2.0,96.0,1.0,1.0,1.0,1.0,19.0,1,1716720665.0863938,synthetic_001,train
15.776986,30.462856,2.8649745,0.2,0.4,2.9774728,12.259862,5.0,4.0,0.0,20.492336,0.0,1.0,1.0,88.0,1.0,1.0,1.0,1.0,19.0,1,1716720670.0863938,synthetic_001,train
14.462237,29.400103,1.5970194,0.36666667,0.5,3.1596427,12.259862,6.0,4.0,0.0,25.65585,0.0,1.0,1.0,96.0,1.0,1.0,1.0,1.0,19.0,1,1716720675.0863938,synthetic_001,train
14.590136,29.33939,0.5245726,0.36666667,0.5,2.5358253,5.1635127,6.0,4.0,0.0,26.716805,0.0,1.0,1.0,96.0,1.0,1.0,1.0,1.0,19.0,1,1716720680.0863938,synthetic_001,train
18.244003,32.39753,0.87426525,0.35,0.4,2.1501548,5.1635127,5.0,3.0,0.0,29.205017,0.0,1.0,1.0,112.0,1.0,1.0,1.0,1.0,15.0,1,1716720685.0863938,synthetic_001,train
34.905518,72.97703,4.6306615,0.4,0.4,1.9580227,5.1635127,4.0,4.0,0.0,26.79992,0.0,1.0,1.0,120.0,1.0,1.0,1.0,0.0,15.0,1,1716720690.0863938,synthetic_001,train
30.4193,75.98329,6.611443,0.37777779,0.6,2.4106445,5.1635127,5.0,4.0,1.0,28.052227,0.0,1.0,1.0,104.0,1.0,1.0,0.0,0.0,15.0,1,1716720695.0863938,synthetic_001,train
29.158049,73.13599,1.4029303,0.35,0.4,2.0324025,5.1635127,3.0,4.0,1.0,23.290123,0.0,1.0,1.0,112.0,1.0,1.0,1.0,1.0,15.0,1,1716720700.0863938,synthetic_001,train
29.39284,73.0404,-0.29749522,0.28333333,0.4,1.924343,5.10828,3.0,4.0,1.0,22.16675,0.0,1.0,1.0,112.0,1.0,1.0,1.0,1.0,15.0,1,1716720705.0863938,synthetic_001,train
35.621918,73.54466,0.57210535,0.2,0.4,1.8798919,7.2017183,3.0,4.0,1.0,29.520824,0.0,2.0,2.0,128.0,1.0,1.0,1.0,1.0,15.0,1,1716720710.0863938,synthetic_001,train
36.261765,77.20115,-2.7955709,0.28333333,0.4,1.8474913,7.2017183,3.0,4.0,1.0,25.37287,0.0,2.0,2.0,112.0,1.0,1.0,1.0,1.0,26.0,1,1716720715.0863938,synthetic_001,train
17.936007,39.42739,1.0024444,0.3,0.5,2.5942495,7.2017183,4.0,4.0,1.0,26.022715,0.0,2.0,2.0,96.0,1.0,1.0,1.0,1.0,14.0,1,1716720720.0863938,synthetic_001,train
17.740246,39.517548,-0.3958966,0.36666667,0.5,2.500501,7.2017183,4.0,4.0,1.0,27.838549,0.0,2.0,2.0,96.0,1.0,1.0,1.0,1.0,14.0,1,1716720725.0863938,synthetic_001,train
17.421022,39.68061,-3.6155977,0.43333334,0.6,2.4783673,7.2017183,4.0,4.0,1.0,26.08973,0.0,3.0,3.0,96.0,1.0,1.0,1.0,1.0,3.0,1,1716720730.0863938,synthetic_001,train
16.184042,38.261784,-4.3102345,0.4888889,0.6666667,2.5230067,7.2017183,4.0,4.0,1.0,25.597368,0.0,3.0,3.0,104.0,1.0,1.0,1.0,1.0,3.0,1,1716720735.0863938,synthetic_001,train
4.493455,8.706242,-0.8732407,0.73333335,1.0,2.6164136,6.6434894,4.0,3.0,1.0,28.291471,0.0,3.0,3.0,88.0,1.0,1.0,1.0,1.0,3.0,1,1716720740.0863938,synthetic_001,train
2.3443916,3.896682,-0.06648182,0.6,0.6,3.3369675,6.6434894,5.0,3.0,1.0,26.726185,0.0,3.0,3.0,80.0,1.0,1.0,1.0,0.0,3.0,0,1716720745.0863938,synthetic_001,train
2.0893943,4.0435915,-0.29089648,0.675,0.75,3.0982218,5.5042753,5.0,3.0,1.0,23.9007,0.0,3.0,3.0,72.0,1.0,1.0,1.0,0.0,3.0,0,1716720750.0863938,synthetic_001,train
2.2094598,3.8311946,-0.41388413,0.6,0.6,2.8204565,5.5042753,5.0,3.0,1.0,26.524073,0.0,3.0,3.0,80.0,1.0,1.0,1.0,0.0,3.0,0,1716720755.0863938,synthetic_001,train
1.4240208,1.8072884,-0.15405746,0.55,0.6,3.3190405,5.5042753,6.0,2.0,0.0,27.278084,0.0,1.0,1.0,72.0,1.0,1.0,1.0,0.0,3.0,0,1716720760.0863938,synthetic_001,train
1.0236052,1.4435265,-0.071841165,0.6333333,0.6666667,3.5455155,5.5042753,6.0,2.0,0.0,24.471142,0.0,1.0,1.0,64.0,1.0,1.0,1.0,0.0,22.0,0,1716720765.0863938,synthetic_001,train
1.8982071,2.0748012,0.28841195,0.45,0.5,3.3924444,5.5042753,6.0,2.0,0.0,25.027723,0.0,1.0,1.0,72.0,1.0,1.0,1.0,0.0,22.0,0,1716720770.0863938,synthetic_001,train
1.9080136,2.076508,0.33658338,0.425,0.6,3.3686483,5.2901125,6.0,2.0,0.0,26.573465,0.0,2.0,2.0,72.0,1.0,1.0,0.0,0.0,22.0,0,1716720775.0863938,synthetic_001,train
2.1465154,2.0839353,0.27640334,0.3,0.6,3.3216832,5.2901125,5.0,2.0,0.0,22.926104,0.0,2.0,2.0,64.0,1.0,1.0,0.0,0.0,22.0,0,1716720780.0863938,synthetic_001,train
3.561261,4.2070026,1.0657537,0.2,0.4,3.769027,6.9510603,5.0,4.0,0.0,25.738293,0.0,2.0,2.0,64.0,1.0,1.0,0.0,0.0,26.0,1,1716720785.0863938,synthetic_001,train
4.295236,4.6317863,1.6288903,0.1,0.2,4.0726175,6.9510603,4.0,4.0,0.0,19.233587,0.0,2.0,2.0,48.0,1.0,1.0,0.0,0.0,26.0,1,1716720790.0863938,synthetic_001,train
4.295236,4.6317863,0.15623783,0.5,1.0,4.9785275,10.637579,4.0,4.0,0.0,25.837252,0.0,2.0,2.0,48.0,1.0,1.0,0.0,0.0,26.0,1,1716720795.0863938,synthetic_001,train
3.3752792,5.4106474,-0.6263121,0.4,0.4,5.872397,10.637579,4.0,4.0,0.0,24.071873,0.0,2.0,2.0,40.0,0.0,1.0,0.0,0.0,26.0,1,1716720800.0863938,synthetic_001,train
3.4571226,5.3927836,-1.097917,0.4,0.4,5.7106996,10.637579,4.0,4.0,0.0,21.602438,0.0,1.0,1.0,40.0,0.0,1.0,0.0,0.0,26.0,1,1716720805.0863938,synthetic_001,train
3.811564,5.2067766,-0.0028135034,0.45,0.5,4.866427,10.637579,5.0,4.0,0.0,27.113926,0.0,1.0,1.0,56.0,0.0,1.0,1.0,1.0,26.0,1,1716720810.0863938,synthetic_001,train
1.5091168,3.3214107,0.016220665,0.8,1.0,4.0610967,10.637579,5.0,4.0,0.0,21.851196,0.0,1.0,1.0,64.0,1.0,0.0,1.0,1.0,22.0,1,1716720815.0863938,synthetic_001,train
2.7448344,3.9586494,0.29619327,0.62222224,0.6666667,2.8760452,10.637579,5.0,4.0,1.0,26.751009,0.0,1.0,1.0,104.0,1.0,1.0,1.0,1.0,10.0,1,1716720820.0863938,synthetic_001,train
4.963137,7.931412,0.6474906,0.65,1.0,1.8955643,5.5516763,4.0,4.0,1.0,24.777353,0.0,2.0,2.0,128.0,1.0,1.0,1.0,1.0,10.0,1,1716720825.0863938,synthetic_001,train
4.179484,7.475291,0.03793217,0.65,1.0,1.6288657,4.481626,4.0,4.0,1.0,26.466822,0.0,2.0,2.0,152.0,1.0,1.0,1.0,1.0,15.0,1,1716720830.0863938,synthetic_001,train
3.8366296,7.384796,-0.10432956,0.7,1.0,1.5722908,4.234259,4.0,4.0,1.0,27.211557,0.0,2.0,2.0,160.0,1.0,1.0,1.0,1.0,15.0,1,1716720835.0863938,synthetic_001,train
3.5440662,7.4671264,-0.15881526,0.75,1.0,1.6536119,5.484298,4.0,4.0,1.0,29.588554,0.0,2.0,2.0,152.0,1.0,1.0,1.0,1.0,15.0,1,1716720840.0863938,synthetic_001,train
4.79523,7.7020907,-0.22074245,0.5833333,1.0,1.5356618,5.484298,3.0,4.0,1.0,26.39096,0.0,2.0,2.0,144.0,1.0,1.0,1.0,1.0,16.0,1,1716720845.0863938,synthetic_001,train
4.6802874,8.278612,-0.39077893,0.6666667,1.0,1.9783279,5.484298,4.0,4.0,1.0,28.491425,0.0,2.0,2.0,122.0,1.0,1.0,1.0,0.0,16.0,1,1716720850.0863938,synthetic_001,train
23.319782,79.72209,8.770682,0.7,1.0,2.0560431,5.484298,4.0,4.0,1.0,24.555464,0.0,2.0,2.0,117.0,1.0,1.0,1.0,0.0,16.0,1,1716720855.0863938,synthetic_001,train
27.206413,85.99898,7.1041913,0.73333335,1.0,2.4229114,5.484298,4.0,4.0,1.0,25.681528,0.0,2.0,2.0,103.0,1.0,1.0,1.0,0.0,16.0,1,1716720860.0863938,synthetic_001,train
29.904385,89.66908,4.89582,0.4,0.8,2.6319785,5.484298,4.0,4.0,1.0,23.467466,0.0,1.0,1.0,96.0,1.0,1.0,1.0,0.0,16.0,1,1716720865.0863938,synthetic_001,train
32.89482,93.939545,4.5341344,0.5,0.6,2.3467467,5.332836,3.0,4.0,1.0,22.188879,0.0,1.0,1.0,88.0,1.0,1.0,1.0,0.0,16.0,1,1716720870.0863938,synthetic_001,train
34.628716,99.54451,-0.13896805,0.55,0.6,3.116733,7.1128225,4.0,4.0,0.0,22.71776,0.0,1.0,1.0,81.0,1.0,1.0,1.0,0.0,14.0,1,1716720875.0863938,synthetic_001,train
38.019794,105.86037,-10.525604,0.56666666,0.8,3.3309047,7.1128225,4.0,4.0,0.0,24.872915,0.0,1.0,1.0,72.0,0.0,1.0,0.0,0.0,26.0,1,1716720880.0863938,synthetic_001,train
1.0423338,1.1684518,0.27697358,0.3,0.6,4.9476137,7.1128225,5.0,4.0,0.0,25.17586,0.0,2.0,2.0,54.0,0.0,1.0,0.0,0.0,24.0,0,1716720885.0863938,synthetic_001,train
1.2508006,1.1750156,-0.45339668,0.4,0.4,5.878276,7.1128225,5.0,4.0,0.0,24.535559,0.0,2.0,2.0,45.0,0.0,1.0,0.0,0.0,21.0,0,1716720890.0863938,synthetic_001,train
1.4435402,1.9253534,0.39603928,0.3,0.6,4.9192677,7.1128225,4.0,4.0,0.0,22.402784,0.0,2.0,2.0,54.0,1.0,1.0,0.0,0.0,21.0,0,1716720895.0863938,synthetic_001,train
4.528699,7.4804893,2.1305077,0.3,0.6,4.040976,7.1128225,4.0,4.0,0.0,25.214987,0.0,2.0,2.0,72.0,1.0,1.0,0.0,0.0,21.0,0,1716720900.0863938,synthetic_001,train
3.140227,6.666779,0.08209009,0.73333335,1.0,2.9809284,6.1671257,4.0,4.0,0.0,27.260754,0.0,2.0,2.0,99.0,1.0,1.0,0.0,0.0,21.0,0,1716720905.0863938,synthetic_001,train
4.04294,6.1657095,0.18293287,0.4,0.8,2.60141,6.1671257,4.0,4.0,1.0,28.092176,0.0,2.0,2.0,117.0,1.0,1.0,0.0,0.0,9.0,1,1716720910.0863938,synthetic_001,train
3.8817363,6.247715,-0.025246702,0.51111114,0.8,2.2256994,6.1671257,3.0,4.0,0.0,22.766966,0.0,1.0,1.0,117.0,1.0,1.0,0.0,0.0,19.0,1,1716720915.0863938,synthetic_001,train
4.023903,6.172601,-0.24158497,0.44444445,0.6,2.2507603,6.492918,3.0,4.0,0.0,26.73961,0.0,1.0,1.0,117.0,1.0,1.0,0.0,0.0,19.0,1,1716720920.0863938,synthetic_001,train
20.9972,61.76355,6.8063064,0.44444445,0.6,2.3808503,6.6180086,4.0,4.0,0.0,28.677185,0.0,2.0,2.0,117.0,0.0,1.0,0.0,0.0,9.0,1,1716720925.0863938,synthetic_001,train
38.956802,95.971436,11.948917,0.56666666,0.8,2.1929479,6.6180086,4.0,4.0,1.0,25.719944,0.0,3.0,3.0,126.0,0.0,1.0,1.0,1.0,10.0,1,1716720930.0863938,synthetic_001,train
45.449604,102.77759,7.567783,0.6,1.0,2.3092914,6.6180086,4.0,4.0,1.0,24.522179,0.0,3.0,3.0,108.0,0.0,0.0,1.0,1.0,0.0,1,1716720935.0863938,synthetic_001,train
45.72351,102.70537,-2.1823564,0.46666667,0.8,2.470406,6.6180086,4.0,4.0,1.0,28.802956,0.0,3.0,3.0,108.0,1.0,1.0,1.0,1.0,14.0,1,1716720940.0863938,synthetic_001,train
45.13636,98.35569,-4.981082,0.51111114,0.6,2.508075,6.6180086,5.0,4.0,0.0,26.112057,0.0,3.0,3.0,117.0,1.0,1.0,1.0,1.0,14.0,1,1716720945.0863938,synthetic_001,train
39.938126,92.10735,-7.084185,0.53333336,0.6,2.0711129,6.6180086,5.0,4.0,0.0,24.448685,0.0,3.0,3.0,135.0,1.0,1.0,1.0,1.0,23.0,1,1716720950.0863938,synthetic_001,train
24.822613,71.90843,-3.3961384,0.4,0.8,1.7940147,5.955201,4.0,4.0,0.0,28.971106,0.0,3.0,3.0,153.0,1.0,1.0,1.0,1.0,0.0,1,1716720955.0863938,synthetic_001,train
8.346938,12.459135,0.6890866,0.4,0.6,2.1108625,5.955201,5.0,4.0,0.0,27.568031,0.0,3.0,3.0,135.0,1.0,1.0,1.0,1.0,0.0,1,1716720960.0863938,synthetic_001,train
7.9839487,12.123924,-0.31206116,0.5,1.0,2.1038625,5.955201,5.0,4.0,0.0,27.7066,0.0,2.0,2.0,144.0,1.0,1.0,1.0,1.0,16.0,1,1716720965.0863938,synthetic_001,train
7.4346857,12.447731,-0.7585135,0.4,0.6,2.0085301,4.726057,4.0,4.0,0.0,26.640972,0.0,2.0,2.0,135.0,1.0,1.0,1.0,1.0,16.0,1,1716720970.0863938,synthetic_001,train
5.2449822,9.455709,-0.4131217,0.45,0.75,1.9279907,4.726057,3.0,4.0,1.0,23.16921,0.0,2.0,2.0,126.0,1.0,1.0,1.0,1.0,16.0,1,1716720975.0863938,synthetic_001,train
7.52036,13.978382,0.32600555,0.4,0.6,2.0410187,5.9421215,3.0,4.0,1.0,28.132189,0.0,2.0,2.0,135.0,1.0,1.0,1.0,1.0,17.0,1,1716720980.0863938,synthetic_001,train
5.535887,12.956489,1.1028246,0.43333334,0.6,2.5260043,5.9421215,4.0,3.0,1.0,26.584946,0.0,2.0,2.0,108.0,1.0,1.0,1.0,1.0,17.0,1,1716720985.0863938,synthetic_001,train
6.9272685,12.7466345,0.9478156,0.41666666,0.6,2.274007,5.9421215,4.0,3.0,1.0,27.11004,0.0,2.0,2.0,129.0,1.0,1.0,1.0,1.0,22.0,1,1716720990.0863938,synthetic_001,train
8.709751,12.853805,0.5308531,0.31111112,0.4,2.1570501,5.9421215,3.0,3.0,1.0,25.44689,0.0,2.0,2.0,122.0,1.0,1.0,1.0,1.0,19.0,1,1716720995.0863938,synthetic_001,train
9.287365,13.207623,-0.15419231,0.2,0.4,2.2266219,5.9421215,4.0,3.0,0.0,26.053526,0.0,2.0,2.0,114.0,1.0,1.0,1.0,1.0,22.0,1,1716721000.0863938,synthetic_001,train
10.131671,13.508359,-0.7070335,0.13333334,0.2,2.3685024,5.9421215,4.0,2.0,0.0,20.111404,0.0,1.0,1.0,105.0,1.0,1.0,0.0,0.0,22.0,1,1716721005.0863938,synthetic_001,train
13.353586,16.596766,2.5310953,0.1,0.2,2.8297815,9.956245,4.0,2.0,0.0,22.49827,0.0,2.0,2.0,99.0,1.0,1.0,1.0,1.0,19.0,0,1716721010.0863938,synthetic_001,train
57.638817,94.50799,9.671166,0.05,0.2,1.8941635,9.956245,4.0,2.0,1.0,29.678387,0.0,3.0,3.0,160.0,1.0,1.0,1.0,1.0,0.0,0,1716721015.0863938,synthetic_001,train
55.552914,84.964554,0.6404018,0.05,0.2,1.4143965,9.956245,3.0,2.0,1.0,27.297436,0.0,3.0,3.0,200.0,0.0,1.0,1.0,1.0,0.0,0,1716721020.0863938,synthetic_001,train
70.12542,97.48826,0.80959743,0.08888889,0.33333334,1.1181791,9.956245,3.0,2.0,1.0,19.767216,1.0,3.0,3.0,280.0,1.0,1.0,1.0,1.0,0.0,1,1716721025.0863938,synthetic_001,train
67.90728,96.473694,-0.6368388,0.075,0.25,1.1448354,9.956245,3.0,4.0,1.0,15.228814,1.0,3.0,3.0,290.0,1.0,1.0,1.0,1.0,0.0,1,1716721030.0863938,synthetic_001,train
63.74689,94.58763,-1.2767329,0.2,1.0,1.1771938,9.956245,3.0,4.0,1.0,16.264467,1.0,3.0,3.0,310.0,1.0,1.0,1.0,1.0,0.0,1,1716721035.0863938,synthetic_001,train
64.22816,96.102776,-2.906574,0.13333334,0.4,0.9600011,5.072059,2.0,4.0,0.0,12.65492,1.0,3.0,3.0,300.0,1.0,1.0,0.0,0.0,0.0,1,1716721040.0863938,synthetic_001,train
46.10222,80.56837,-1.8411787,0.16,0.4,1.0808665,5.1818814,2.0,4.0,0.0,16.525358,1.0,3.0,3.0,250.0,1.0,1.0,0.0,0.0,0.0,1,1716721045.0863938,synthetic_001,train
47.69005,89.315674,-6.3836346,0.15,0.4,1.4536724,5.1818814,3.0,4.0,0.0,24.403915,1.0,3.0,3.0,200.0,1.0,1.0,0.0,0.0,0.0,1,1716721050.0863938,synthetic_001,train
10.367875,12.589436,1.7467505,0.13333334,0.4,2.441946,5.7390466,4.0,4.0,0.0,23.787954,1.0,1.0,1.0,120.0,0.0,1.0,1.0,1.0,16.0,1,1716721055.0863938,synthetic_001,train
8.870294,12.803584,0.033147678,0.46666667,1.0,2.1719396,5.7390466,3.0,3.0,0.0,18.333342,1.0,1.0,1.0,130.0,1.0,1.0,1.0,1.0,13.0,1,1716721060.0863938,synthetic_001,train
15.965455,24.803885,1.2208412,0.2,0.4,1.8460203,5.7390466,3.0,3.0,0.0,16.887783,1.0,1.0,1.0,170.0,1.0,1.0,1.0,1.0,17.0,1,1716721065.0863938,synthetic_001,train
16.001272,25.176098,1.1657816,0.15,0.6,1.834561,5.7390466,3.0,3.0,0.0,15.106935,2.0,1.0,1.0,160.0,1.0,1.0,1.0,1.0,17.0,1,1716721070.0863938,synthetic_001,train
15.072238,25.516563,0.10882011,0.4,1.0,1.9506079,7.4970627,3.0,3.0,0.0,16.55534,2.0,2.0,2.0,160.0,1.0,1.0,1.0,1.0,17.0,1,1716721075.0863938,synthetic_001,train
14.48682,26.447403,-0.4691613,0.33333334,0.6,2.057695,7.4970627,3.0,3.0,1.0,16.750917,2.0,3.0,3.0,150.0,1.0,1.0,1.0,1.0,17.0,1,1716721080.0863938,synthetic_001,train
37.492306,51.590794,3.2101414,0.2,0.6,1.2347897,7.4970627,2.0,3.0,1.0,17.883142,1.0,3.0,3.0,250.0,1.0,1.0,1.0,1.0,0.0,0,1716721085.0863938,synthetic_001,train
62.426075,86.81006,3.4756162,0.057142857,0.4,0.94905436,7.4970627,2.0,3.0,1.0,14.852099,2.0,3.0,3.0,340.0,1.0,1.0,1.0,1.0,0.0,0,1716721090.0863938,synthetic_001,train
85.97937,101.87447,2.9527879,0.04761905,0.33333334,0.718801,7.4970627,2.0,3.0,0.0,15.899926,1.0,3.0,3.0,400.0,1.0,1.0,1.0,1.0,0.0,0,1716721095.0863938,synthetic_001,train
85.77239,102.039185,2.3591197,0.04761905,0.33333334,0.80536574,7.4970627,3.0,3.0,0.0,14.83054,1.0,3.0,3.0,400.0,1.0,1.0,1.0,1.0,0.0,0,1716721100.0863938,synthetic_001,train
85.732376,102.07335,1.0781858,0.0952381,0.5,0.7755133,5.72402,3.0,3.0,0.0,16.95238,1.0,3.0,3.0,400.0,1.0,1.0,1.0,1.0,0.0,0,1716721105.0863938,synthetic_001,train
80.64888,100.19369,-0.3057205,0.08163265,0.5714286,0.70954704,5.72402,2.0,4.0,0.0,19.41216,1.0,3.0,3.0,430.0,1.0,1.0,1.0,1.0,0.0,0,1716721110.0863938,synthetic_001,train
84.56392,111.41494,-2.9811025,0.18571429,0.8,0.8621907,5.72402,3.0,4.0,0.0,24.462128,1.0,3.0,3.0,320.0,1.0,1.0,1.0,1.0,0.0,0,1716721115.0863938,synthetic_001,train
69.461205,103.592804,-9.0873,0.2,0.6,1.3002205,5.72402,4.0,4.0,0.0,28.156748,0.0,3.0,3.0,220.0,1.0,1.0,1.0,1.0,0.0,0,1716721120.0863938,synthetic_001,train
4.8516593,9.24144,0.81469166,0.5,0.8,2.5680745,5.72402,4.0,4.0,0.0,21.11816,0.0,3.0,3.0,100.0,1.0,1.0,1.0,1.0,22.0,0,1716721125.0863938,synthetic_001,train
5.033492,8.4185915,0.39379326,0.33333334,0.8,2.658089,6.9409776,4.0,4.0,1.0,26.173048,0.0,3.0,3.0,120.0,1.0,1.0,1.0,1.0,15.0,0,1716721130.0863938,synthetic_001,train
6.0401907,8.936772,-0.049569365,0.3,0.6,2.5204442,6.9409776,3.0,4.0,0.0,23.790987,0.0,2.0,2.0,100.0,1.0,1.0,1.0,1.0,15.0,0,1716721135.0863938,synthetic_001,train
3.3118267,2.6303596,0.32370588,0.26666668,0.33333334,3.6320922,6.9409776,4.0,4.0,0.0,25.931978,0.0,2.0,2.0,81.0,0.0,1.0,0.0,0.0,10.0,0,1716721140.0863938,synthetic_001,train
3.5308576,2.375826,-0.16109769,0.16666667,0.33333334,4.0975413,6.9409776,4.0,4.0,0.0,28.65475,0.0,2.0,2.0,82.0,0.0,1.0,0.0,0.0,21.0,0,1716721145.0863938,synthetic_001,train
3.191695,3.1659932,-0.37597972,0.35,0.5,3.40772,6.9409776,3.0,3.0,0.0,23.728504,0.0,2.0,2.0,95.0,1.0,1.0,0.0,0.0,15.0,0,1716721150.0863938,synthetic_001,train
2.8725255,3.1509492,-0.44753224,0.4,0.6,3.2376919,6.9409776,3.0,3.0,0.0,25.43594,0.0,2.0,2.0,106.0,1.0,1.0,0.0,0.0,15.0,0,1716721155.0863938,synthetic_001,train
2.0429397,2.841239,-0.25685847,0.53333336,0.6666667,3.402767,6.848351,3.0,3.0,0.0,21.493444,0.0,2.0,2.0,87.0,1.0,1.0,0.0,0.0,4.0,0,1716721160.0863938,synthetic_001,train
3.598708,6.202686,0.74259937,0.5,0.6,3.1766064,6.848351,4.0,3.0,0.0,26.037373,0.0,2.0,2.0,109.0,1.0,1.0,0.0,0.0,9.0,1,1716721165.0863938,synthetic_001,train
3.9109654,6.8797593,1.1053444,0.46666667,0.6,2.935479,6.848351,3.0,3.0,0.0,16.635479,0.0,2.0,2.0,88.0,1.0,1.0,0.0,0.0,9.0,1,1716721170.0863938,synthetic_001,train
4.5154405,6.7635145,0.85715884,0.425,0.6,3.060094,9.68894,3.0,3.0,0.0,25.994106,0.0,2.0,2.0,99.0,1.0,1.0,0.0,0.0,10.0,1,1716721175.0863938,synthetic_001,train
5.4801183,7.8623557,1.8937982,0.2,0.4,3.7968097,9.68894,3.0,2.0,0.0,21.073421,0.0,2.0,2.0,66.0,1.0,0.0,0.0,0.0,10.0,1,1716721180.0863938,synthetic_001,train
5.5984116,7.1841364,0.098032765,0.35,0.5,4.513818,9.68894,4.0,2.0,0.0,25.972597,0.0,2.0,2.0,77.0,1.0,1.0,0.0,0.0,10.0,1,1716721185.0863938,synthetic_001,train
28.205166,70.159256,13.293503,0.325,0.4,3.5124454,9.68894,4.0,3.0,0.0,27.678967,0.0,2.0,2.0,99.0,0.0,1.0,0.0,0.0,10.0,1,1716721190.0863938,synthetic_001,train
29.275366,74.92482,12.02944,0.43333334,0.6666667,3.757385,9.68894,3.0,3.0,0.0,20.37014,0.0,2.0,2.0,88.0,0.0,1.0,0.0,0.0,10.0,1,1716721195.0863938,synthetic_001,train
23.689863,67.12149,3.432294,0.4,0.6,3.8527722,9.68894,5.0,3.0,0.0,28.838781,0.0,2.0,2.0,110.0,1.0,1.0,0.0,0.0,20.0,1,1716721200.0863938,synthetic_001,train
25.795591,70.81022,0.16721554,0.45,0.5,3.2786238,8.621008,4.0,3.0,0.0,20.886606,0.0,2.0,2.0,99.0,1.0,1.0,0.0,0.0,20.0,1,1716721205.0863938,synthetic_001,train
21.105484,64.18844,-2.01934,0.6666667,1.0,3.357706,8.621008,5.0,3.0,0.0,28.313759,0.0,3.0,3.0,121.0,1.0,1.0,0.0,0.0,20.0,1,1716721210.0863938,synthetic_001,train
21.297134,64.14297,-5.5137954,0.4,0.6,2.917342,6.6085978,5.0,4.0,0.0,26.86244,0.0,3.0,3.0,121.0,1.0,0.0,0.0,0.0,20.0,1,1716721215.0863938,synthetic_001,train
1.9419109,3.2534106,0.22487232,0.675,0.75,3.0237126,6.6085978,4.0,4.0,0.0,24.222414,0.0,3.0,3.0,99.0,1.0,0.0,0.0,0.0,16.0,1,1716721220.0863938,synthetic_001,train
4.297095,8.054659,1.2363446,0.6,0.6,3.1753004,7.059885,5.0,4.0,0.0,27.735878,0.0,3.0,3.0,110.0,1.0,0.0,0.0,0.0,16.0,1,1716721225.0863938,synthetic_001,train
4.2060814,8.079866,0.45009032,0.6,0.6,3.0048993,7.059885,4.0,4.0,0.0,28.163733,0.0,3.0,3.0,110.0,1.0,1.0,0.0,0.0,16.0,1,1716721230.0863938,synthetic_001,train
12.24094,30.63287,4.2057447,0.46666667,0.8,2.6990147,7.059885,4.0,4.0,1.0,25.779577,0.0,3.0,3.0,132.0,1.0,1.0,1.0,1.0,16.0,1,1716721235.0863938,synthetic_001,train
11.78465,29.374846,1.4947703,0.5555556,0.6666667,2.3677788,7.059885,3.0,4.0,1.0,26.527632,0.0,2.0,2.0,143.0,0.0,1.0,1.0,1.0,16.0,0,1716721240.0863938,synthetic_001,train
12.065344,30.662811,0.67799693,0.56666666,0.6,2.475044,7.059885,3.0,4.0,1.0,28.938461,0.0,2.0,2.0,132.0,0.0,1.0,1.0,1.0,16.0,0,1716721245.0863938,synthetic_001,train
12.065344,30.662811,-0.33447948,0.6666667,1.0,2.8363082,7.059885,4.0,4.0,1.0,26.975815,0.0,2.0,2.0,133.0,1.0,1.0,1.0,1.0,16.0,0,1716721250.0863938,synthetic_001,train
10.182288,30.456335,-1.1094588,0.56666666,0.8,2.5831795,6.7205257,4.0,4.0,1.0,24.277628,0.0,2.0,2.0,135.0,1.0,1.0,1.0,1.0,16.0,0,1716721255.0863938,synthetic_001,train
12.040188,33.324615,-3.2634404,0.6,0.6,2.4233525,5.0972366,3.0,4.0,1.0,22.76532,0.0,2.0,2.0,113.0,1.0,1.0,1.0,1.0,16.0,0,1716721260.0863938,synthetic_001,train
1.3151759,2.452573,-0.018393157,0.65,0.8,2.8584404,5.0972366,3.0,4.0,0.0,17.027023,0.0,1.0,1.0,80.0,1.0,1.0,0.0,0.0,2.0,0,1716721265.0863938,synthetic_001,train
1.2993953,2.1102412,0.6171261,0.4,0.8,5.0450273,13.631852,4.0,3.0,0.0,25.671463,0.0,2.0,2.0,71.0,1.0,0.0,0.0,0.0,2.0,0,1716721270.0863938,synthetic_001,train
3.7619598,5.28605,1.3899364,0.46666667,0.6,3.7539763,13.631852,3.0,3.0,0.0,24.934574,0.0,2.0,2.0,96.0,1.0,1.0,0.0,0.0,2.0,0,1716721275.0863938,synthetic_001,train
4.36477,5.0661564,1.075246,0.3,0.6,3.427865,13.631852,2.0,3.0,0.0,20.37071,1.0,2.0,2.0,96.0,0.0,1.0,0.0,0.0,2.0,0,1716721280.0863938,synthetic_001,train
4.0026355,5.284878,-0.20814468,0.53333336,0.6666667,3.8079836,13.631852,2.0,4.0,0.0,10.520011,1.0,2.0,2.0,96.0,1.0,1.0,0.0,0.0,13.0,0,1716721285.0863938,synthetic_001,train
3.874194,4.9585447,-0.22276622,0.45,0.5,3.8532593,13.631852,3.0,4.0,0.0,11.693046,2.0,2.0,2.0,108.0,1.0,1.0,0.0,0.0,13.0,0,1716721290.0863938,synthetic_001,train
3.7195547,4.700467,-0.2463605,0.4,0.4,3.9834414,13.631852,4.0,4.0,0.0,13.101281,2.0,2.0,2.0,120.0,1.0,1.0,0.0,0.0,13.0,1,1716721295.0863938,synthetic_001,train
5.1440587,6.56005,0.2991378,0.26666668,0.4,2.6456242,6.924019,3.0,4.0,0.0,12.347689,2.0,1.0,1.0,132.0,1.0,1.0,0.0,0.0,8.0,1,1716721300.0863938,synthetic_001,train
12.549852,28.264338,5.326379,0.4,0.4,2.6082466,6.924019,3.0,4.0,1.0,16.515882,1.0,1.0,1.0,120.0,1.0,1.0,1.0,0.0,8.0,1,1716721305.0863938,synthetic_001,train
13.408449,29.840218,6.6798234,0.425,0.6,2.6215687,6.924019,3.0,4.0,0.0,12.965632,1.0,1.0,1.0,108.0,1.0,1.0,1.0,0.0,8.0,1,1716721310.0863938,synthetic_001,train
17.239435,33.319664,10.004048,0.35,0.5,2.2943037,5.1550794,2.0,4.0,0.0,11.844661,0.0,1.0,1.0,84.0,1.0,1.0,1.0,0.0,8.0,1,1716721315.0863938,synthetic_001,train
21.659716,33.759884,7.268513,0.2,0.4,3.648002,17.120165,2.0,4.0,1.0,24.028934,0.0,1.0,1.0,96.0,1.0,1.0,1.0,0.0,8.0,1,1716721320.0863938,synthetic_001,train
19.767519,32.08152,1.3645566,0.2,0.4,3.454023,17.120165,2.0,4.0,0.0,28.945614,0.0,1.0,1.0,108.0,1.0,1.0,1.0,0.0,13.0,1,1716721325.0863938,synthetic_001,train
21.94561,36.448814,-6.1489053,0.35,0.5,4.3368974,17.120165,3.0,4.0,0.0,29.148895,0.0,1.0,1.0,84.0,0.0,0.0,1.0,0.0,13.0,1,1716721330.0863938,synthetic_001,train
9.8870945,19.935421,-3.605287,0.35,0.5,4.40686,17.120165,3.0,4.0,0.0,13.727855,0.0,1.0,1.0,84.0,0.0,0.0,0.0,0.0,18.0,1,1716721335.0863938,synthetic_001,train
8.605001,17.458347,-2.3387063,0.225,0.25,4.1167684,17.120165,4.0,4.0,0.0,19.930752,0.0,1.0,1.0,108.0,0.0,1.0,1.0,0.0,18.0,1,1716721340.0863938,synthetic_001,train
8.605001,17.458347,-2.3387063,0.225,0.25,4.1167684,17.120165,4.0,4.0,0.0,19.930752,0.0,1.0,1.0,108.0,0.0,1.0,1.0,0.0,18.0,1,1716721345.0863938,synthetic_001,train
3.05908,2.3110802,0.060429253,0.2,0.4,3.5721195,9.640511,4.0,4.0,0.0,28.091656,0.0,2.0,2.0,108.0,1.0,1.0,1.0,0.0,18.0,1,1716721350.0863938,synthetic_001,train
2.5717468,2.653589,-0.08105787,0.36666667,0.4,3.3138993,9.640511,3.0,1.0,0.0,21.890482,0.0,2.0,2.0,96.0,1.0,1.0,1.0,0.0,18.0,1,1716721355.0863938,synthetic_001,train
2.5717468,2.653589,-0.57091445,0.43333334,0.6666667,3.2086983,9.640511,3.0,1.0,0.0,23.905806,0.0,2.0,2.0,96.0,1.0,1.0,1.0,0.0,22.0,1,1716721360.0863938,synthetic_001,train
2.097495,2.3021686,-0.23606269,0.475,0.75,3.661015,9.640511,4.0,2.0,0.0,29.085754,0.0,3.0,3.0,109.0,1.0,1.0,1.0,0.0,24.0,1,1716721365.0863938,synthetic_001,train
5.9900527,10.635432,1.5843337,0.33333334,0.6,2.7770178,9.640511,3.0,2.0,0.0,20.906685,0.0,3.0,3.0,137.0,1.0,1.0,1.0,0.0,24.0,1,1716721370.0863938,synthetic_001,train
5.490882,10.286862,0.98833156,0.5,0.6,2.9168484,9.640511,4.0,2.0,0.0,25.361671,0.0,3.0,3.0,150.0,1.0,1.0,1.0,0.0,24.0,1,1716721375.0863938,synthetic_001,train
5.733487,10.731328,0.82286173,0.4,0.8,2.4534628,6.560844,4.0,2.0,0.0,25.568703,0.0,3.0,3.0,139.0,1.0,1.0,1.0,0.0,24.0,1,1716721380.0863938,synthetic_001,train
7.25764,11.848228,0.66679186,0.5,0.6,2.3895817,6.560844,5.0,3.0,0.0,29.67504,0.0,3.0,3.0,179.0,1.0,1.0,1.0,0.0,24.0,1,1716721385.0863938,synthetic_001,train
8.409202,11.857843,0.5343816,0.4,0.6,2.2692714,6.560844,5.0,4.0,0.0,27.478228,0.0,3.0,3.0,193.0,1.0,1.0,1.0,0.0,3.0,1,1716721390.0863938,synthetic_001,train
9.587392,12.319423,-0.24873197,0.26666668,0.4,2.1736498,5.227972,5.0,4.0,0.0,25.712034,0.0,3.0,3.0,169.0,1.0,1.0,1.0,0.0,3.0,1,1716721395.0863938,synthetic_001,train
7.709735,11.188269,1.0898124,0.3,0.6,2.7173877,5.227972,5.0,4.0,0.0,20.001503,0.0,3.0,3.0,117.0,1.0,1.0,1.0,0.0,3.0,1,1716721400.0863938,synthetic_001,train
7.837015,11.095731,0.009720244,0.2,0.4,3.386343,10.475582,5.0,4.0,0.0,26.053663,0.0,3.0,3.0,117.0,1.0,1.0,1.0,0.0,3.0,1,1716721405.0863938,synthetic_001,train
7.361279,10.656247,-0.848754,0.3,0.4,2.955225,10.475582,4.0,4.0,0.0,24.324276,0.0,3.0,3.0,132.0,1.0,1.0,1.0,1.0,3.0,1,1716721410.0863938,synthetic_001,train
5.0105987,7.516472,-2.4375048,0.5,1.0,4.136353,10.475582,4.0,4.0,1.0,28.393078,0.0,2.0,2.0,94.0,1.0,1.0,1.0,1.0,3.0,1,1716721415.0863938,synthetic_001,train
2.1086237,2.5313277,-0.835574,0.4,0.4,4.918088,10.475582,3.0,4.0,0.0,21.26183,0.0,2.0,2.0,68.0,0.0,1.0,1.0,1.0,16.0,0,1716721420.0863938,synthetic_001,train
1.6692221,2.3935523,-0.5267327,0.4,0.4,5.9567885,10.475582,3.0,4.0,0.0,19.308361,0.0,2.0,2.0,69.0,0.0,1.0,1.0,1.0,15.0,0,1716721425.0863938,synthetic_001,train
1.828669,2.3552384,-0.008918526,0.45,0.5,5.194043,10.475582,4.0,4.0,0.0,25.88272,0.0,2.0,2.0,97.0,1.0,1.0,1.0,1.0,10.0,0,1716721430.0863938,synthetic_001,train
3.2364442,3.7388473,0.76057327,0.3,0.6,3.7943292,8.522112,4.0,4.0,0.0,28.282986,0.0,2.0,2.0,112.0,1.0,1.0,1.0,1.0,4.0,0,1716721435.0863938,synthetic_001,train
2.8712952,3.8812833,0.7881852,0.45,0.5,4.691379,8.522112,5.0,4.0,0.0,25.55199,0.0,2.0,2.0,98.0,1.0,1.0,1.0,1.0,4.0,0,1716721440.0863938,synthetic_001,train
3.3742886,3.6695335,0.44760644,0.35,0.5,4.1371655,8.522112,5.0,4.0,0.0,20.438046,0.0,2.0,2.0,98.0,1.0,1.0,1.0,1.0,23.0,0,1716721445.0863938,synthetic_001,train
3.019879,3.3742094,-0.0068393718,0.35,0.5,3.606894,8.522112,6.0,4.0,0.0,23.939934,0.0,2.0,2.0,126.0,1.0,1.0,1.0,1.0,23.0,0,1716721450.0863938,synthetic_001,train
2.6192229,3.2397294,-0.33816043,0.6,1.0,2.9290524,5.983604,7.0,4.0,0.0,28.339075,0.0,2.0,2.0,154.0,1.0,1.0,1.0,1.0,10.0,0,1716721455.0863938,synthetic_001,train
3.6186504,4.3406677,-0.0325015,0.4,0.6,2.6659617,5.983604,6.0,4.0,0.0,23.314571,0.0,2.0,2.0,140.0,1.0,1.0,1.0,1.0,23.0,0,1716721460.0863938,synthetic_001,train
48.56222,93.614204,10.009868,0.35,0.6,1.9682444,5.983604,7.0,4.0,0.0,25.508308,0.0,1.0,1.0,224.0,1.0,1.0,0.0,0.0,0.0,0,1716721465.0863938,synthetic_001,train
49.328136,82.96048,2.9290588,0.34,0.5,1.3838845,5.060762,6.0,4.0,1.0,27.037294,0.0,1.0,1.0,308.0,1.0,1.0,0.0,0.0,0.0,0,1716721470.0863938,synthetic_001,train
46.98956,79.88137,0.831183,0.34,0.6,1.2990211,5.060762,5.0,4.0,0.0,27.80467,0.0,1.0,1.0,336.0,1.0,1.0,0.0,0.0,0.0,1,1716721475.0863938,synthetic_001,train
52.691444,86.710724,0.47627634,0.33333334,0.6,1.2074897,5.060762,4.0,4.0,1.0,27.448198,0.0,1.0,1.0,364.0,1.0,1.0,0.0,0.0,0.0,1,1716721480.0863938,synthetic_001,train
59.62667,87.89373,-0.9253227,0.32,0.6,1.0266699,5.060762,2.0,4.0,1.0,24.652344,0.0,1.0,1.0,350.0,1.0,1.0,0.0,0.0,0.0,1,1716721485.0863938,synthetic_001,train
56.95683,87.134155,-2.2261572,0.43333334,1.0,1.1986802,5.881181,3.0,4.0,1.0,26.104921,0.0,1.0,1.0,364.0,1.0,1.0,1.0,1.0,0.0,1,1716721490.0863938,synthetic_001,train
40.324,66.807,0.4006923,0.33333334,0.6,1.2145264,5.881181,1.0,4.0,0.0,21.522593,0.0,1.0,1.0,252.0,1.0,1.0,1.0,1.0,0.0,1,1716721495.0863938,synthetic_001,train
32.12374,72.371216,0.1290782,0.6,1.0,2.2979486,9.539214,3.0,2.0,0.0,28.39603,0.0,1.0,1.0,182.0,1.0,1.0,1.0,1.0,22.0,1,1716721500.0863938,synthetic_001,train
33.77793,78.74662,-4.494821,0.73333335,1.0,2.5871725,9.539214,3.0,2.0,0.0,26.36475,0.0,1.0,1.0,154.0,1.0,1.0,1.0,1.0,22.0,1,1716721505.0863938,synthetic_001,train
15.721272,41.699936,-7.554325,0.7,1.0,3.7649367,9.539214,4.0,2.0,0.0,27.66882,0.0,1.0,1.0,112.0,1.0,1.0,1.0,1.0,22.0,1,1716721510.0863938,synthetic_001,train
1.3648645,2.8120165,0.26678565,0.8,1.0,3.0928037,9.539214,4.0,2.0,1.0,28.13966,0.0,2.0,2.0,157.0,1.0,1.0,1.0,1.0,22.0,1,1716721515.0863938,synthetic_001,train
1.4414558,3.0964165,0.44292253,0.775,0.8,3.0563889,9.539214,3.0,2.0,1.0,17.968287,0.0,2.0,2.0,129.0,0.0,1.0,1.0,1.0,7.0,1,1716721520.0863938,synthetic_001,train
2.4234426,3.9889507,0.561844,0.64444447,0.8,2.8575969,9.539214,4.0,2.0,1.0,27.609545,0.0,4.0,4.0,189.0,1.0,1.0,1.0,1.0,22.0,1,1716721525.0863938,synthetic_001,train
3.198279,3.9272823,0.5207885,0.46666667,0.8,2.2283487,6.2132325,2.0,2.0,1.0,26.243753,0.0,4.0,4.0,193.0,1.0,1.0,1.0,1.0,15.0,1,1716721530.0863938,synthetic_001,train
3.464802,3.977221,0.5174454,0.4,0.6,2.1869795,6.2132325,2.0,2.0,1.0,20.863043,0.0,4.0,4.0,179.0,1.0,1.0,0.0,0.0,15.0,1,1716721535.0863938,synthetic_001,train
6.1127687,11.197793,1.1251961,0.46666667,0.6,2.1085293,6.5998096,2.0,4.0,1.0,28.711533,0.0,4.0,4.0,229.0,1.0,1.0,0.0,0.0,15.0,1,1716721540.0863938,synthetic_001,train
7.871843,13.337064,2.212063,0.4,0.4,2.517494,6.5998096,2.0,4.0,0.0,18.961706,0.0,4.0,4.0,156.0,1.0,1.0,0.0,0.0,18.0,0,1716721545.0863938,synthetic_001,train
7.871843,13.337064,2.212063,0.4,0.4,2.517494,6.5998096,2.0,4.0,0.0,18.961706,0.0,4.0,4.0,156.0,1.0,1.0,0.0,0.0,18.0,0,1716721550.0863938,synthetic_001,train
44.39782,97.338745,22.109802,0.2,0.4,3.43919,15.093388,2.0,4.0,0.0,28.503645,0.0,4.0,4.0,144.0,1.0,1.0,0.0,0.0,14.0,1,1716721555.0863938,synthetic_001,train
43.99806,97.53707,10.143195,0.325,0.4,3.297735,15.093388,2.0,4.0,0.0,23.079803,0.0,1.0,1.0,144.0,1.0,1.0,1.0,1.0,6.0,1,1716721560.0863938,synthetic_001,train
39.78189,92.92033,5.0771413,0.3,0.4,3.6214201,15.093388,3.0,4.0,0.0,29.614391,0.0,1.0,1.0,160.0,1.0,1.0,1.0,1.0,6.0,1,1716721565.0863938,synthetic_001,train
37.80633,92.96541,-9.4664135,0.3,0.4,2.9505324,15.093388,2.0,3.0,0.0,14.411937,0.0,1.0,1.0,160.0,1.0,1.0,1.0,1.0,13.0,1,1716721570.0863938,synthetic_001,train
32.435295,85.02279,-7.724404,0.2,0.4,2.83942,15.093388,2.0,3.0,0.0,18.979652,0.0,2.0,2.0,192.0,1.0,1.0,1.0,1.0,18.0,1,1716721575.0863938,synthetic_001,train
28.850817,78.79124,-6.146558,0.28333333,0.4,2.7975965,15.093388,3.0,4.0,1.0,24.072962,0.0,2.0,2.0,224.0,1.0,1.0,1.0,1.0,18.0,1,1716721580.0863938,synthetic_001,train
5.923684,6.670784,0.5328471,0.26666668,0.4,2.1312346,6.534587,2.0,4.0,1.0,23.932402,0.0,2.0,2.0,192.0,1.0,1.0,1.0,1.0,18.0,1,1716721585.0863938,synthetic_001,train
3.9331949,6.178302,-0.44337314,0.6,1.0,1.7959253,6.534587,3.0,4.0,1.0,23.996143,0.0,2.0,2.0,272.0,1.0,1.0,1.0,1.0,17.0,1,1716721590.0863938,synthetic_001,train
3.6126628,6.1138062,-0.54436964,0.65,1.0,1.4970871,5.3211865,2.0,4.0,1.0,25.594166,0.0,2.0,2.0,288.0,1.0,1.0,1.0,1.0,17.0,1,1716721595.0863938,synthetic_001,train
3.0529664,4.724674,-0.14208372,0.5,1.0,1.8079715,5.3211865,3.0,4.0,1.0,29.003546,0.0,2.0,2.0,272.0,1.0,1.0,1.0,0.0,17.0,1,1716721600.0863938,synthetic_001,train
3.4692752,5.2275386,0.19310263,0.5,1.0,1.7225871,5.3211865,3.0,4.0,1.0,25.007671,0.0,2.0,2.0,272.0,1.0,1.0,0.0,0.0,6.0,1,1716721605.0863938,synthetic_001,train
2.8101459,4.3588376,0.29628262,0.575,1.0,1.8520536,5.3211865,4.0,3.0,1.0,29.657415,0.0,2.0,2.0,272.0,1.0,1.0,0.0,0.0,9.0,1,1716721610.0863938,synthetic_001,train
2.7865303,4.8709,0.31335574,0.65,1.0,1.7180629,5.3211865,4.0,3.0,1.0,29.04007,0.0,2.0,2.0,324.0,1.0,1.0,1.0,1.0,6.0,1,1716721615.0863938,synthetic_001,train
4.1134977,5.6349053,0.23429245,0.5555556,0.6666667,1.9930505,4.1230392,3.0,3.0,1.0,23.599266,0.0,1.0,1.0,212.0,1.0,1.0,1.0,1.0,4.0,1,1716721620.0863938,synthetic_001,train
4.558016,5.666337,-0.2157903,0.33333334,0.8,2.732374,9.830257,4.0,3.0,1.0,28.66545,0.0,1.0,1.0,197.0,1.0,1.0,1.0,1.0,9.0,1,1716721625.0863938,synthetic_001,train
4.356643,5.1254454,-0.11869347,0.26666668,0.4,2.685551,9.830257,3.0,3.0,0.0,28.59717,0.0,1.0,1.0,183.0,1.0,1.0,1.0,1.0,15.0,1,1716721630.0863938,synthetic_001,train
2.9685605,4.6093745,0.34034583,0.5,0.8,2.96733,9.830257,4.0,3.0,0.0,25.824657,0.0,1.0,1.0,168.0,1.0,1.0,1.0,1.0,15.0,1,1716721635.0863938,synthetic_001,train
3.1204379,4.78429,0.14146368,0.425,0.6,3.1953893,9.830257,3.0,3.0,0.0,28.400965,0.0,1.0,1.0,153.0,1.0,1.0,1.0,1.0,26.0,1,1716721640.0863938,synthetic_001,train
1.9370645,2.3637292,-0.6309302,0.6,1.0,4.0103974,9.830257,4.0,0.0,0.0,18.242527,0.0,1.0,1.0,120.0,1.0,1.0,0.0,0.0,27.0,1,1716721645.0863938,synthetic_001,train
1.9370645,2.3637292,-0.6309302,0.6,1.0,4.0103974,9.830257,4.0,0.0,0.0,18.242527,0.0,1.0,1.0,120.0,1.0,1.0,0.0,0.0,27.0,1,1716721650.0863938,synthetic_001,train
1.5423414,2.3684876,-0.77409476,0.7,1.0,3.4082537,8.731544,4.0,4.0,0.0,25.054958,0.0,1.0,1.0,139.0,1.0,1.0,0.0,0.0,4.0,1,1716721655.0863938,synthetic_001,train
1.3570462,2.0837836,0.5484057,0.56666666,0.8,3.5246778,8.731544,5.0,4.0,0.0,24.949001,0.0,1.0,1.0,141.0,1.0,1.0,0.0,0.0,4.0,1,1716721660.0863938,synthetic_001,train
1.3570462,2.0837836,0.2899207,0.56666666,0.8,3.5560338,8.731544,5.0,4.0,0.0,22.068829,0.0,1.0,1.0,142.0,1.0,1.0,0.0,0.0,23.0,1,1716721665.0863938,synthetic_001,train
2.0908382,2.8323812,0.7057186,0.525,0.8,3.2033691,8.731544,5.0,4.0,0.0,24.869398,0.0,1.0,1.0,161.0,1.0,0.0,0.0,0.0,23.0,1,1716721670.0863938,synthetic_001,train
2.6882205,2.9703481,0.84019893,0.3,0.6,3.5446002,8.731544,4.0,4.0,0.0,16.080658,0.0,1.0,1.0,126.0,0.0,0.0,0.0,0.0,4.0,1,1716721675.0863938,synthetic_001,train
2.6882205,2.9703481,0.84019893,0.3,0.6,3.5446002,8.731544,4.0,4.0,0.0,16.080658,0.0,1.0,1.0,126.0,0.0,0.0,0.0,0.0,4.0,1,1716721680.0863938,synthetic_001,train
3.0934262,3.514608,-0.24800791,0.475,0.75,3.640175,12.936365,4.0,4.0,0.0,26.221275,1.0,2.0,2.0,166.0,1.0,0.0,0.0,0.0,23.0,1,1716721685.0863938,synthetic_001,train
6.2376194,8.564407,0.7024681,0.5,0.6,2.5992222,12.936365,3.0,4.0,0.0,13.845697,1.0,2.0,2.0,225.0,1.0,1.0,1.0,1.0,15.0,1,1716721690.0863938,synthetic_001,train
6.8046756,8.742968,0.5729748,0.33333334,0.6,2.5173995,12.936365,2.0,4.0,0.0,12.286816,1.0,2.0,2.0,207.0,1.0,1.0,1.0,1.0,15.0,1,1716721695.0863938,synthetic_001,train
7.907256,10.033624,0.7686702,0.4,0.6,2.5815792,12.936365,2.0,4.0,1.0,11.244369,1.0,3.0,3.0,209.0,1.0,1.0,1.0,1.0,15.0,1,1716721700.0863938,synthetic_001,train
6.8522887,9.524167,0.044360444,0.51111114,0.6,2.702527,12.936365,3.0,4.0,1.0,17.07422,1.0,3.0,3.0,247.0,1.0,1.0,1.0,1.0,11.0,1,1716721705.0863938,synthetic_001,train
8.77559,14.379334,0.6120499,0.65,1.0,2.6235828,12.936365,4.0,4.0,1.0,23.595781,1.0,3.0,3.0,304.0,1.0,1.0,1.0,1.0,11.0,1,1716721710.0863938,synthetic_001,train
9.056117,14.740343,-0.6100898,0.53333336,0.6,1.9862772,6.921286,3.0,4.0,0.0,29.261663,0.0,3.0,3.0,285.0,1.0,1.0,1.0,1.0,11.0,1,1716721715.0863938,synthetic_001,train
9.914016,14.881833,0.45465362,0.4,0.6,2.180006,6.921286,3.0,4.0,0.0,23.598799,0.0,3.0,3.0,266.0,1.0,1.0,1.0,1.0,16.0,0,1716721720.0863938,synthetic_001,train
10.543117,15.246912,0.52669865,0.35,0.6,2.0965226,6.921286,4.0,4.0,0.0,28.719597,0.0,3.0,3.0,323.0,1.0,1.0,1.0,1.0,16.0,0,1716721725.0863938,synthetic_001,train
12.860387,19.844421,0.8830898,0.3625,0.6,1.7722027,5.7144513,3.0,4.0,0.0,27.9574,0.0,3.0,3.0,361.0,1.0,0.0,1.0,1.0,16.0,0,1716721730.0863938,synthetic_001,train
42.937675,71.11646,2.3868554,0.2,0.6,0.97864395,3.9083197,2.0,4.0,0.0,26.902617,1.0,3.0,3.0,627.0,1.0,0.0,1.0,1.0,0.0,0,1716721735.0863938,synthetic_001,train
57.912045,81.58901,3.110735,0.11904762,0.33333334,0.7553336,3.124687,1.0,4.0,0.0,18.428673,1.0,2.0,2.0,703.0,1.0,0.0,1.0,1.0,0.0,0,1716721740.0863938,synthetic_001,train
79.27713,94.53148,-0.2674435,0.13095239,0.25,0.38446423,2.0834112,0.0,0.0,0.0,16.454203,1.0,0.0,0.0,77.0,0.0,0.0,0.0,0.0,0.0,0,1716720030.1320102,synthetic_002,train
70.89826,85.156746,0.0352571,0.114285715,0.3,0.47990888,4.1848364,1.0,3.0,0.0,15.069414,1.0,1.0,1.0,81.0,0.0,0.0,0.0,0.0,0.0,0,1716720035.1320102,synthetic_002,train
76.07818,90.377426,-0.9926272,0.125,0.25,0.5299507,4.1848364,1.0,3.0,0.0,17.00781,1.0,1.0,1.0,83.0,0.0,0.0,0.0,0.0,0.0,0,1716720040.1320102,synthetic_002,train
64.36268,77.59251,-0.76384807,0.14285715,0.2857143,0.68594074,6.69901,2.0,4.0,0.0,22.779343,1.0,1.0,1.0,82.0,0.0,0.0,0.0,0.0,0.0,0,1716720045.1320102,synthetic_002,train
55.693153,68.101944,-1.7131774,0.17857143,0.25,0.8844247,6.69901,3.0,4.0,0.0,29.729406,0.0,2.0,2.0,73.0,1.0,1.0,0.0,0.0,0.0,1,1716720050.1320102,synthetic_002,train
40.496273,51.57434,-4.176405,0.27,0.75,1.1927084,6.69901,3.0,4.0,0.0,27.886919,0.0,2.0,2.0,67.0,1.0,1.0,0.0,0.0,0.0,1,1716720055.1320102,synthetic_002,train
5.4716706,8.719135,0.24115708,0.42222223,0.6666667,2.1943643,6.69901,3.0,4.0,1.0,26.231636,0.0,2.0,2.0,48.0,1.0,1.0,0.0,0.0,17.0,1,1716720060.1320102,synthetic_002,train
5.7305174,9.511582,0.24148707,0.33333334,0.6,2.0042546,6.69901,2.0,4.0,1.0,19.48619,0.0,2.0,2.0,44.0,1.0,1.0,0.0,0.0,17.0,1,1716720065.1320102,synthetic_002,train
26.831417,76.38258,5.6393948,0.4,0.6,2.1478255,9.023393,3.0,4.0,1.0,25.518373,0.0,2.0,2.0,67.0,1.0,1.0,0.0,0.0,16.0,1,1716720070.1320102,synthetic_002,train
27.247242,76.253395,4.453895,0.4,0.6,1.8008674,9.023393,2.0,4.0,1.0,25.555063,0.0,2.0,2.0,69.0,1.0,1.0,0.0,0.0,1.0,1,1716720075.1320102,synthetic_002,train
24.67947,71.799065,0.0028779581,0.55,1.0,1.6572435,9.023393,2.0,4.0,1.0,22.575903,1.0,2.0,2.0,84.0,1.0,1.0,0.0,0.0,1.0,1,1716720080.1320102,synthetic_002,train
29.489462,81.9115,-5.068737,0.53333336,1.0,2.0582952,9.023393,2.0,4.0,1.0,18.352768,1.0,2.0,2.0,65.0,1.0,1.0,0.0,0.0,16.0,1,1716720085.1320102,synthetic_002,train
29.171076,82.02621,-7.0159345,0.6,1.0,2.2833827,9.023393,3.0,4.0,1.0,14.303479,1.0,2.0,2.0,65.0,1.0,1.0,0.0,0.0,16.0,1,1716720090.1320102,synthetic_002,train
25.914652,72.519844,-3.936452,0.575,1.0,2.2037373,9.023393,4.0,4.0,1.0,15.056545,1.0,2.0,2.0,85.0,1.0,1.0,0.0,0.0,16.0,1,1716720095.1320102,synthetic_002,train
8.4261265,17.831549,0.9325934,0.6333333,1.0,2.0610285,5.8253765,3.0,4.0,0.0,15.491801,1.0,2.0,2.0,60.0,1.0,0.0,0.0,0.0,24.0,1,1716720100.1320102,synthetic_002,train
7.543955,17.248577,0.37258795,0.6888889,0.8,2.589305,8.0168085,4.0,4.0,0.0,22.566563,1.0,2.0,2.0,65.0,1.0,0.0,0.0,0.0,24.0,1,1716720105.1320102,synthetic_002,train
7.1598725,19.15129,0.0678261,0.7,0.8,3.170777,8.0168085,4.0,4.0,0.0,29.306534,0.0,1.0,1.0,50.0,1.0,0.0,0.0,0.0,16.0,1,1716720110.1320102,synthetic_002,train
7.7516656,17.44183,-0.18881421,0.46666667,0.8,2.8404744,8.0168085,4.0,4.0,0.0,28.260315,0.0,2.0,2.0,60.0,1.0,1.0,0.0,0.0,18.0,1,1716720115.1320102,synthetic_002,train
6.6442847,16.289213,-0.93644136,0.65,0.8,2.2855682,8.0168085,3.0,4.0,1.0,26.62134,0.0,3.0,3.0,70.0,1.0,1.0,0.0,0.0,18.0,1,1716720120.1320102,synthetic_002,train
5.6261177,11.921209,0.6322969,0.6,0.6,2.065794,8.0168085,2.0,3.0,1.0,22.9701,0.0,4.0,4.0,75.0,1.0,1.0,1.0,1.0,18.0,1,1716720125.1320102,synthetic_002,train
5.6261177,11.921209,0.6322969,0.6,0.6,2.065794,8.0168085,2.0,3.0,1.0,22.9701,0.0,4.0,4.0,75.0,1.0,1.0,1.0,1.0,18.0,1,1716720130.1320102,synthetic_002,train
5.766782,12.327993,0.42416894,0.56666666,0.8,2.1134112,9.02411,2.0,3.0,1.0,26.579119,0.0,4.0,4.0,70.0,1.0,1.0,1.0,1.0,16.0,1,1716720135.1320102,synthetic_002,train
5.615399,12.347335,-0.020785198,0.56666666,0.6,2.090416,9.02411,2.0,3.0,1.0,26.99447,0.0,4.0,4.0,70.0,1.0,1.0,1.0,1.0,16.0,1,1716720140.1320102,synthetic_002,train
4.9485316,13.074821,-0.02427796,0.46666667,0.8,2.497583,9.02411,3.0,3.0,1.0,28.046093,0.0,4.0,4.0,60.0,0.0,1.0,1.0,1.0,16.0,1,1716720145.1320102,synthetic_002,train
9.912619,16.950363,0.80055636,0.26666668,0.6,2.5427666,9.02411,3.0,3.0,0.0,25.814695,0.0,4.0,4.0,55.0,0.0,1.0,1.0,1.0,16.0,1,1716720150.1320102,synthetic_002,train
6.3740926,12.557728,0.2966572,0.3,0.4,2.926385,9.02411,4.0,3.0,0.0,20.23974,0.0,1.0,1.0,50.0,1.0,1.0,0.0,0.0,16.0,1,1716720155.1320102,synthetic_002,train
12.906424,25.356165,3.1869788,0.2,0.4,2.6105828,9.02411,4.0,3.0,1.0,22.302885,0.0,2.0,2.0,60.0,1.0,1.0,1.0,0.0,16.0,1,1716720160.1320102,synthetic_002,train
11.811332,24.589682,1.2787403,0.42222223,0.6666667,2.2317607,5.484327,4.0,4.0,1.0,27.84474,0.0,2.0,2.0,65.0,1.0,1.0,1.0,0.0,16.0,1,1716720165.1320102,synthetic_002,train
12.531635,25.539436,0.16083731,0.53333336,1.0,2.4682524,5.5625443,4.0,4.0,1.0,24.134703,0.0,2.0,2.0,60.0,1.0,1.0,1.0,0.0,14.0,1,1716720170.1320102,synthetic_002,train
32.568718,80.51034,7.576343,0.43333334,0.5,2.1039371,5.5625443,4.0,4.0,1.0,28.008154,0.0,2.0,2.0,70.0,1.0,1.0,1.0,0.0,14.0,1,1716720175.1320102,synthetic_002,train
27.450272,78.404724,3.6303563,0.53333336,0.6,2.1766114,5.5625443,4.0,4.0,1.0,28.243332,0.0,2.0,2.0,75.0,1.0,1.0,1.0,0.0,13.0,1,1716720180.1320102,synthetic_002,train
36.759552,90.81398,2.232332,0.6666667,1.0,2.2352037,5.5625443,3.0,4.0,1.0,22.665453,0.0,2.0,2.0,55.0,1.0,1.0,1.0,0.0,13.0,1,1716720185.1320102,synthetic_002,train
34.8021,99.49208,5.052107,0.65,0.8,2.5026774,5.5625443,3.0,4.0,0.0,17.464708,0.0,2.0,2.0,45.0,1.0,1.0,0.0,0.0,13.0,1,1716720190.1320102,synthetic_002,train
44.74556,112.60174,-0.36044714,0.7,1.0,2.259156,5.5625443,2.0,4.0,0.0,10.251548,0.0,2.0,2.0,35.0,0.0,1.0,0.0,0.0,13.0,1,1716720195.1320102,synthetic_002,train
40.614323,98.729866,-7.121508,0.575,0.75,3.2626874,17.931425,2.0,4.0,0.0,27.819881,0.0,2.0,2.0,45.0,0.0,1.0,1.0,0.0,13.0,1,1716720200.1320102,synthetic_002,train
8.251202,19.533913,3.152665,0.65,0.8,3.849972,17.931425,1.0,4.0,0.0,24.747341,0.0,2.0,2.0,35.0,1.0,1.0,1.0,0.0,16.0,0,1716720205.1320102,synthetic_002,train
9.616458,20.957123,-0.874653,0.3,0.6,5.1553783,17.931425,3.0,1.0,0.0,13.000845,0.0,2.0,2.0,30.0,1.0,1.0,1.0,0.0,6.0,0,1716720210.1320102,synthetic_002,train
14.187219,24.89636,0.30849224,0.6,1.0,3.2573342,17.931425,3.0,1.0,0.0,17.89925,0.0,2.0,2.0,55.0,1.0,1.0,1.0,0.0,6.0,1,1716720215.1320102,synthetic_002,train
13.348195,23.915022,-0.1499398,0.43333334,0.6,3.2286706,17.931425,3.0,1.0,0.0,20.812622,0.0,2.0,2.0,61.0,1.0,1.0,1.0,0.0,6.0,1,1716720220.1320102,synthetic_002,train
17.448332,32.690132,1.2733924,0.35,0.6,2.712913,17.931425,4.0,4.0,1.0,28.188097,0.0,2.0,2.0,91.0,1.0,1.0,1.0,0.0,6.0,1,1716720225.1320102,synthetic_002,train
16.593416,33.196896,1.3460988,0.33333334,0.6,1.9747667,4.5742526,3.0,4.0,1.0,26.715467,0.0,2.0,2.0,82.0,1.0,1.0,0.0,0.0,0.0,1,1716720230.1320102,synthetic_002,train
17.778662,34.1191,1.1097012,0.26666668,0.8,1.9082476,4.5742526,3.0,4.0,1.0,22.141214,0.0,2.0,2.0,77.0,1.0,1.0,0.0,0.0,0.0,1,1716720235.1320102,synthetic_002,train
17.39375,34.31581,-0.88925844,0.43333334,0.5,2.0970204,9.194296,2.0,4.0,1.0,28.517586,0.0,2.0,2.0,79.0,1.0,1.0,0.0,0.0,12.0,1,1716720240.1320102,synthetic_002,train
13.840935,32.91097,-0.9058509,0.43333334,0.5,2.4334369,9.194296,3.0,4.0,1.0,26.287872,0.0,2.0,2.0,72.0,1.0,1.0,0.0,0.0,12.0,1,1716720245.1320102,synthetic_002,train
13.497689,33.042797,-1.8801033,0.5,0.6,2.408506,9.194296,3.0,4.0,1.0,26.373735,0.0,2.0,2.0,72.0,1.0,1.0,0.0,0.0,22.0,1,1716720250.1320102,synthetic_002,train
5.6928554,8.694751,1.6149672,0.425,0.6,2.9820554,9.194296,3.0,4.0,0.0,24.223879,0.0,2.0,2.0,54.0,1.0,1.0,0.0,0.0,22.0,1,1716720255.1320102,synthetic_002,train
5.1829023,8.899722,1.1435038,0.55,0.6,3.5947604,9.194296,4.0,4.0,0.0,23.158548,0.0,2.0,2.0,54.0,1.0,1.0,0.0,0.0,22.0,1,1716720260.1320102,synthetic_002,train
10.220241,14.147285,1.5330538,0.41666666,0.6,2.6772766,9.194296,4.0,4.0,1.0,28.287579,0.0,2.0,2.0,84.0,1.0,1.0,1.0,0.0,22.0,1,1716720265.1320102,synthetic_002,train
10.567366,13.935258,0.39266652,0.35,0.4,2.1973627,8.128964,3.0,4.0,1.0,26.767887,0.0,2.0,2.0,84.0,1.0,1.0,1.0,0.0,22.0,1,1716720270.1320102,synthetic_002,train
14.5304785,19.567154,0.81248087,0.4,0.6,1.9026179,8.128964,2.0,4.0,1.0,25.925072,0.0,2.0,2.0,90.0,1.0,1.0,1.0,0.0,22.0,0,1716720275.1320102,synthetic_002,train
14.730316,19.422932,0.109001614,0.33333334,0.4,1.995221,8.128964,3.0,4.0,1.0,25.133566,0.0,2.0,2.0,90.0,1.0,1.0,1.0,0.0,2.0,1,1716720280.1320102,synthetic_002,train
14.079116,20.038242,-0.41108105,0.35,0.4,2.2192395,8.128964,3.0,4.0,1.0,22.94039,0.0,2.0,2.0,84.0,1.0,1.0,1.0,0.0,17.0,1,1716720285.1320102,synthetic_002,train
14.079116,20.038242,-1.2774882,0.36666667,0.5,2.0020537,6.4529405,3.0,3.0,0.0,27.751642,0.0,2.0,2.0,84.0,1.0,1.0,1.0,0.0,17.0,1,1716720290.1320102,synthetic_002,train
10.501552,20.336674,-1.2354679,0.4,0.4,2.566143,6.4529405,3.0,3.0,1.0,23.19217,0.0,2.0,2.0,60.0,1.0,1.0,0.0,0.0,17.0,1,1716720295.1320102,synthetic_002,train
10.015576,20.543488,-3.398409,0.5,0.6,2.8469408,7.513359,4.0,4.0,0.0,27.346678,0.0,1.0,1.0,60.0,0.0,1.0,0.0,0.0,17.0,1,1716720300.1320102,synthetic_002,train
1.5337209,1.8552643,-0.46347305,0.7,1.0,4.325309,7.513359,4.0,4.0,0.0,21.948608,0.0,1.0,1.0,36.0,0.0,1.0,0.0,0.0,17.0,1,1716720305.1320102,synthetic_002,train
2.8503928,5.7674823,0.67784756,0.6333333,0.6666667,3.8149166,7.513359,4.0,4.0,0.0,24.066393,0.0,1.0,1.0,48.0,0.0,1.0,1.0,1.0,17.0,1,1716720310.1320102,synthetic_002,train
2.8473873,5.7680783,0.4871247,0.56666666,0.8,3.8254826,7.513359,4.0,4.0,0.0,25.515497,0.0,1.0,1.0,48.0,0.0,1.0,1.0,1.0,16.0,1,1716720315.1320102,synthetic_002,train
2.8473873,5.7680783,-0.055234782,0.6333333,0.6666667,3.7724307,7.513359,4.0,4.0,0.0,27.41774,0.0,1.0,1.0,48.0,0.0,1.0,1.0,1.0,16.0,1,1716720320.1320102,synthetic_002,train
2.0482178,5.4899797,-0.24604692,0.775,0.8,3.4885817,7.513359,4.0,4.0,0.0,23.883875,0.0,1.0,1.0,54.0,0.0,1.0,1.0,1.0,16.0,1,1716720325.1320102,synthetic_002,train
4.702977,9.018601,0.7323434,0.675,0.75,3.066567,6.880681,4.0,4.0,0.0,20.718422,0.0,1.0,1.0,54.0,0.0,1.0,1.0,1.0,27.0,1,1716720330.1320102,synthetic_002,train
3.527233,7.979786,-0.1367104,0.8,1.0,2.9415386,6.880681,5.0,4.0,0.0,28.417782,0.0,1.0,1.0,72.0,0.0,1.0,1.0,1.0,8.0,1,1716720335.1320102,synthetic_002,train
2.588968,7.1279054,0.016573632,0.8,1.0,2.8994138,6.5374694,5.0,4.0,0.0,25.356083,0.0,2.0,2.0,66.0,0.0,1.0,1.0,1.0,10.0,1,1716720340.1320102,synthetic_002,train
2.6643076,7.508854,-0.028128177,0.8,0.8,2.5356083,4.984663,4.0,4.0,0.0,20.692133,0.0,2.0,2.0,60.0,0.0,1.0,1.0,1.0,10.0,1,1716720345.1320102,synthetic_002,train
2.7901928,7.469674,-0.2824098,0.7,0.8,3.0224614,9.53248,4.0,4.0,0.0,28.080149,0.0,2.0,2.0,61.0,0.0,1.0,1.0,1.0,8.0,1,1716720350.1320102,synthetic_002,train
5.8915806,10.786982,0.71288276,0.4,0.8,2.6952195,9.53248,4.0,4.0,1.0,26.302195,0.0,3.0,3.0,70.0,0.0,1.0,1.0,1.0,8.0,1,1716720355.1320102,synthetic_002,train
4.2826014,8.619271,0.8083455,0.5,0.8,2.7786093,9.53248,4.0,4.0,1.0,28.358648,0.0,3.0,3.0,79.0,0.0,1.0,1.0,1.0,20.0,1,1716720360.1320102,synthetic_002,train
5.710135,9.642662,0.6417764,0.325,0.4,2.849328,9.53248,3.0,4.0,0.0,21.280697,0.0,3.0,3.0,61.0,0.0,1.0,1.0,1.0,20.0,0,1716720365.1320102,synthetic_002,train
9.318975,11.667583,1.2903447,0.2,0.4,2.7151287,9.53248,3.0,4.0,0.0,12.939776,1.0,3.0,3.0,77.0,0.0,1.0,1.0,1.0,20.0,0,1716720370.1320102,synthetic_002,train
9.320587,10.60274,0.60130554,0.2,0.4,2.5842571,9.53248,4.0,4.0,0.0,13.323561,2.0,3.0,3.0,98.0,1.0,1.0,1.0,1.0,20.0,0,1716720375.1320102,synthetic_002,train
9.689604,10.388312,0.2528055,0.2,0.4,2.0367715,6.7500286,3.0,4.0,1.0,11.432847,2.0,3.0,3.0,98.0,1.0,1.0,1.0,1.0,20.0,0,1716720380.1320102,synthetic_002,train
8.229083,9.240986,0.27375075,0.3,0.5,2.3779411,6.7500286,4.0,4.0,0.0,10.35297,2.0,1.0,1.0,85.0,1.0,1.0,1.0,1.0,4.0,0,1716720385.1320102,synthetic_002,train
8.649215,9.457845,-0.8973434,0.13333334,0.2,2.6976967,6.7500286,4.0,4.0,0.0,12.504347,1.0,1.0,1.0,80.0,1.0,1.0,1.0,1.0,0.0,0,1716720390.1320102,synthetic_002,train
8.600739,11.041544,-0.34531662,0.45,1.0,2.2177708,6.7500286,4.0,4.0,1.0,19.754833,1.0,2.0,2.0,120.0,1.0,1.0,1.0,1.0,5.0,0,1716720395.1320102,synthetic_002,train
7.8703146,10.267399,0.31891626,0.35555556,0.6666667,2.0570967,6.259429,3.0,4.0,1.0,23.328953,1.0,2.0,2.0,100.0,1.0,1.0,1.0,1.0,2.0,0,1716720400.1320102,synthetic_002,train
6.3259406,10.580826,0.17107567,0.43333334,0.6,2.5022902,7.610901,3.0,2.0,1.0,28.159805,0.0,2.0,2.0,95.0,1.0,1.0,1.0,1.0,5.0,1,1716720405.1320102,synthetic_002,train
5.790517,10.736768,-0.06772315,0.6,1.0,2.5025625,7.610901,3.0,2.0,0.0,26.60796,0.0,2.0,2.0,96.0,1.0,1.0,1.0,1.0,5.0,1,1716720410.1320102,synthetic_002,train
5.936311,10.662613,-0.48635104,0.43333334,0.6,2.788912,7.610901,3.0,2.0,1.0,27.207516,0.0,2.0,2.0,96.0,1.0,1.0,1.0,1.0,5.0,1,1716720415.1320102,synthetic_002,train
13.334837,27.821875,1.9134583,0.33333334,0.6,2.3110647,7.610901,2.0,2.0,1.0,28.381096,0.0,2.0,2.0,104.0,1.0,1.0,1.0,1.0,8.0,1,1716720420.1320102,synthetic_002,train
15.21469,32.12989,2.735284,0.2,0.4,2.9130793,7.610901,2.0,1.0,0.0,25.571512,0.0,2.0,2.0,72.0,1.0,1.0,1.0,1.0,22.0,1,1716720425.1320102,synthetic_002,train
12.486627,30.661274,1.0646485,0.2,0.4,3.3661268,7.610901,3.0,1.0,0.0,26.050367,0.0,1.0,1.0,80.0,1.0,1.0,1.0,0.0,4.0,1,1716720430.1320102,synthetic_002,train
13.696277,28.669806,-0.9164405,0.06666667,0.2,2.5704627,6.858986,2.0,1.0,0.0,26.404144,0.0,2.0,2.0,88.0,1.0,1.0,1.0,0.0,27.0,1,1716720435.1320102,synthetic_002,train
15.065905,29.838882,-2.1350057,0.0,0.0,2.6404145,6.858986,2.0,1.0,0.0,19.545158,0.0,2.0,2.0,80.0,1.0,1.0,1.0,0.0,27.0,1,1716720440.1320102,synthetic_002,train
15.051718,29.845951,-3.7568502,0.0,0.0,2.7009428,7.464269,2.0,4.0,0.0,24.179657,0.0,2.0,2.0,80.0,1.0,1.0,0.0,0.0,27.0,1,1716720445.1320102,synthetic_002,train
4.865788,3.866054,-0.44147483,0.125,0.25,3.0409744,7.464269,3.0,4.0,0.0,25.38523,0.0,2.0,2.0,72.0,1.0,1.0,1.0,1.0,27.0,1,1716720450.1320102,synthetic_002,train
5.9336915,8.16435,0.29399353,0.46666667,1.0,2.9424002,7.464269,4.0,4.0,0.0,27.12341,0.0,2.0,2.0,88.0,0.0,1.0,1.0,1.0,27.0,1,1716720455.1320102,synthetic_002,train
6.8835015,9.678439,0.31344938,0.43333334,0.8,2.4854174,7.464269,4.0,4.0,0.0,28.48877,0.0,2.0,2.0,96.0,1.0,1.0,1.0,1.0,27.0,1,1716720460.1320102,synthetic_002,train
5.6744967,9.678248,0.35155693,0.5,0.6,2.583422,7.464269,4.0,4.0,1.0,23.536795,0.0,2.0,2.0,99.0,1.0,1.0,1.0,1.0,22.0,1,1716720465.1320102,synthetic_002,train
5.995176,8.690773,0.29456872,0.4,0.6,2.4495203,7.464269,4.0,4.0,1.0,29.278536,0.0,2.0,2.0,126.0,1.0,1.0,1.0,1.0,22.0,1,1716720470.1320102,synthetic_002,train
5.8879986,8.758396,0.019331707,0.46666667,0.6,1.9570013,5.3071747,3.0,4.0,1.0,22.444656,1.0,3.0,3.0,127.0,1.0,1.0,1.0,1.0,22.0,1,1716720475.1320102,synthetic_002,train
6.1470633,9.02918,-0.47405636,0.5,0.8,2.3999171,9.862786,3.0,4.0,1.0,24.608429,1.0,3.0,3.0,120.0,1.0,1.0,1.0,1.0,22.0,1,1716720480.1320102,synthetic_002,train
5.0984945,6.915954,-0.41203386,0.43333334,0.5,2.5953045,9.862786,3.0,4.0,1.0,19.827251,1.0,3.0,3.0,105.0,1.0,1.0,1.0,1.0,22.0,1,1716720485.1320102,synthetic_002,train
3.1122038,3.7381334,-0.6121396,0.6,1.0,2.478857,9.862786,3.0,4.0,1.0,14.001425,1.0,3.0,3.0,108.0,1.0,1.0,1.0,0.0,22.0,1,1716720490.1320102,synthetic_002,train
9.07297,20.44475,1.8206707,0.48333332,0.8,2.1457083,9.862786,3.0,4.0,1.0,22.293575,1.0,3.0,3.0,126.0,1.0,1.0,1.0,0.0,22.0,1,1716720495.1320102,synthetic_002,train
7.8279877,20.695639,1.0531874,0.6333333,0.8,2.0334446,9.862786,3.0,3.0,1.0,24.33578,1.0,4.0,4.0,126.0,1.0,1.0,1.0,0.0,16.0,1,1716720500.1320102,synthetic_002,train
8.4301405,21.412674,1.0154078,0.62222224,0.8,2.1839802,9.862786,3.0,3.0,1.0,15.678347,1.0,4.0,4.0,117.0,1.0,1.0,1.0,0.0,16.0,1,1716720505.1320102,synthetic_002,train
15.318965,34.79609,2.8699358,0.53333336,0.8,1.9520797,7.085728,4.0,3.0,1.0,16.503471,1.0,4.0,4.0,135.0,0.0,1.0,1.0,1.0,16.0,1,1716720510.1320102,synthetic_002,train
17.260592,34.50638,2.4900532,0.4,0.8,1.8522245,7.085728,4.0,3.0,1.0,16.30376,1.0,4.0,4.0,144.0,0.0,1.0,1.0,1.0,16.0,1,1716720515.1320102,synthetic_002,train
18.562077,33.151264,0.44072118,0.35,0.6,1.8305838,7.085728,3.0,4.0,1.0,18.504663,1.0,4.0,4.0,153.0,1.0,1.0,1.0,1.0,21.0,1,1716720520.1320102,synthetic_002,train
14.289853,29.605145,-0.5080999,0.55,1.0,1.8021526,7.085728,3.0,4.0,1.0,22.412277,2.0,4.0,4.0,153.0,1.0,1.0,1.0,1.0,21.0,1,1716720525.1320102,synthetic_002,train
17.0374,32.119507,-2.3484075,0.45,0.75,1.8904675,7.085728,3.0,4.0,0.0,15.227784,1.0,2.0,2.0,126.0,1.0,1.0,1.0,1.0,21.0,1,1716720530.1320102,synthetic_002,train
14.618269,28.204462,-1.166923,0.45,0.6,1.8072912,7.085728,4.0,4.0,1.0,20.342066,2.0,2.0,2.0,180.0,1.0,1.0,1.0,1.0,4.0,1,1716720535.1320102,synthetic_002,train
9.526096,14.331348,-0.38981733,0.475,0.6,1.5382754,5.3678064,2.0,4.0,1.0,16.835169,2.0,2.0,2.0,171.0,1.0,1.0,1.0,0.0,4.0,1,1716720540.1320102,synthetic_002,train
8.002896,11.281041,0.12276847,0.4,0.6,1.3976374,5.3678064,1.0,4.0,1.0,19.102915,2.0,2.0,2.0,191.0,1.0,1.0,1.0,0.0,4.0,1,1716720545.1320102,synthetic_002,train
7.5200176,10.725789,0.19418746,0.45,0.6,1.3811282,5.3678064,1.0,3.0,0.0,18.703428,2.0,2.0,2.0,185.0,1.0,1.0,1.0,0.0,4.0,1,1716720550.1320102,synthetic_002,train
6.3416634,10.800859,-0.25538564,0.55,1.0,1.5440549,5.3678064,2.0,4.0,1.0,20.18462,1.0,1.0,1.0,180.0,1.0,1.0,0.0,0.0,4.0,1,1716720555.1320102,synthetic_002,train
6.0245805,10.607991,-0.30949718,0.55,1.0,1.5356147,5.3678064,2.0,4.0,1.0,21.542814,1.0,1.0,1.0,191.0,1.0,1.0,0.0,0.0,4.0,1,1716720560.1320102,synthetic_002,train
4.4433203,6.8402395,-0.568337,0.6,1.0,1.866591,6.965848,2.0,4.0,1.0,25.525282,0.0,1.0,1.0,148.0,1.0,1.0,0.0,0.0,21.0,1,1716720565.1320102,synthetic_002,train
4.384217,6.8884726,-0.7465748,0.5833333,0.75,1.9673777,6.965848,3.0,4.0,1.0,25.722866,0.0,1.0,1.0,141.0,1.0,1.0,0.0,0.0,21.0,1,1716720570.1320102,synthetic_002,train
2.5199459,4.284303,-0.3408443,0.6333333,0.8,2.5695224,6.965848,4.0,4.0,1.0,29.182774,0.0,1.0,1.0,125.0,1.0,0.0,0.0,0.0,21.0,1,1716720575.1320102,synthetic_002,train
1.1309022,2.2154582,0.15651958,0.8,1.0,2.3547826,6.965848,4.0,4.0,0.0,27.584196,0.0,1.0,1.0,139.0,1.0,0.0,0.0,0.0,21.0,1,1716720580.1320102,synthetic_002,train
2.0752485,2.5182974,0.2000828,0.4,0.6,2.7307355,6.965848,4.0,1.0,0.0,28.66284,0.0,1.0,1.0,121.0,1.0,0.0,0.0,0.0,16.0,1,1716720585.1320102,synthetic_002,train
11.528422,35.581905,3.1635826,0.5,0.6,2.4395368,6.965848,5.0,4.0,0.0,27.187668,0.0,1.0,1.0,157.0,1.0,0.0,0.0,0.0,16.0,1,1716720590.1320102,synthetic_002,train
11.528422,35.581905,2.4541411,0.51666665,0.75,2.073971,5.87597,4.0,4.0,0.0,25.657522,0.0,1.0,1.0,158.0,1.0,0.0,0.0,0.0,16.0,1,1716720595.1320102,synthetic_002,train
11.459601,32.407825,1.125564,0.45,0.8,1.9878017,5.87597,5.0,4.0,0.0,27.916658,0.0,2.0,2.0,195.0,1.0,1.0,0.0,0.0,16.0,1,1716720600.1320102,synthetic_002,train
13.22928,31.715883,0.8323431,0.4,0.6,1.6661934,3.9969347,5.0,4.0,1.0,28.052166,0.0,3.0,3.0,209.0,1.0,1.0,1.0,1.0,16.0,1,1716720605.1320102,synthetic_002,train
19.915106,39.43805,1.0271956,0.35,0.8,1.5874472,3.9969347,5.0,4.0,1.0,27.75201,0.0,4.0,4.0,237.0,1.0,1.0,1.0,1.0,16.0,1,1716720610.1320102,synthetic_002,train
19.858032,39.47734,0.061893728,0.4,0.6,1.4412397,3.7032692,4.0,4.0,1.0,25.564241,0.0,4.0,4.0,239.0,1.0,1.0,1.0,1.0,15.0,1,1716720615.1320102,synthetic_002,train
12.929523,28.96942,0.08035267,0.5,0.8,1.4744304,4.8662477,4.0,4.0,1.0,27.640684,0.0,5.0,5.0,240.0,1.0,1.0,1.0,1.0,15.0,1,1716720620.1320102,synthetic_002,train
13.167816,28.87692,-0.24042138,0.45,0.8,1.5079296,4.8662477,4.0,4.0,1.0,26.455322,0.0,5.0,5.0,240.0,1.0,1.0,1.0,1.0,15.0,1,1716720625.1320102,synthetic_002,train
13.316982,31.19184,-1.132986,0.475,0.8,1.6304578,5.694298,3.0,3.0,1.0,26.650515,0.0,5.0,5.0,204.0,1.0,1.0,1.0,1.0,15.0,1,1716720630.1320102,synthetic_002,train
12.722373,34.055748,-1.8170159,0.5833333,0.75,1.6588866,5.694298,2.0,3.0,0.0,22.017975,0.0,5.0,5.0,168.0,1.0,1.0,1.0,1.0,15.0,1,1716720635.1320102,synthetic_002,train
1.5966319,2.7792337,0.05354914,0.53333336,0.8,2.6360676,7.7435555,3.0,3.0,0.0,27.299982,0.0,5.0,5.0,132.0,0.0,1.0,0.0,0.0,15.0,1,1716720640.1320102,synthetic_002,train
1.9663644,2.7393637,0.5668297,0.46666667,0.8,2.7205055,7.7435555,3.0,3.0,0.0,25.059313,0.0,5.0,5.0,132.0,0.0,1.0,0.0,0.0,15.0,1,1716720645.1320102,synthetic_002,train
2.703751,2.9054496,0.1970534,0.46666667,0.6,3.7223496,7.7435555,3.0,2.0,0.0,27.260891,0.0,5.0,5.0,96.0,0.0,1.0,0.0,0.0,27.0,1,1716720650.1320102,synthetic_002,train
2.108018,2.9108229,0.19268155,0.6333333,0.6666667,3.5733514,7.7435555,3.0,4.0,0.0,22.892513,0.0,5.0,5.0,96.0,0.0,1.0,0.0,0.0,27.0,1,1716720655.1320102,synthetic_002,train
11.275921,29.850107,3.7575402,0.6,0.8,3.0699434,7.7435555,3.0,4.0,0.0,22.95588,0.0,5.0,5.0,120.0,0.0,1.0,0.0,0.0,4.0,1,1716720660.1320102,synthetic_002,train
11.275921,29.850107,3.7575402,0.6,0.8,3.0699434,7.7435555,3.0,4.0,0.0,22.95588,0.0,5.0,5.0,120.0,0.0,1.0,0.0,0.0,4.0,1,1716720665.1320102,synthetic_002,train
13.50677,33.37814,2.7264602,0.46666667,0.6,3.7899354,10.835256,3.0,4.0,0.0,28.16837,0.0,1.0,1.0,97.0,0.0,1.0,0.0,0.0,4.0,1,1716720670.1320102,synthetic_002,train
14.232495,36.023216,0.36034673,0.4,0.8,4.363917,10.835256,4.0,4.0,0.0,24.539692,0.0,1.0,1.0,86.0,0.0,1.0,0.0,0.0,4.0,1,1716720675.1320102,synthetic_002,train
46.296635,100.04663,12.793134,0.3,0.6,3.08136,10.835256,3.0,4.0,0.0,26.40632,0.0,2.0,2.0,113.0,1.0,1.0,1.0,0.0,4.0,1,1716720680.1320102,synthetic_002,train
41.88034,95.35312,1.8188041,0.3,0.4,3.3750799,10.835256,4.0,2.0,0.0,27.802057,0.0,2.0,2.0,127.0,1.0,1.0,1.0,1.0,11.0,1,1716720685.1320102,synthetic_002,train
41.196606,104.636,-3.2573068,0.16666667,0.33333334,3.468058,10.835256,3.0,2.0,0.0,16.90921,0.0,2.0,2.0,104.0,1.0,1.0,1.0,1.0,19.0,1,1716720690.1320102,synthetic_002,train
28.888489,85.50219,-5.167039,0.4,1.0,2.9128807,10.835256,4.0,2.0,0.0,24.119312,0.0,2.0,2.0,156.0,1.0,1.0,1.0,1.0,19.0,1,1716720695.1320102,synthetic_002,train
24.875748,76.37939,-5.149114,0.33333334,0.6,1.9212835,5.6240797,3.0,2.0,0.0,24.247658,0.0,2.0,2.0,195.0,1.0,1.0,1.0,1.0,19.0,1,1716720700.1320102,synthetic_002,train
22.843763,71.710625,-5.0095253,0.375,0.5,1.8276613,5.6240797,3.0,4.0,0.0,28.967884,0.0,2.0,2.0,221.0,1.0,1.0,1.0,1.0,2.0,1,1716720705.1320102,synthetic_002,train
5.0508156,6.6871166,0.20858254,0.4,0.6,2.0378642,5.6240797,3.0,4.0,0.0,24.943884,0.0,2.0,2.0,195.0,1.0,1.0,1.0,1.0,2.0,1,1716720710.1320102,synthetic_002,train
5.37353,6.8076267,-0.11735517,0.35,0.4,2.1942441,7.4959335,3.0,4.0,0.0,28.91883,0.0,2.0,2.0,182.0,1.0,1.0,1.0,1.0,2.0,1,1716720715.1320102,synthetic_002,train
5.0760517,6.8378024,-0.15690285,0.35,0.4,2.4085166,7.4959335,4.0,4.0,0.0,29.348635,0.0,2.0,2.0,182.0,1.0,1.0,1.0,1.0,2.0,1,1716720720.1320102,synthetic_002,train
6.3191056,7.459224,-0.0691281,0.28333333,0.4,2.2614524,7.4959335,4.0,4.0,1.0,29.387995,0.0,2.0,2.0,182.0,1.0,1.0,1.0,1.0,2.0,1,1716720725.1320102,synthetic_002,train
6.088563,6.5526047,-0.03415518,0.2,0.2,2.6960397,7.4959335,4.0,4.0,1.0,24.179268,0.0,2.0,2.0,130.0,1.0,1.0,1.0,1.0,2.0,0,1716720730.1320102,synthetic_002,train
19.097963,27.479168,2.7890096,0.15,0.4,1.8952972,7.4959335,4.0,4.0,1.0,15.544396,1.0,2.0,2.0,209.0,1.0,1.0,1.0,0.0,0.0,1,1716720735.1320102,synthetic_002,train
15.432095,24.90888,0.19149876,0.28,0.8,1.461663,7.4959335,4.0,4.0,1.0,14.361279,1.0,5.0,5.0,280.0,1.0,1.0,1.0,0.0,0.0,1,1716720740.1320102,synthetic_002,train
15.355864,24.955732,-0.20650701,0.48,1.0,1.3285342,7.363103,4.0,4.0,1.0,15.399213,1.0,5.0,5.0,281.0,1.0,1.0,1.0,0.0,0.0,1,1716720745.1320102,synthetic_002,train
15.323588,24.973621,-0.5659295,0.32,0.6,1.4135686,7.363103,4.0,4.0,1.0,20.774921,1.0,5.0,5.0,282.0,1.0,1.0,1.0,0.0,0.0,1,1716720750.1320102,synthetic_002,train
19.017303,27.146002,-0.42286238,0.4,0.6,1.3991114,7.363103,3.0,4.0,1.0,18.557213,1.0,5.0,5.0,272.0,1.0,1.0,0.0,0.0,0.0,1,1716720755.1320102,synthetic_002,train
17.500164,26.293604,-0.6971236,0.42,0.6,1.4825456,7.363103,3.0,4.0,1.0,22.957182,1.0,5.0,5.0,300.0,1.0,1.0,1.0,0.0,0.0,1,1716720760.1320102,synthetic_002,train
7.6555724,15.730705,0.38304982,0.7,1.0,1.7649742,6.586122,3.0,4.0,1.0,28.117317,0.0,5.0,5.0,224.0,1.0,1.0,1.0,0.0,4.0,1,1716720765.1320102,synthetic_002,train
9.952206,19.411592,-1.2224433,0.6,0.8,2.5179148,6.586122,3.0,4.0,0.0,20.478916,0.0,2.0,2.0,140.0,1.0,1.0,1.0,0.0,4.0,1,1716720770.1320102,synthetic_002,train
8.428276,17.918856,-2.0575895,0.6666667,1.0,2.6427395,7.4199963,3.0,4.0,1.0,25.12675,0.0,2.0,2.0,168.0,1.0,1.0,1.0,0.0,13.0,1,1716720775.1320102,synthetic_002,train
8.725696,17.828629,-2.4746907,0.56666666,0.8,2.2793887,7.4199963,2.0,4.0,1.0,24.423458,0.0,2.0,2.0,168.0,1.0,1.0,1.0,0.0,13.0,1,1716720780.1320102,synthetic_002,train
1.656085,2.5713742,0.2330995,0.46666667,0.8,2.805885,7.4199963,3.0,4.0,1.0,28.288267,0.0,2.0,2.0,156.0,1.0,1.0,1.0,0.0,13.0,1,1716720785.1320102,synthetic_002,train
1.3559397,2.4991121,0.34653986,0.7,0.8,3.245683,7.4199963,4.0,4.0,0.0,28.735115,0.0,2.0,2.0,144.0,1.0,1.0,0.0,0.0,17.0,1,1716720790.1320102,synthetic_002,train
1.6249471,2.5331838,-0.014620656,0.73333335,1.0,2.8536828,7.4199963,3.0,4.0,0.0,23.970514,0.0,2.0,2.0,166.0,0.0,1.0,1.0,0.0,9.0,1,1716720795.1320102,synthetic_002,train
1.6249471,2.5331838,-0.014620656,0.73333335,1.0,2.8536828,7.4199963,3.0,4.0,0.0,23.970514,0.0,2.0,2.0,166.0,0.0,1.0,1.0,0.0,9.0,1,1716720800.1320102,synthetic_002,train
1.4967264,2.4609585,-0.3228197,0.73333335,1.0,2.3982658,7.0441127,3.0,4.0,0.0,26.553278,0.0,2.0,2.0,188.0,1.0,1.0,1.0,0.0,17.0,1,1716720805.1320102,synthetic_002,train
2.6074393,4.2503743,0.38047794,0.6,0.8,2.2187135,7.0441127,4.0,4.0,0.0,28.151892,0.0,2.0,2.0,238.0,1.0,1.0,1.0,0.0,9.0,1,1716720810.1320102,synthetic_002,train
3.2045398,4.5988874,0.6375953,0.53333336,0.8,1.9971321,7.0441127,3.0,4.0,0.0,23.731113,0.0,2.0,2.0,240.0,1.0,1.0,1.0,0.0,17.0,1,1716720815.1320102,synthetic_002,train
3.5811808,4.379618,0.5021847,0.35,0.6,1.8095481,7.0441127,2.0,4.0,0.0,27.616138,0.0,2.0,2.0,256.0,1.0,1.0,1.0,0.0,17.0,1,1716720820.1320102,synthetic_002,train
4.0756826,4.639941,0.34074566,0.37777779,0.6,2.0537148,7.0441127,2.0,4.0,0.0,19.65418,0.0,2.0,2.0,208.0,1.0,1.0,1.0,0.0,17.0,1,1716720825.1320102,synthetic_002,train
4.1840687,5.623258,0.24806452,0.475,0.6,2.0187507,7.0441127,3.0,4.0,1.0,27.274649,0.0,2.0,2.0,272.0,1.0,1.0,1.0,0.0,17.0,1,1716720830.1320102,synthetic_002,train
4.498229,5.6767426,-0.33572853,0.55,1.0,1.9626054,4.8296304,3.0,4.0,1.0,27.074295,0.0,2.0,2.0,256.0,1.0,1.0,1.0,1.0,17.0,1,1716720835.1320102,synthetic_002,train
3.3398027,5.1487393,-0.32042524,0.53333336,0.8,2.000376,4.8296304,2.0,4.0,1.0,28.888943,0.0,2.0,2.0,242.0,1.0,1.0,1.0,1.0,17.0,1,1716720840.1320102,synthetic_002,train
2.6607258,5.0684104,-0.11273025,0.62222224,0.6666667,2.028369,4.8296304,2.0,4.0,0.0,23.926174,0.0,2.0,2.0,210.0,1.0,1.0,1.0,1.0,17.0,0,1716720845.1320102,synthetic_002,train
2.3056538,5.0458417,0.053347662,0.7,0.8,2.0988564,5.433742,3.0,2.0,0.0,26.894258,0.0,2.0,2.0,229.0,1.0,1.0,1.0,1.0,24.0,1,1716720850.1320102,synthetic_002,train
2.4830117,5.20626,-0.021994418,0.6888889,0.8,2.0687892,5.433742,3.0,2.0,0.0,22.064629,0.0,2.0,2.0,213.0,1.0,1.0,1.0,1.0,24.0,1,1716720855.1320102,synthetic_002,train
1.571495,2.4486604,0.2692505,0.6,0.8,2.6863484,7.589693,3.0,2.0,0.0,22.15029,0.0,2.0,2.0,166.0,0.0,1.0,1.0,1.0,24.0,1,1716720860.1320102,synthetic_002,train
1.856353,2.6032271,0.3147444,0.4,0.8,3.5365794,7.589693,3.0,2.0,0.0,27.671083,0.0,2.0,2.0,135.0,1.0,1.0,1.0,0.0,24.0,1,1716720865.1320102,synthetic_002,train
2.4947119,2.7847621,0.6751447,0.2,0.4,4.2448707,7.589693,3.0,1.0,0.0,20.035482,0.0,2.0,2.0,102.0,1.0,1.0,0.0,0.0,13.0,1,1716720870.1320102,synthetic_002,train
2.7722273,2.6659951,0.40137684,0.325,0.4,3.8861117,7.589693,4.0,1.0,0.0,29.541264,0.0,2.0,2.0,154.0,1.0,1.0,1.0,1.0,13.0,1,1716720875.1320102,synthetic_002,train
3.3647325,3.0837111,0.5704516,0.26666668,0.33333334,3.8413143,7.589693,3.0,3.0,0.0,23.140821,0.0,2.0,2.0,139.0,1.0,1.0,1.0,1.0,25.0,1,1716720880.1320102,synthetic_002,train
3.3963604,3.1872346,0.34844792,0.3,0.4,3.5045352,7.589693,3.0,3.0,0.0,27.455658,0.0,2.0,2.0,175.0,1.0,1.0,1.0,1.0,25.0,1,1716720885.1320102,synthetic_002,train
3.598057,3.3121905,0.3278435,0.35,0.5,3.0506287,7.134711,2.0,3.0,0.0,20.320948,0.0,1.0,1.0,158.0,1.0,0.0,1.0,1.0,25.0,1,1716720890.1320102,synthetic_002,train
3.8375742,3.456553,0.26304728,0.36666667,0.4,2.5401185,4.687974,1.0,3.0,0.0,17.812977,0.0,1.0,1.0,141.0,1.0,0.0,1.0,1.0,15.0,1,1716720895.1320102,synthetic_002,train
3.3058028,3.4630842,0.073824026,0.4,0.4,3.333229,11.927066,2.0,3.0,0.0,28.644318,0.0,1.0,1.0,178.0,1.0,0.0,1.0,1.0,15.0,1,1716720900.1320102,synthetic_002,train
3.2957687,3.6102068,0.038432416,0.36666667,0.4,3.4342551,11.927066,2.0,3.0,0.0,24.831768,0.0,1.0,1.0,144.0,1.0,0.0,1.0,0.0,15.0,1,1716720905.1320102,synthetic_002,train
2.4968314,3.0411158,-0.085062295,0.45,0.5,4.0835395,11.927066,3.0,2.0,0.0,25.973095,0.0,1.0,1.0,126.0,1.0,0.0,1.0,0.0,15.0,0,1716720910.1320102,synthetic_002,train
2.0864153,2.6325526,0.12776667,0.4,0.4,4.853988,11.927066,3.0,2.0,0.0,12.342874,0.0,1.0,1.0,90.0,1.0,0.0,1.0,0.0,19.0,0,1716720915.1320102,synthetic_002,train
11.941183,27.089895,7.511222,0.45,0.5,5.079542,11.927066,4.0,2.0,0.0,23.62973,0.0,1.0,1.0,126.0,1.0,0.0,1.0,0.0,4.0,1,1716720920.1320102,synthetic_002,train
36.731438,84.99156,10.699946,0.5555556,0.6666667,3.113186,11.927066,4.0,4.0,0.0,19.761473,1.0,2.0,2.0,234.0,1.0,1.0,1.0,1.0,4.0,1,1716720925.1320102,synthetic_002,train
33.978813,82.297935,1.5400763,0.65,0.75,2.2199957,11.122824,3.0,4.0,1.0,15.675662,1.0,2.0,2.0,252.0,1.0,1.0,1.0,1.0,4.0,1,1716720930.1320102,synthetic_002,train
30.233784,77.3062,-1.4562156,0.5,0.8,2.0131347,11.122824,2.0,4.0,1.0,18.636105,1.0,4.0,4.0,288.0,1.0,1.0,1.0,1.0,4.0,1,1716720935.1320102,synthetic_002,train
29.071302,75.00471,-2.7866454,0.575,0.6,1.8968967,11.122824,2.0,4.0,1.0,16.153969,1.0,4.0,4.0,306.0,1.0,1.0,1.0,1.0,17.0,1,1716720940.1320102,synthetic_002,train
27.45623,73.08717,-2.8566716,0.6166667,0.6666667,2.078316,11.122824,3.0,4.0,1.0,20.445337,1.0,4.0,4.0,324.0,1.0,1.0,1.0,1.0,17.0,1,1716720945.1320102,synthetic_002,train
26.315996,76.570816,-3.6954172,0.7,1.0,1.6326768,5.1624417,2.0,4.0,1.0,21.401606,1.0,4.0,4.0,288.0,1.0,1.0,1.0,1.0,17.0,1,1716720950.1320102,synthetic_002,train
2.6483424,3.6420488,0.17316294,0.4,0.8,2.474498,6.0112686,3.0,4.0,1.0,24.970968,0.0,4.0,4.0,198.0,1.0,1.0,1.0,0.0,17.0,1,1716720955.1320102,synthetic_002,train
3.501027,3.9703119,0.09776599,0.4,0.4,2.9283073,6.0112686,4.0,4.0,0.0,28.989254,0.0,4.0,4.0,180.0,1.0,1.0,0.0,0.0,17.0,1,1716720960.1320102,synthetic_002,train
3.3833175,4.4090796,0.28033274,0.45,0.5,3.500761,6.0112686,4.0,4.0,0.0,20.5111,0.0,4.0,4.0,126.0,1.0,0.0,0.0,0.0,9.0,1,1716720965.1320102,synthetic_002,train
2.2019372,3.406529,0.5128617,0.7,1.0,4.7069945,8.876822,4.0,4.0,0.0,23.079525,0.0,2.0,2.0,108.0,1.0,1.0,0.0,0.0,9.0,0,1716720970.1320102,synthetic_002,train
2.2019372,3.406529,-0.24208821,0.7,1.0,4.887828,8.876822,4.0,4.0,0.0,23.315699,0.0,2.0,2.0,108.0,1.0,1.0,0.0,0.0,9.0,0,1716720975.1320102,synthetic_002,train
1.8873748,3.2191634,-0.387227,0.7,1.0,4.775301,8.876822,5.0,4.0,0.0,27.415836,0.0,2.0,2.0,126.0,1.0,1.0,0.0,0.0,9.0,0,1716720980.1320102,synthetic_002,train
9.130109,26.118801,3.2351725,0.6333333,0.8,2.8331902,8.876822,5.0,4.0,0.0,29.053501,0.0,2.0,2.0,216.0,1.0,1.0,0.0,0.0,9.0,0,1716720985.1320102,synthetic_002,train
9.834593,28.779034,3.7581236,0.8,0.8,2.8762128,8.876822,4.0,4.0,0.0,19.885305,0.0,2.0,2.0,180.0,0.0,1.0,0.0,0.0,18.0,0,1716720990.1320102,synthetic_002,train
8.195495,26.311584,1.4804145,0.8666667,1.0,2.9475675,8.876822,5.0,4.0,0.0,26.493986,0.0,2.0,2.0,216.0,0.0,1.0,0.0,0.0,23.0,1,1716720995.1320102,synthetic_002,train
7.024709,24.385424,0.065966636,0.8666667,1.0,2.2577662,6.247443,5.0,4.0,0.0,25.361286,0.0,2.0,2.0,252.0,0.0,1.0,1.0,0.0,23.0,1,1716721000.1320102,synthetic_002,train
6.9861493,23.498857,-0.3351202,0.8,0.8,1.9933723,4.1001377,4.0,4.0,0.0,25.800447,0.0,2.0,2.0,270.0,0.0,1.0,1.0,0.0,23.0,1,1716721005.1320102,synthetic_002,train
7.6043386,22.673553,-0.37919253,0.55,0.8,1.8403612,4.0286427,3.0,3.0,0.0,24.228422,1.0,2.0,2.0,288.0,1.0,1.0,1.0,0.0,18.0,1,1716721010.1320102,synthetic_002,train
2.3323486,4.227953,0.983448,0.7,1.0,2.2863336,3.9463837,2.0,3.0,0.0,15.926444,1.0,2.0,2.0,180.0,1.0,0.0,1.0,0.0,24.0,1,1716721015.1320102,synthetic_002,train
1.9436239,3.9306104,0.24117124,0.8,1.0,2.6548412,8.389898,4.0,3.0,0.0,17.030882,1.0,2.0,2.0,216.0,1.0,1.0,1.0,1.0,24.0,1,1716721020.1320102,synthetic_002,train
4.7973228,10.955773,0.9416885,0.6888889,0.8,2.3252754,8.389898,4.0,4.0,0.0,16.40792,1.0,1.0,1.0,234.0,1.0,1.0,1.0,1.0,24.0,1,1716721025.1320102,synthetic_002,train
5.669563,11.772638,0.42415377,0.73333335,1.0,2.6846416,8.389898,4.0,4.0,0.0,22.638704,1.0,1.0,1.0,198.0,1.0,1.0,1.0,1.0,24.0,1,1716721030.1320102,synthetic_002,train
5.083535,11.889967,-0.29953936,0.8,1.0,2.7736607,8.389898,5.0,4.0,0.0,27.833076,0.0,1.0,1.0,198.0,1.0,1.0,1.0,1.0,24.0,1,1716721035.1320102,synthetic_002,train
3.9041705,12.346071,-0.2366164,0.9,1.0,3.1219988,8.389898,6.0,4.0,0.0,22.83009,0.0,1.0,1.0,180.0,0.0,1.0,1.0,1.0,4.0,1,1716721040.1320102,synthetic_002,train
28.98152,86.087395,11.403859,0.6,1.0,2.7176013,8.389898,6.0,4.0,0.0,24.221317,0.0,2.0,2.0,216.0,0.0,1.0,1.0,1.0,4.0,1,1716721045.1320102,synthetic_002,train
34.777824,93.98913,11.335701,0.7,0.8,2.8900712,8.239534,5.0,4.0,1.0,25.677017,0.0,3.0,3.0,180.0,1.0,1.0,1.0,1.0,27.0,1,1716721050.1320102,synthetic_002,train
38.592068,105.66899,10.818292,0.73333335,0.8,3.4755003,8.239534,5.0,4.0,1.0,20.463434,1.0,3.0,3.0,144.0,1.0,1.0,0.0,0.0,4.0,0,1716721055.1320102,synthetic_002,train
38.592068,105.66899,3.4674222,0.8,1.0,3.5880418,8.239534,5.0,4.0,1.0,18.543148,1.0,3.0,3.0,144.0,1.0,1.0,0.0,0.0,4.0,1,1716721060.1320102,synthetic_002,train
38.592068,105.66899,-11.234318,0.8,1.0,3.5935185,8.239534,5.0,3.0,0.0,12.196547,1.0,3.0,3.0,144.0,1.0,1.0,0.0,0.0,4.0,1,1716721065.1320102,synthetic_002,train
36.00482,93.52747,-10.599587,0.5,0.6,2.9256563,8.239534,5.0,3.0,1.0,19.518114,1.0,3.0,3.0,180.0,1.0,0.0,0.0,0.0,26.0,1,1716721070.1320102,synthetic_002,train
5.149671,11.620641,0.9809812,0.73333335,1.0,3.1403208,8.239534,5.0,4.0,0.0,23.912722,1.0,3.0,3.0,198.0,1.0,0.0,0.0,0.0,26.0,1,1716721075.1320102,synthetic_002,train
5.664638,12.116205,0.9646635,0.6,0.8,2.6303992,5.454523,4.0,4.0,0.0,22.421535,0.0,3.0,3.0,180.0,1.0,0.0,0.0,0.0,26.0,1,1716721080.1320102,synthetic_002,train
4.507111,10.730826,-0.30875295,0.6666667,1.0,2.3220017,6.1663065,4.0,4.0,0.0,24.86847,0.0,1.0,1.0,234.0,1.0,1.0,1.0,1.0,26.0,1,1716721085.1320102,synthetic_002,train
4.799052,10.237186,-0.4022558,0.5,0.6,2.198232,6.1663065,4.0,4.0,0.0,25.320723,0.0,1.0,1.0,252.0,1.0,1.0,1.0,1.0,26.0,1,1716721090.1320102,synthetic_002,train
5.410194,10.044827,-0.76672447,0.33333334,0.8,2.2019653,6.1663065,3.0,4.0,1.0,27.704945,0.0,1.0,1.0,252.0,1.0,1.0,1.0,1.0,26.0,1,1716721095.1320102,synthetic_002,train
2.3154433,2.4198682,0.24982412,0.44444445,0.6,2.3380134,6.1663065,2.0,4.0,1.0,28.584187,0.0,2.0,2.0,234.0,1.0,1.0,1.0,1.0,10.0,1,1716721100.1320102,synthetic_002,train
2.9889727,2.811547,0.5742937,0.26666668,0.6,2.290469,6.1663065,2.0,4.0,1.0,19.028852,0.0,2.0,2.0,198.0,1.0,1.0,1.0,1.0,21.0,1,1716721105.1320102,synthetic_002,train
2.9889727,2.811547,0.5742937,0.26666668,0.6,2.290469,6.1663065,2.0,4.0,1.0,19.028852,0.0,2.0,2.0,198.0,1.0,1.0,1.0,1.0,21.0,1,1716721110.1320102,synthetic_002,train
3.9210658,2.424619,-0.05926281,0.1,0.2,3.569853,11.026817,3.0,4.0,1.0,28.486082,0.0,2.0,2.0,162.0,1.0,1.0,0.0,0.0,22.0,1,1716721115.1320102,synthetic_002,train
3.813615,2.7281053,-0.04192363,0.1,0.2,3.745986,11.026817,2.0,3.0,0.0,23.335274,0.0,2.0,2.0,126.0,1.0,1.0,0.0,0.0,22.0,1,1716721120.1320102,synthetic_002,train
3.3447247,3.0472062,-0.13092458,0.1,0.2,4.4713416,11.026817,3.0,3.0,0.0,24.514416,0.0,2.0,2.0,108.0,1.0,1.0,0.0,0.0,19.0,1,1716721125.1320102,synthetic_002,train
2.763895,2.840525,-1.1032343,0.5,1.0,4.725122,11.026817,4.0,3.0,0.0,26.871553,0.0,2.0,2.0,108.0,1.0,1.0,0.0,0.0,19.0,0,1716721130.1320102,synthetic_002,train
9.356971,13.766018,2.9495583,0.1,0.2,3.4797668,11.026817,5.0,3.0,0.0,23.770851,0.0,1.0,1.0,180.0,1.0,1.0,1.0,1.0,27.0,0,1716721135.1320102,synthetic_002,train
9.346944,13.059634,2.2071555,0.06666667,0.2,3.2814028,11.026817,5.0,3.0,0.0,25.068613,0.0,1.0,1.0,198.0,1.0,1.0,1.0,1.0,27.0,1,1716721140.1320102,synthetic_002,train
10.012566,13.560369,1.4680241,0.1,0.2,2.8599358,7.201934,4.0,3.0,0.0,22.378622,0.0,1.0,1.0,180.0,1.0,1.0,1.0,1.0,22.0,1,1716721145.1320102,synthetic_002,train
9.102332,13.21397,0.6459015,0.4,1.0,2.7909355,7.201934,4.0,3.0,0.0,24.479555,0.0,1.0,1.0,198.0,1.0,1.0,1.0,1.0,22.0,1,1716721150.1320102,synthetic_002,train
8.815197,12.066663,-0.15729623,0.13333334,0.2,2.5217845,7.201934,4.0,3.0,1.0,27.29063,0.0,2.0,2.0,234.0,1.0,1.0,1.0,1.0,22.0,1,1716721155.1320102,synthetic_002,train
8.228554,11.331735,-1.0629467,0.2,0.4,2.187508,7.201934,3.0,4.0,1.0,29.380169,0.0,2.0,2.0,270.0,1.0,1.0,1.0,1.0,9.0,1,1716721160.1320102,synthetic_002,train
3.832936,3.4277,-0.27857214,0.3,0.4,2.4886506,7.201934,2.0,4.0,1.0,23.588741,0.0,2.0,2.0,180.0,0.0,1.0,1.0,0.0,22.0,1,1716721165.1320102,synthetic_002,train
3.8196654,3.51115,0.31813434,0.26666668,0.6,2.6934154,7.201934,3.0,4.0,1.0,23.025797,1.0,2.0,2.0,216.0,0.0,1.0,1.0,0.0,22.0,1,1716721170.1320102,synthetic_002,train
3.925371,3.4591339,0.18621273,0.26666668,0.6,2.4340062,5.8003583,3.0,4.0,1.0,22.589285,1.0,2.0,2.0,216.0,0.0,1.0,1.0,0.0,16.0,1,1716721175.1320102,synthetic_002,train
4.342887,3.2375376,0.049510576,0.2,0.4,2.4585218,5.8003583,3.0,4.0,1.0,18.504848,1.0,2.0,2.0,216.0,0.0,0.0,1.0,0.0,16.0,1,1716721180.1320102,synthetic_002,train
4.2233915,4.066652,0.10290583,0.36666667,0.6,2.1488037,5.8003583,3.0,4.0,1.0,15.939183,1.0,2.0,2.0,252.0,1.0,1.0,1.0,1.0,16.0,1,1716721185.1320102,synthetic_002,train
4.766956,4.15662,-0.13377963,0.2,0.4,2.4432616,5.8003583,3.0,4.0,0.0,17.243607,1.0,1.0,1.0,198.0,1.0,1.0,1.0,1.0,16.0,1,1716721190.1320102,synthetic_002,train
4.8139052,4.294468,-0.032821305,0.28333333,0.4,2.497996,5.8003583,5.0,4.0,1.0,25.004217,1.0,1.0,1.0,252.0,1.0,1.0,1.0,1.0,16.0,1,1716721195.1320102,synthetic_002,train
4.220114,4.3373446,-0.18354735,0.36666667,0.6,2.3702576,4.9895177,4.0,4.0,0.0,24.354067,0.0,1.0,1.0,216.0,1.0,1.0,1.0,1.0,16.0,0,1716721200.1320102,synthetic_002,train
5.625786,7.9625587,0.27872536,0.36666667,0.5,2.265808,6.4211216,4.0,4.0,1.0,29.326195,0.0,2.0,2.0,252.0,1.0,1.0,1.0,1.0,16.0,1,1716721205.1320102,synthetic_002,train
5.673139,8.285642,0.32472992,0.37777779,0.4,2.255861,6.4211216,4.0,4.0,1.0,24.336676,0.0,2.0,2.0,234.0,1.0,1.0,1.0,1.0,16.0,1,1716721210.1320102,synthetic_002,train
6.2921286,9.99075,0.9958942,0.36666667,0.4,2.5551949,6.4211216,3.0,4.0,1.0,17.666702,0.0,2.0,2.0,144.0,0.0,1.0,0.0,0.0,22.0,1,1716721215.1320102,synthetic_002,train
7.1947503,10.500292,1.0484312,0.45,0.5,3.3183002,11.557668,4.0,4.0,1.0,26.130642,0.0,3.0,3.0,162.0,0.0,1.0,1.0,0.0,14.0,1,1716721220.1320102,synthetic_002,train
7.113513,11.918252,0.16276456,0.55,0.6,3.8337505,11.557668,3.0,4.0,1.0,24.632864,0.0,3.0,3.0,126.0,0.0,1.0,1.0,0.0,14.0,1,1716721225.1320102,synthetic_002,train
6.2243237,11.31715,-1.6698685,0.7,1.0,3.945017,11.557668,4.0,4.0,1.0,25.139015,0.0,3.0,3.0,144.0,0.0,1.0,1.0,1.0,14.0,1,1716721230.1320102,synthetic_002,train
7.083416,15.514377,1.3135095,0.775,0.8,3.3797684,11.557668,4.0,4.0,0.0,18.860249,0.0,3.0,3.0,162.0,1.0,1.0,1.0,1.0,14.0,1,1716721235.1320102,synthetic_002,train
8.340923,14.578141,1.0983971,0.53333336,0.8,2.7220154,11.557668,4.0,4.0,1.0,23.828533,0.0,4.0,4.0,234.0,1.0,1.0,1.0,1.0,9.0,1,1716721240.1320102,synthetic_002,train
8.191579,13.144166,0.30256826,0.53333336,0.8,2.212888,11.557668,4.0,4.0,1.0,28.274317,0.0,4.0,4.0,326.0,1.0,1.0,1.0,1.0,9.0,1,1716721245.1320102,synthetic_002,train
12.901262,22.178131,1.4180782,0.5,1.0,1.6099262,5.691847,3.0,4.0,1.0,27.130905,0.0,4.0,4.0,366.0,1.0,1.0,1.0,1.0,9.0,1,1716721250.1320102,synthetic_002,train
12.688223,21.048159,0.7055722,0.36,0.8,1.5067743,5.691847,3.0,4.0,1.0,27.457188,0.0,4.0,4.0,405.0,1.0,1.0,1.0,1.0,9.0,1,1716721255.1320102,synthetic_002,train
13.643134,20.921272,0.3242088,0.38,0.8,1.2461288,4.1301956,2.0,4.0,1.0,23.284637,0.0,4.0,4.0,407.0,1.0,1.0,1.0,1.0,18.0,1,1716721260.1320102,synthetic_002,train
14.17436,21.205297,0.32899666,0.28333333,0.4,1.1772116,3.0832763,1.0,4.0,1.0,20.243988,0.0,4.0,4.0,335.0,1.0,1.0,1.0,1.0,18.0,0,1716721265.1320102,synthetic_002,train
13.153576,22.23347,-0.6080515,0.5,1.0,1.7877665,11.25611,2.0,4.0,1.0,28.091743,0.0,3.0,3.0,301.0,1.0,1.0,1.0,1.0,18.0,1,1716721270.1320102,synthetic_002,train
15.585527,26.116962,-3.4991677,0.53333336,1.0,2.1962254,11.25611,2.0,4.0,0.0,21.724483,0.0,3.0,3.0,209.0,1.0,1.0,1.0,1.0,18.0,1,1716721275.1320102,synthetic_002,train
3.8294275,6.715528,-0.9841518,0.73333335,1.0,2.8241916,11.25611,3.0,4.0,0.0,29.269161,0.0,3.0,3.0,209.0,1.0,0.0,1.0,0.0,17.0,1,1716721280.1320102,synthetic_002,train
2.665835,6.9487867,-0.8514381,0.775,0.8,3.2298667,11.25611,3.0,4.0,0.0,28.446938,0.0,1.0,1.0,171.0,1.0,0.0,1.0,0.0,3.0,1,1716721285.1320102,synthetic_002,train
30.79795,80.51715,10.730275,0.6166667,1.0,2.3882518,11.25611,3.0,4.0,1.0,22.179415,0.0,4.0,4.0,266.0,1.0,1.0,1.0,0.0,17.0,1,1716721290.1320102,synthetic_002,train
30.79795,80.51715,10.730275,0.6166667,1.0,2.3882518,11.25611,3.0,4.0,1.0,22.179415,0.0,4.0,4.0,266.0,1.0,1.0,1.0,0.0,17.0,1,1716721295.1320102,synthetic_002,train
33.167023,83.295494,9.859234,0.62222224,0.8,2.3096414,8.972551,3.0,4.0,1.0,22.721323,0.0,4.0,4.0,247.0,1.0,1.0,0.0,0.0,17.0,1,1716721300.1320102,synthetic_002,train
30.9821,80.44421,7.0134177,0.56666666,0.8,2.4771378,8.972551,4.0,4.0,1.0,27.375914,0.0,4.0,4.0,266.0,1.0,1.0,0.0,0.0,17.0,1,1716721305.1320102,synthetic_002,train
39.6275,89.60798,4.744949,0.26666668,0.4,2.6164753,8.972551,4.0,4.0,1.0,24.760406,0.0,4.0,4.0,209.0,1.0,1.0,0.0,0.0,17.0,1,1716721310.1320102,synthetic_002,train
37.1937,85.88576,-0.27115527,0.43333334,0.5,2.5651393,8.972551,4.0,4.0,1.0,28.626669,0.0,4.0,4.0,228.0,1.0,1.0,0.0,0.0,22.0,1,1716721315.1320102,synthetic_002,train
3.548707,4.963127,0.6965694,0.45,0.5,4.3497887,8.972551,5.0,4.0,0.0,21.475967,0.0,1.0,1.0,133.0,1.0,0.0,0.0,0.0,22.0,1,1716721320.1320102,synthetic_002,train
4.0763636,5.3236938,0.503366,0.45,0.5,3.7599978,8.972551,5.0,4.0,0.0,24.86743,0.0,2.0,2.0,171.0,1.0,1.0,1.0,1.0,22.0,1,1716721325.1320102,synthetic_002,train
27.840708,82.00354,5.0964026,0.37777779,0.6,2.350394,5.5734663,4.0,4.0,0.0,25.90053,0.0,2.0,2.0,247.0,1.0,1.0,1.0,1.0,24.0,1,1716721330.1320102,synthetic_002,train
27.865324,81.99538,3.3024805,0.37777779,0.4,2.310859,5.5734663,4.0,4.0,0.0,24.467701,0.0,2.0,2.0,247.0,1.0,1.0,1.0,1.0,3.0,1,1716721335.1320102,synthetic_002,train
27.699703,82.05379,1.3949101,0.4888889,0.6666667,2.348495,6.062735,4.0,4.0,0.0,25.404268,0.0,2.0,2.0,247.0,1.0,1.0,1.0,1.0,3.0,1,1716721340.1320102,synthetic_002,train
29.431267,85.40619,-1.1430713,0.43333334,0.6,2.1966226,6.062735,3.0,4.0,0.0,24.569338,0.0,2.0,2.0,228.0,1.0,1.0,1.0,1.0,1.0,1,1716721345.1320102,synthetic_002,train
29.373451,85.413795,-5.5178456,0.26666668,0.4,2.4408422,6.062735,4.0,4.0,1.0,28.277132,0.0,4.0,4.0,228.0,1.0,1.0,1.0,1.0,1.0,1,1716721350.1320102,synthetic_002,train
63.389328,101.07509,3.3129377,0.22666667,0.4,1.3738825,6.062735,4.0,4.0,1.0,28.774204,0.0,4.0,4.0,450.0,1.0,0.0,1.0,1.0,0.0,1,1716721355.1320102,synthetic_002,train
57.684116,89.569695,3.5327084,0.16,0.4,1.3436162,6.062735,4.0,4.0,0.0,24.075302,0.0,4.0,4.0,415.0,0.0,1.0,1.0,1.0,0.0,1,1716721360.1320102,synthetic_002,train
48.676693,84.44887,-0.60903716,0.32,0.8,1.261136,6.062735,4.0,4.0,1.0,25.465666,0.0,4.0,4.0,496.0,0.0,1.0,1.0,1.0,0.0,1,1716721365.1320102,synthetic_002,train
43.648556,80.9838,-2.0626786,0.37777779,0.8,1.0726405,5.424105,3.0,4.0,1.0,25.163961,1.0,4.0,4.0,557.0,0.0,1.0,0.0,0.0,0.0,1,1716721370.1320102,synthetic_002,train
40.78613,78.901276,-2.672092,0.4,0.8,1.0809892,5.424105,3.0,4.0,1.0,22.209648,1.0,4.0,4.0,598.0,1.0,1.0,1.0,0.0,0.0,1,1716721375.1320102,synthetic_002,train
40.585808,79.004036,-3.7183423,0.46666667,0.8,0.9894158,5.424105,1.0,4.0,1.0,20.72315,1.0,4.0,4.0,600.0,1.0,1.0,1.0,0.0,0.0,1,1716721380.1320102,synthetic_002,train
20.076572,65.374855,2.7619376,0.52,0.8,1.3134786,5.424105,1.0,4.0,1.0,15.635849,1.0,3.0,3.0,420.0,1.0,1.0,1.0,0.0,13.0,1,1716721385.1320102,synthetic_002,train
19.05301,70.23318,4.8512416,0.6333333,0.8,1.404373,5.424105,1.0,4.0,1.0,13.236406,1.0,3.0,3.0,360.0,1.0,1.0,1.0,0.0,24.0,1,1716721390.1320102,synthetic_002,train
19.97516,72.26287,2.2945883,0.575,0.8,1.7290031,8.071707,2.0,4.0,1.0,27.101036,1.0,3.0,3.0,340.0,1.0,1.0,1.0,0.0,13.0,1,1716721395.1320102,synthetic_002,train
23.881107,79.576805,0.57936996,0.5833333,0.8,1.8491857,8.071707,2.0,4.0,1.0,24.741999,0.0,3.0,3.0,280.0,1.0,1.0,1.0,0.0,13.0,1,1716721400.1320102,synthetic_002,train
23.316122,79.72686,-3.5339196,0.6666667,1.0,2.2401686,8.071707,4.0,4.0,1.0,28.792568,0.0,3.0,3.0,280.0,1.0,1.0,1.0,0.0,17.0,1,1716721405.1320102,synthetic_002,train
24.50918,76.45034,-4.8804955,0.46666667,0.8,1.9120301,8.071707,4.0,4.0,1.0,27.486748,0.0,3.0,3.0,300.0,1.0,1.0,1.0,0.0,24.0,1,1716721410.1320102,synthetic_002,train
3.857043,6.240449,0.9323144,0.56666666,0.6,2.642108,8.071707,5.0,4.0,1.0,23.633589,0.0,2.0,2.0,240.0,1.0,1.0,0.0,0.0,17.0,1,1716721415.1320102,synthetic_002,train
5.62891,9.354869,1.1422865,0.53333336,0.6,2.3089583,8.071707,5.0,4.0,1.0,26.562668,0.0,2.0,2.0,300.0,1.0,1.0,0.0,0.0,17.0,1,1716721420.1320102,synthetic_002,train
25.283325,71.44947,4.260512,0.475,0.8,1.8098485,6.6260705,4.0,4.0,1.0,29.70361,0.0,3.0,3.0,340.0,1.0,1.0,1.0,0.0,24.0,1,1716721425.1320102,synthetic_002,train
24.95305,69.33033,2.556454,0.46666667,0.6666667,1.8416469,6.6260705,4.0,4.0,1.0,27.395523,0.0,3.0,3.0,360.0,1.0,1.0,1.0,0.0,24.0,1,1716721430.1320102,synthetic_002,train
28.304972,73.08293,1.0830199,0.25,0.4,1.6657282,6.6260705,3.0,4.0,1.0,25.62205,0.0,3.0,3.0,320.0,1.0,1.0,1.0,0.0,24.0,1,1716721435.1320102,synthetic_002,train
29.61741,78.48166,-0.76530004,0.35,0.6,1.9968215,6.6260705,4.0,4.0,1.0,21.32943,0.0,3.0,3.0,280.0,1.0,1.0,1.0,0.0,22.0,1,1716721440.1320102,synthetic_002,train
29.61741,78.48166,-2.58791,0.36666667,0.5,1.9111943,5.427291,4.0,4.0,1.0,24.59415,0.0,3.0,3.0,280.0,1.0,1.0,1.0,0.0,22.0,1,1716721445.1320102,synthetic_002,train
30.317759,78.40614,-5.5635147,0.28333333,0.4,2.2963727,6.4826818,5.0,4.0,1.0,28.267527,0.0,3.0,3.0,280.0,1.0,1.0,1.0,0.0,22.0,1,1716721450.1320102,synthetic_002,train
14.739913,20.150446,2.1627173,0.2,0.4,2.4200675,6.4826818,4.0,4.0,1.0,28.420282,0.0,2.0,2.0,240.0,0.0,1.0,1.0,0.0,22.0,1,1716721455.1320102,synthetic_002,train
14.32187,21.079319,1.6301715,0.46666667,1.0,2.7329516,6.4826818,5.0,4.0,1.0,26.840664,0.0,2.0,2.0,220.0,0.0,1.0,0.0,0.0,8.0,1,1716721460.1320102,synthetic_002,train
13.163305,20.502058,-0.098847605,0.36666667,0.5,2.586262,6.4826818,4.0,4.0,1.0,27.003124,0.0,2.0,2.0,240.0,0.0,1.0,0.0,0.0,8.0,1,1716721465.1320102,synthetic_002,train
11.921807,20.096453,-1.2650632,0.53333336,1.0,2.418045,6.4826818,4.0,4.0,0.0,26.007296,0.0,2.0,2.0,260.0,0.0,1.0,0.0,0.0,8.0,1,1716721470.1320102,synthetic_002,train
11.197901,19.497108,-1.9907146,0.45,0.75,2.4098818,6.714713,4.0,4.0,0.0,27.255665,0.0,2.0,2.0,280.0,0.0,1.0,0.0,0.0,3.0,1,1716721475.1320102,synthetic_002,train
9.892417,20.232702,-3.2580256,0.6666667,1.0,2.3106153,6.714713,3.0,4.0,0.0,23.181452,0.0,2.0,2.0,220.0,0.0,1.0,0.0,0.0,3.0,1,1716721480.1320102,synthetic_002,train
0.84726304,1.5989184,-0.16832864,0.65,0.8,2.9749556,6.714713,3.0,3.0,0.0,16.356995,0.0,1.0,1.0,140.0,0.0,1.0,0.0,0.0,3.0,1,1716721485.1320102,synthetic_002,train
1.5649165,2.846085,0.2673124,0.675,0.75,3.1724489,10.705244,3.0,3.0,0.0,25.656094,0.0,1.0,1.0,180.0,0.0,0.0,0.0,0.0,3.0,1,1716721490.1320102,synthetic_002,train
1.4372275,2.8175986,0.5512705,0.56666666,0.8,4.0079055,10.705244,4.0,3.0,0.0,28.85091,0.0,1.0,1.0,160.0,0.0,0.0,1.0,0.0,11.0,1,1716721495.1320102,synthetic_002,train
1.149782,2.557712,-0.13745575,0.7,0.8,3.2461095,10.705244,4.0,3.0,0.0,18.022469,1.0,1.0,1.0,202.0,1.0,0.0,1.0,1.0,7.0,1,1716721500.1320102,synthetic_002,train
1.3293076,2.694346,-0.14753056,0.675,0.75,3.3395684,10.705244,4.0,2.0,0.0,10.750484,2.0,1.0,1.0,183.0,1.0,0.0,1.0,1.0,4.0,1,1716721505.1320102,synthetic_002,train
1.3293076,2.694346,-0.14753056,0.675,0.75,3.3395684,10.705244,4.0,2.0,0.0,10.750484,2.0,1.0,1.0,183.0,1.0,0.0,1.0,1.0,4.0,1,1716721510.1320102,synthetic_002,train
1.9462678,4.4250007,0.1319414,0.71666664,0.8,2.855098,10.705244,5.0,3.0,1.0,12.542626,2.0,2.0,2.0,288.0,1.0,1.0,1.0,1.0,21.0,1,1716721515.1320102,synthetic_002,train
11.812397,37.09054,4.537209,0.6888889,0.8,2.304756,7.7056837,4.0,3.0,1.0,13.696088,2.0,2.0,2.0,270.0,1.0,1.0,1.0,1.0,21.0,1,1716721520.1320102,synthetic_002,train
10.974089,35.773476,2.7081037,0.7,0.8,2.1636958,7.3467445,4.0,3.0,1.0,19.148617,2.0,2.0,2.0,292.0,1.0,1.0,1.0,1.0,21.0,1,1716721525.1320102,synthetic_002,train
15.363725,42.113907,3.7432616,0.6,0.6,2.5462425,7.3467445,3.0,3.0,0.0,20.136356,0.0,2.0,2.0,210.0,1.0,1.0,1.0,1.0,20.0,1,1716721530.1320102,synthetic_002,train
15.271105,42.14695,2.1035712,0.6,0.8,2.9180193,9.0438385,3.0,3.0,0.0,22.1721,0.0,2.0,2.0,210.0,1.0,1.0,1.0,1.0,20.0,1,1716721535.1320102,synthetic_002,train
14.096216,40.17353,0.9902344,0.4,0.8,3.1174886,9.0438385,4.0,3.0,0.0,27.28428,0.0,2.0,2.0,231.0,1.0,1.0,1.0,1.0,20.0,1,1716721540.1320102,synthetic_002,train
23.295732,54.47039,-11.12333,0.2,0.4,4.062853,9.0438385,3.0,1.0,0.0,22.280859,0.0,2.0,2.0,126.0,1.0,0.0,0.0,0.0,27.0,1,1716721545.1320102,synthetic_002,train
2.0528467,2.45813,0.6189098,0.35,0.5,4.701219,9.0438385,4.0,2.0,0.0,25.56179,0.0,2.0,2.0,147.0,1.0,1.0,0.0,0.0,10.0,1,1716721550.1320102,synthetic_002,train
2.54731,2.7677522,0.9493053,0.2,0.2,4.974587,9.0438385,3.0,2.0,0.0,15.829098,0.0,2.0,2.0,105.0,0.0,1.0,0.0,0.0,10.0,1,1716721555.1320102,synthetic_002,train
39.092068,105.44976,24.771149,0.43333334,0.6666667,4.3550715,9.0438385,5.0,2.0,1.0,25.796734,0.0,2.0,2.0,168.0,1.0,1.0,0.0,0.0,10.0,1,1716721560.1320102,synthetic_002,train
51.10894,106.15405,13.514009,0.4,0.4,2.7956645,6.6675067,4.0,4.0,1.0,22.844465,0.0,2.0,2.0,210.0,1.0,1.0,0.0,0.0,10.0,1,1716721565.1320102,synthetic_002,train
44.12187,93.091774,1.1246654,0.33333334,0.6,2.2748632,6.6675067,4.0,4.0,1.0,22.962673,0.0,3.0,3.0,273.0,1.0,1.0,0.0,0.0,21.0,1,1716721570.1320102,synthetic_002,train
35.84902,85.14228,-1.9284921,0.6,1.0,2.020727,6.6675067,4.0,4.0,1.0,25.721083,0.0,3.0,3.0,336.0,1.0,1.0,0.0,0.0,21.0,1,1716721575.1320102,synthetic_002,train
37.83459,87.74226,-7.1269183,0.53333336,0.8,1.9920125,6.6675067,5.0,4.0,1.0,23.21268,0.0,3.0,3.0,315.0,1.0,1.0,0.0,0.0,19.0,1,1716721580.1320102,synthetic_002,train
37.83459,87.74226,-7.1269183,0.53333336,0.8,1.9920125,6.6675067,5.0,4.0,1.0,23.21268,0.0,3.0,3.0,315.0,1.0,1.0,0.0,0.0,19.0,1,1716721585.1320102,synthetic_002,train
20.578375,53.031914,-5.662499,0.5555556,0.6666667,2.2679918,9.571343,4.0,4.0,1.0,27.544056,0.0,3.0,3.0,273.0,1.0,1.0,0.0,0.0,19.0,1,1716721590.1320102,synthetic_002,train
8.282379,13.16982,-0.1219971,0.53333336,0.8,2.139573,9.571343,4.0,4.0,1.0,27.867033,0.0,3.0,3.0,315.0,1.0,1.0,1.0,0.0,19.0,1,1716721595.1320102,synthetic_002,train
6.999793,11.868462,1.2893041,0.55,0.8,2.0782673,9.571343,3.0,4.0,1.0,26.398165,0.0,2.0,2.0,294.0,1.0,1.0,1.0,0.0,26.0,1,1716721600.1320102,synthetic_002,train
6.999793,11.868462,-0.002965317,0.5833333,0.75,2.1635401,9.571343,3.0,4.0,0.0,26.285467,0.0,2.0,2.0,294.0,1.0,1.0,1.0,0.0,16.0,1,1716721605.1320102,synthetic_002,train
8.562086,11.318989,-0.033807952,0.35,0.6,1.8253235,9.571343,2.0,4.0,0.0,14.725374,1.0,2.0,2.0,336.0,1.0,1.0,1.0,0.0,16.0,1,1716721610.1320102,synthetic_002,train
8.201561,11.059913,-0.14834833,0.35,0.6,2.008061,9.571343,3.0,4.0,0.0,17.340488,1.0,2.0,2.0,357.0,1.0,1.0,1.0,0.0,26.0,1,1716721615.1320102,synthetic_002,train
7.9996395,10.763836,-0.48588973,0.38333333,0.6,1.5554183,4.9318595,2.0,4.0,0.0,16.403046,1.0,2.0,2.0,378.0,1.0,1.0,1.0,0.0,26.0,1,1716721620.1320102,synthetic_002,train
6.420569,8.171765,-0.4305092,0.35,0.6,2.0332758,5.237943,3.0,4.0,0.0,14.932058,1.0,2.0,2.0,294.0,1.0,1.0,0.0,0.0,26.0,1,1716721625.1320102,synthetic_002,train
4.406931,5.9399185,-0.03553721,0.26666668,0.6,2.6866963,7.5053983,4.0,4.0,0.0,22.414114,1.0,1.0,1.0,252.0,1.0,1.0,0.0,0.0,25.0,1,1716721630.1320102,synthetic_002,train
5.2883167,6.159892,-1.3436141,0.2,0.4,3.184107,7.5053983,5.0,4.0,0.0,27.973078,0.0,1.0,1.0,210.0,1.0,1.0,0.0,0.0,26.0,1,1716721635.1320102,synthetic_002,train
2.033391,2.5565276,-0.18172404,0.475,0.75,3.041707,7.5053983,4.0,4.0,0.0,17.456059,1.0,1.0,1.0,189.0,1.0,1.0,0.0,0.0,26.0,1,1716721640.1320102,synthetic_002,train
6.7600126,20.845524,1.308884,0.65,0.8,2.1972203,7.5053983,4.0,4.0,1.0,16.076302,1.0,2.0,2.0,294.0,1.0,1.0,1.0,1.0,26.0,1,1716721645.1320102,synthetic_002,train
6.928707,21.68676,1.05685,0.73333335,1.0,2.3119693,7.5053983,4.0,4.0,1.0,17.181454,1.0,3.0,3.0,273.0,1.0,1.0,1.0,1.0,26.0,1,1716721650.1320102,synthetic_002,train
7.315185,22.604275,1.1342757,0.8,1.0,2.0681381,7.5053983,3.0,4.0,1.0,12.984194,1.0,3.0,3.0,252.0,0.0,1.0,1.0,1.0,26.0,1,1716721655.1320102,synthetic_002,train
29.749754,80.759995,9.298245,0.7,0.8,2.143068,12.269224,3.0,4.0,1.0,22.671434,1.0,3.0,3.0,294.0,1.0,1.0,1.0,1.0,26.0,1,1716721660.1320102,synthetic_002,train
28.689425,75.533554,4.692102,0.5,0.8,1.950795,12.269224,3.0,4.0,1.0,27.74382,1.0,3.0,3.0,336.0,1.0,1.0,1.0,1.0,26.0,1,1716721665.1320102,synthetic_002,train
31.955027,77.37524,2.5257583,0.53333336,0.8,2.035004,12.269224,3.0,4.0,1.0,26.615456,0.0,3.0,3.0,315.0,1.0,1.0,1.0,1.0,4.0,1,1716721670.1320102,synthetic_002,train
32.217136,81.47773,-4.9459662,0.37777779,0.4,2.3011684,12.269224,4.0,4.0,1.0,27.188835,0.0,3.0,3.0,273.0,1.0,1.0,1.0,0.0,4.0,1,1716721675.1320102,synthetic_002,train
27.312202,73.734505,-5.4866076,0.55,1.0,2.041912,12.269224,5.0,4.0,1.0,20.401371,0.0,3.0,3.0,336.0,1.0,1.0,1.0,1.0,22.0,1,1716721680.1320102,synthetic_002,train
50.157703,74.26393,1.2780358,0.25714287,0.6,1.1042044,12.269224,5.0,4.0,1.0,17.096931,1.0,3.0,3.0,729.0,1.0,1.0,1.0,1.0,0.0,1,1716721685.1320102,synthetic_002,train
41.767475,59.880894,1.6960933,0.2642857,0.6,0.76900923,3.9670205,4.0,4.0,0.0,13.046643,1.0,2.0,2.0,732.0,1.0,1.0,1.0,1.0,0.0,0,1716721690.1320102,synthetic_002,train
66.90519,84.16737,0.2547502,0.041666668,0.125,0.5298168,6.5822363,1.0,1.0,0.0,25.35654,0.0,1.0,1.0,8.0,0.0,1.0,1.0,0.0,0.0,0,1716720030.074666,synthetic_003,train
62.914654,81.6446,0.83267015,0.057142857,0.2,0.8404213,9.019426,2.0,3.0,0.0,28.578106,0.0,2.0,2.0,9.0,0.0,1.0,1.0,0.0,0.0,0,1716720035.074666,synthetic_003,train
71.134575,89.504944,-1.6823095,0.08888889,0.33333334,0.9949182,9.019426,2.0,3.0,0.0,27.238089,0.0,2.0,2.0,10.0,0.0,1.0,1.0,0.0,0.0,0,1716720040.074666,synthetic_003,train
51.74303,64.83318,-7.0438404,0.05,0.2,1.716756,9.019426,2.0,3.0,0.0,26.998228,0.0,2.0,2.0,12.0,0.0,1.0,1.0,0.0,0.0,0,1716720045.074666,synthetic_003,train
3.112143,2.1746242,1.1495725,0.2,0.2,4.7188683,9.019426,2.0,3.0,0.0,17.012104,0.0,2.0,2.0,5.0,0.0,1.0,1.0,0.0,13.0,0,1716720050.074666,synthetic_003,train
2.7609136,2.1268203,0.3558449,0.1,0.2,5.9229007,11.943065,3.0,3.0,0.0,28.95517,0.0,2.0,2.0,6.0,0.0,1.0,1.0,0.0,13.0,0,1716720055.074666,synthetic_003,train
7.75752,15.717131,0.8747514,0.5,0.8,2.7066934,11.943065,2.0,4.0,1.0,13.685522,1.0,2.0,2.0,18.0,0.0,1.0,1.0,0.0,13.0,0,1716720060.074666,synthetic_003,train
9.6566515,16.532684,0.9897334,0.44444445,0.8,2.1454618,11.943065,2.0,4.0,1.0,17.243593,1.0,2.0,2.0,21.0,0.0,1.0,1.0,0.0,13.0,0,1716720065.074666,synthetic_003,train
8.802733,16.1583,0.1383414,0.5,0.8,2.3274271,11.943065,3.0,4.0,1.0,23.403564,1.0,2.0,2.0,24.0,0.0,1.0,1.0,0.0,13.0,0,1716720070.074666,synthetic_003,train
9.23741,16.745558,-0.22914235,0.51111114,0.6,2.2617795,11.943065,3.0,4.0,1.0,16.116987,1.0,2.0,2.0,24.0,0.0,1.0,1.0,0.0,13.0,0,1716720075.074666,synthetic_003,train
8.747946,15.698711,-0.29950088,0.53333336,0.6,2.491793,11.943065,4.0,4.0,1.0,23.738241,1.0,2.0,2.0,28.0,1.0,1.0,1.0,0.0,13.0,0,1716720080.074666,synthetic_003,train
9.30103,16.13895,-0.6238861,0.56666666,0.8,1.8167021,6.961361,3.0,4.0,1.0,23.201359,0.0,2.0,2.0,27.0,1.0,1.0,1.0,0.0,13.0,0,1716720085.074666,synthetic_003,train
5.186657,10.294214,-1.2661076,0.6,0.8,3.0149422,6.961361,4.0,4.0,1.0,20.871323,1.0,2.0,2.0,20.0,1.0,1.0,1.0,0.0,17.0,0,1716720090.074666,synthetic_003,train
2.1578155,4.001381,-0.33370948,0.7,1.0,3.491713,6.961361,4.0,4.0,1.0,16.309372,1.0,2.0,2.0,18.0,1.0,1.0,0.0,0.0,17.0,0,1716720095.074666,synthetic_003,train
3.1190848,5.2897377,-0.12289243,0.7,0.8,2.8286195,6.89587,3.0,4.0,1.0,15.874771,1.0,1.0,1.0,20.0,1.0,1.0,0.0,0.0,20.0,1,1716720100.074666,synthetic_003,train
2.4627166,5.2216125,-0.06338448,0.8,0.8,3.02416,6.89587,4.0,4.0,0.0,16.34201,1.0,1.0,1.0,20.0,1.0,1.0,1.0,1.0,20.0,1,1716720105.074666,synthetic_003,train
26.853891,82.588394,8.735268,0.6888889,1.0,2.0702188,5.8279634,4.0,4.0,1.0,19.462967,1.0,2.0,2.0,26.0,1.0,1.0,1.0,1.0,20.0,1,1716720110.074666,synthetic_003,train
25.058022,79.63238,6.2698665,0.6333333,1.0,2.4230962,7.0105023,5.0,4.0,1.0,26.08857,1.0,2.0,2.0,28.0,1.0,1.0,1.0,1.0,20.0,1,1716720115.074666,synthetic_003,train
25.058022,79.63238,1.6437701,0.65,0.8,2.188614,7.0105023,4.0,4.0,1.0,24.934488,0.0,3.0,3.0,28.0,1.0,1.0,1.0,1.0,20.0,1,1716720120.074666,synthetic_003,train
26.985561,82.543365,1.0909426,0.6666667,1.0,1.9180377,7.0105023,3.0,4.0,1.0,22.174913,0.0,3.0,3.0,26.0,1.0,1.0,1.0,1.0,20.0,1,1716720125.074666,synthetic_003,train
23.522856,76.9485,-3.5231984,0.6,0.8,2.0753536,7.0105023,5.0,4.0,1.0,27.346657,0.0,3.0,3.0,30.0,1.0,1.0,1.0,1.0,14.0,1,1716720130.074666,synthetic_003,train
23.522856,76.9485,-4.7833514,0.6,0.8,1.8788958,7.0105023,4.0,4.0,1.0,24.760513,0.0,3.0,3.0,30.0,1.0,1.0,1.0,0.0,14.0,1,1716720135.074666,synthetic_003,train
1.4363811,3.4031174,0.12221684,0.8,1.0,2.7437327,8.864394,4.0,4.0,1.0,25.91429,0.0,3.0,3.0,24.0,1.0,1.0,1.0,0.0,14.0,1,1716720140.074666,synthetic_003,train
5.852117,12.835101,1.6486326,0.6166667,0.8,2.2197156,8.864394,4.0,4.0,1.0,29.660736,0.0,3.0,3.0,28.0,1.0,1.0,1.0,0.0,4.0,1,1716720145.074666,synthetic_003,train
8.922649,15.12865,2.058399,0.51111114,0.6,2.3982584,8.864394,5.0,4.0,1.0,24.690517,0.0,3.0,3.0,26.0,1.0,1.0,0.0,0.0,19.0,1,1716720150.074666,synthetic_003,train
10.4593115,17.281624,1.3035139,0.525,0.6,1.9999881,8.864394,5.0,4.0,1.0,27.512955,0.0,4.0,4.0,34.0,1.0,1.0,0.0,0.0,19.0,1,1716720155.074666,synthetic_003,train
12.483341,19.285494,0.65386516,0.5555556,0.6666667,2.1833682,8.864394,4.0,4.0,1.0,27.547007,0.0,4.0,4.0,26.0,1.0,1.0,0.0,0.0,4.0,1,1716720160.074666,synthetic_003,train
12.151308,18.51472,-0.3463314,0.41666666,0.6,2.4670374,8.864394,5.0,4.0,1.0,25.674131,0.0,4.0,4.0,28.0,1.0,1.0,1.0,0.0,18.0,1,1716720165.074666,synthetic_003,train
12.908886,17.63441,-1.3568324,0.33333334,0.6,1.8808583,5.1171465,4.0,4.0,1.0,24.02002,0.0,4.0,4.0,30.0,1.0,1.0,1.0,0.0,19.0,1,1716720170.074666,synthetic_003,train
10.602375,16.603456,-1.3029579,0.43333334,0.6,1.9209287,5.1171465,3.0,4.0,1.0,18.344084,0.0,4.0,4.0,24.0,1.0,1.0,1.0,0.0,19.0,1,1716720175.074666,synthetic_003,train
9.31637,16.169205,-1.5296375,0.4,0.6,1.7991815,5.1171465,2.0,4.0,1.0,16.801233,0.0,4.0,4.0,20.0,1.0,1.0,1.0,0.0,18.0,1,1716720180.074666,synthetic_003,train
3.9518828,5.4208417,-0.38289067,0.35,0.5,3.5150895,12.244877,4.0,4.0,1.0,26.51866,0.0,4.0,4.0,19.0,1.0,1.0,1.0,0.0,19.0,1,1716720185.074666,synthetic_003,train
15.854203,37.041405,4.2031536,0.13333334,0.2,2.7801974,12.244877,3.0,4.0,1.0,28.31606,0.0,3.0,3.0,29.0,1.0,1.0,1.0,0.0,19.0,1,1716720190.074666,synthetic_003,train
17.273495,37.147373,1.7813467,0.45,0.75,2.0689185,12.244877,2.0,2.0,0.0,28.255497,0.0,3.0,3.0,45.0,1.0,1.0,1.0,0.0,19.0,1,1716720195.074666,synthetic_003,train
16.793383,38.85909,0.03143076,0.5555556,0.8,2.4764447,12.244877,3.0,2.0,0.0,19.948904,0.0,3.0,3.0,47.0,1.0,1.0,0.0,0.0,21.0,1,1716720200.074666,synthetic_003,train
14.554265,36.458565,-0.75926274,0.6,0.8,2.4197214,12.244877,4.0,2.0,0.0,24.050943,0.0,3.0,3.0,55.0,1.0,1.0,0.0,0.0,26.0,1,1716720205.074666,synthetic_003,train
12.841998,34.44469,-1.0561459,0.7,1.0,2.460508,12.244877,5.0,2.0,0.0,29.58376,0.0,3.0,3.0,63.0,1.0,1.0,0.0,0.0,26.0,1,1716720210.074666,synthetic_003,train
14.443298,36.500996,-2.907037,0.6666667,0.8,2.0042186,5.4146953,4.0,2.0,0.0,27.893963,0.0,3.0,3.0,60.0,1.0,1.0,0.0,0.0,19.0,1,1716720215.074666,synthetic_003,train
5.9861684,20.828424,-0.7569896,0.82222223,1.0,2.3031795,5.4146953,5.0,1.0,0.0,27.633537,0.0,1.0,1.0,52.0,1.0,1.0,0.0,0.0,19.0,1,1716720220.074666,synthetic_003,train
0.60917526,1.3051353,0.19655652,0.8,1.0,3.1264484,5.4146953,7.0,3.0,0.0,27.532402,0.0,1.0,1.0,40.0,0.0,1.0,0.0,0.0,5.0,1,1716720225.074666,synthetic_003,train
0.67686135,1.365562,0.11797141,0.775,0.8,3.1364365,5.4146953,7.0,3.0,0.0,28.091022,0.0,1.0,1.0,36.0,0.0,1.0,0.0,0.0,5.0,1,1716720230.074666,synthetic_003,train
2.0582354,3.4053595,0.29082254,0.73333335,1.0,2.7821095,5.4146953,6.0,4.0,0.0,25.188509,0.0,2.0,2.0,47.0,1.0,1.0,0.0,0.0,3.0,1,1716720235.074666,synthetic_003,train
2.278179,3.3365657,-0.03284716,0.6666667,1.0,2.7403874,4.959952,6.0,4.0,0.0,25.443192,0.0,2.0,2.0,49.0,1.0,1.0,0.0,0.0,3.0,1,1716720240.074666,synthetic_003,train
5.387519,8.663785,0.74214154,0.48333332,0.6,2.1138437,4.959952,5.0,4.0,0.0,25.652245,0.0,2.0,2.0,65.0,1.0,1.0,0.0,0.0,18.0,1,1716720245.074666,synthetic_003,train
5.595855,8.113009,0.2965081,0.55,1.0,1.8557664,4.959952,4.0,4.0,1.0,26.30161,0.0,2.0,2.0,76.0,1.0,1.0,0.0,0.0,3.0,1,1716720250.074666,synthetic_003,train
5.9254823,8.269887,0.06635134,0.4,0.6,1.8100314,4.959952,3.0,4.0,0.0,23.897392,0.0,2.0,2.0,73.0,1.0,1.0,0.0,0.0,3.0,1,1716720255.074666,synthetic_003,train
5.9468913,7.90757,-0.20857824,0.25,0.4,1.9723182,4.959952,4.0,4.0,0.0,29.699234,0.0,2.0,2.0,79.0,1.0,1.0,1.0,1.0,18.0,1,1716720260.074666,synthetic_003,train
12.726778,25.40834,1.9839251,0.2,0.4,2.068985,4.959952,5.0,4.0,1.0,24.005838,0.0,1.0,1.0,70.0,1.0,1.0,1.0,1.0,18.0,1,1716720265.074666,synthetic_003,train
13.899225,26.088352,1.2804514,0.13333334,0.2,2.0249088,4.155565,4.0,4.0,0.0,25.940908,0.0,1.0,1.0,65.0,1.0,1.0,1.0,1.0,18.0,1,1716720270.074666,synthetic_003,train
12.777203,29.48796,2.4288054,0.2,0.2,2.7940428,5.767232,5.0,4.0,1.0,26.588871,0.0,2.0,2.0,50.0,1.0,1.0,1.0,1.0,18.0,0,1716720275.074666,synthetic_003,train
15.602582,29.676609,1.1356444,0.1,0.2,3.0824337,5.767232,6.0,4.0,1.0,26.668772,0.0,2.0,2.0,50.0,1.0,1.0,1.0,1.0,18.0,0,1716720280.074666,synthetic_003,train
17.015347,31.11808,0.5019371,0.125,0.25,2.963197,5.767232,5.0,4.0,1.0,22.897337,0.0,2.0,2.0,45.0,1.0,1.0,1.0,1.0,18.0,0,1716720285.074666,synthetic_003,train
18.358763,33.02894,-4.004834,0.26666668,0.33333334,3.6363983,10.08211,4.0,4.0,1.0,25.329672,0.0,2.0,2.0,40.0,1.0,1.0,1.0,1.0,1.0,0,1716720290.074666,synthetic_003,train
7.8827724,11.489036,2.092811,0.6,1.0,4.2008615,10.08211,3.0,4.0,0.0,22.773272,0.0,2.0,2.0,30.0,1.0,1.0,1.0,1.0,1.0,0,1716720295.074666,synthetic_003,train
8.340947,11.388969,1.1960762,0.45,0.5,4.8299913,10.287812,4.0,3.0,0.0,28.04271,0.0,2.0,2.0,35.0,1.0,1.0,1.0,1.0,4.0,0,1716720300.074666,synthetic_003,train
9.731105,11.807499,0.24553242,0.2,0.4,4.6737847,10.287812,3.0,3.0,0.0,22.708412,0.0,2.0,2.0,30.0,0.0,1.0,1.0,1.0,4.0,0,1716720305.074666,synthetic_003,train
56.526947,119.60464,28.30462,0.2,0.4,4.5065007,10.287812,3.0,3.0,0.0,16.956894,0.0,3.0,3.0,32.0,0.0,0.0,1.0,1.0,27.0,0,1716720310.074666,synthetic_003,train
41.37309,97.34745,1.7271423,0.2,0.4,3.7387266,10.287812,4.0,3.0,0.0,23.56643,0.0,3.0,3.0,50.0,0.0,1.0,1.0,1.0,22.0,0,1716720315.074666,synthetic_003,train
46.544724,102.73858,-1.9654846,0.1,0.2,2.9458036,10.287812,3.0,3.0,0.0,13.278618,0.0,3.0,3.0,45.0,0.0,1.0,1.0,1.0,22.0,0,1716720320.074666,synthetic_003,train
31.558464,84.90233,-5.6060543,0.3,0.5,2.9577599,10.287812,4.0,4.0,0.0,25.205307,0.0,3.0,3.0,69.0,0.0,1.0,1.0,1.0,22.0,1,1716720325.074666,synthetic_003,train
36.267715,92.99548,-13.239189,0.2,0.4,2.4456449,8.14433,3.0,4.0,0.0,19.123297,0.0,3.0,3.0,59.0,0.0,1.0,1.0,1.0,22.0,1,1716720330.074666,synthetic_003,train
25.905512,79.222946,-7.989395,0.46666667,1.0,2.494926,8.14433,4.0,4.0,1.0,29.59581,0.0,3.0,3.0,83.0,1.0,1.0,1.0,1.0,22.0,1,1716720335.074666,synthetic_003,train
3.2949893,6.1444116,-0.96537924,0.6666667,1.0,2.8216019,8.14433,4.0,4.0,1.0,28.959036,0.0,2.0,2.0,72.0,1.0,1.0,1.0,0.0,22.0,1,1716720340.074666,synthetic_003,train
1.5103716,2.977987,0.24986003,0.7,0.8,2.861956,8.14433,3.0,4.0,0.0,20.47523,0.0,2.0,2.0,60.0,1.0,0.0,1.0,1.0,5.0,1,1716720345.074666,synthetic_003,train
24.042824,74.38851,6.417719,0.625,0.8,2.2057495,8.14433,4.0,4.0,1.0,29.35341,0.0,2.0,2.0,102.0,1.0,1.0,1.0,1.0,4.0,1,1716720350.074666,synthetic_003,train
26.111069,73.963615,3.1965144,0.575,1.0,1.744466,5.823564,3.0,4.0,1.0,23.83236,0.0,3.0,3.0,102.0,1.0,1.0,1.0,1.0,4.0,1,1716720355.074666,synthetic_003,train
24.660454,72.01869,2.2337127,0.6166667,1.0,1.965429,5.823564,4.0,4.0,1.0,29.554157,0.0,3.0,3.0,108.0,1.0,1.0,1.0,1.0,4.0,1,1716720360.074666,synthetic_003,train
30.654224,75.67433,0.16921969,0.35,0.6,1.7528778,5.721799,3.0,4.0,1.0,23.195562,0.0,3.0,3.0,96.0,1.0,1.0,1.0,1.0,5.0,1,1716720365.074666,synthetic_003,train
30.654224,75.67433,-1.273332,0.55,1.0,1.7820612,5.721799,3.0,4.0,1.0,27.143106,0.0,3.0,3.0,96.0,1.0,1.0,1.0,1.0,4.0,1,1716720370.074666,synthetic_003,train
26.960098,71.86047,-2.698487,0.51666665,0.6666667,1.8757961,5.721799,5.0,4.0,1.0,29.427067,0.0,3.0,3.0,108.0,1.0,1.0,1.0,1.0,20.0,1,1716720375.074666,synthetic_003,train
7.907131,13.02936,-1.2161964,0.43333334,0.5,2.3836253,5.721799,5.0,4.0,0.0,26.437485,0.0,3.0,3.0,72.0,1.0,1.0,1.0,1.0,17.0,1,1716720380.074666,synthetic_003,train
6.4233847,13.625284,-1.8023239,0.45,0.5,3.02535,5.721799,5.0,4.0,0.0,21.506351,0.0,2.0,2.0,54.0,1.0,1.0,1.0,1.0,20.0,0,1716720385.074666,synthetic_003,train
6.4233847,13.625284,-2.7658317,0.45,0.5,3.3337784,8.497653,5.0,4.0,0.0,29.720854,0.0,2.0,2.0,54.0,1.0,1.0,1.0,1.0,4.0,0,1716720390.074666,synthetic_003,train
8.489367,12.798446,2.2060657,0.26666668,0.6,2.672439,8.497653,5.0,3.0,0.0,26.75185,0.0,2.0,2.0,75.0,1.0,1.0,1.0,1.0,6.0,0,1716720395.074666,synthetic_003,train
11.738151,26.742796,1.2779584,0.51666665,0.8,1.7334011,8.497653,4.0,3.0,1.0,27.84374,0.0,3.0,3.0,118.0,1.0,1.0,1.0,1.0,6.0,0,1716720400.074666,synthetic_003,train
13.213447,28.101646,0.77027816,0.35,0.8,1.7388138,8.497653,3.0,3.0,1.0,24.103664,0.0,3.0,3.0,107.0,0.0,1.0,1.0,1.0,6.0,0,1716720405.074666,synthetic_003,train
13.01169,28.189568,0.22917147,0.6,1.0,1.7726146,8.497653,3.0,3.0,1.0,25.652315,0.0,3.0,3.0,108.0,0.0,1.0,1.0,1.0,6.0,0,1716720410.074666,synthetic_003,train
12.161271,27.504189,-0.42553678,0.525,0.8,1.8801967,8.497653,4.0,3.0,1.0,23.46569,0.0,3.0,3.0,116.0,0.0,1.0,1.0,1.0,6.0,0,1716720415.074666,synthetic_003,train
12.295199,27.446753,-0.8876135,0.475,0.8,1.6903689,5.2705793,4.0,3.0,1.0,27.561201,0.0,3.0,3.0,117.0,0.0,1.0,1.0,1.0,6.0,1,1716720420.074666,synthetic_003,train
9.255474,30.12396,-1.0061934,0.5777778,0.8,2.2848155,6.172434,5.0,3.0,1.0,29.449831,0.0,3.0,3.0,91.0,0.0,1.0,1.0,1.0,6.0,1,1716720425.074666,synthetic_003,train
1.817808,1.5327271,-0.14128745,0.2,0.4,4.208873,6.172434,5.0,0.0,0.0,22.01221,0.0,1.0,1.0,42.0,0.0,1.0,1.0,1.0,6.0,1,1716720430.074666,synthetic_003,train
1.2338388,1.2422945,-0.04134111,0.45,0.5,4.4009004,8.376627,5.0,3.0,0.0,26.548134,0.0,1.0,1.0,49.0,1.0,1.0,1.0,1.0,6.0,1,1716720435.074666,synthetic_003,train
2.3149638,2.0859635,0.33386767,0.26666668,0.33333334,3.9884548,8.376627,5.0,3.0,0.0,27.885378,0.0,1.0,1.0,56.0,1.0,1.0,1.0,1.0,23.0,1,1716720440.074666,synthetic_003,train
2.5893855,2.2000453,0.5101725,0.1,0.2,4.2661014,8.376627,4.0,3.0,0.0,20.326029,0.0,1.0,1.0,42.0,1.0,1.0,1.0,1.0,23.0,1,1716720445.074666,synthetic_003,train
2.4306405,2.2606404,0.2669295,0.1,0.2,4.8978815,9.061261,4.0,3.0,0.0,23.214855,0.0,2.0,2.0,42.0,1.0,1.0,1.0,1.0,23.0,1,1716720450.074666,synthetic_003,train
31.933521,89.66568,17.760153,0.35,0.5,3.2203228,9.061261,4.0,3.0,1.0,20.60628,0.0,2.0,2.0,63.0,1.0,1.0,1.0,1.0,16.0,1,1716720455.074666,synthetic_003,train
26.348969,81.158,7.163231,0.53333336,1.0,3.095091,9.061261,5.0,4.0,1.0,25.669374,0.0,2.0,2.0,77.0,1.0,1.0,1.0,1.0,24.0,1,1716720460.074666,synthetic_003,train
28.840609,85.1034,4.3940487,0.4,0.6,3.0124066,9.061261,5.0,4.0,1.0,28.264936,0.0,2.0,2.0,70.0,1.0,1.0,1.0,1.0,16.0,1,1716720465.074666,synthetic_003,train
28.848694,85.13029,-1.3170458,0.5,0.6,3.015247,9.061261,5.0,4.0,1.0,21.09121,0.0,2.0,2.0,70.0,1.0,1.0,1.0,1.0,20.0,1,1716720470.074666,synthetic_003,train
30.956203,72.84999,-0.2858602,0.4,0.6,2.3432696,9.061261,5.0,4.0,1.0,26.087782,0.0,2.0,2.0,105.0,1.0,1.0,1.0,1.0,10.0,1,1716720475.074666,synthetic_003,train
26.219454,64.35484,-2.0357883,0.55,0.8,1.4980754,4.9241586,4.0,4.0,1.0,26.795551,0.0,2.0,2.0,140.0,1.0,1.0,1.0,1.0,10.0,1,1716720480.074666,synthetic_003,train
13.750033,28.599577,-0.49249834,0.55,0.8,1.5369593,4.9241586,4.0,4.0,1.0,25.815027,0.0,1.0,1.0,140.0,1.0,1.0,1.0,1.0,3.0,1,1716720485.074666,synthetic_003,train
14.520147,29.175016,-1.1988316,0.5125,1.0,1.5416598,4.8721557,4.0,3.0,1.0,24.41938,0.0,1.0,1.0,133.0,1.0,1.0,1.0,1.0,3.0,1,1716720490.074666,synthetic_003,train
14.520147,29.175016,-1.6828364,0.5125,1.0,1.4375036,4.4506893,3.0,3.0,0.0,23.129032,0.0,1.0,1.0,133.0,1.0,1.0,1.0,1.0,3.0,1,1716720495.074666,synthetic_003,train
13.785739,28.583096,-2.182325,0.55,0.8,1.5480969,6.8496685,3.0,3.0,1.0,29.832644,0.0,1.0,1.0,140.0,1.0,1.0,1.0,1.0,11.0,1,1716720500.074666,synthetic_003,train
6.3983426,15.379826,-0.83409506,0.5,0.8,1.9210681,6.8496685,4.0,3.0,1.0,28.941046,0.0,1.0,1.0,112.0,1.0,1.0,1.0,1.0,11.0,1,1716720505.074666,synthetic_003,train
3.7275574,5.328646,-0.2563272,0.6666667,1.0,2.6545596,6.8496685,4.0,2.0,0.0,24.749468,0.0,1.0,1.0,77.0,1.0,0.0,1.0,1.0,11.0,1,1716720510.074666,synthetic_003,train
12.000408,32.60408,5.4679866,0.6,0.6,2.9410834,6.8496685,4.0,4.0,0.0,25.79539,0.0,1.0,1.0,70.0,1.0,0.0,1.0,1.0,11.0,0,1716720515.074666,synthetic_003,train
11.015813,31.115328,2.8496552,0.46666667,0.8,2.7090423,6.8496685,3.0,4.0,0.0,26.906279,0.0,1.0,1.0,77.0,1.0,1.0,1.0,1.0,11.0,1,1716720520.074666,synthetic_003,train
10.351412,29.756443,1.016746,0.56666666,0.6,2.7127702,6.8496685,4.0,4.0,0.0,25.703575,0.0,1.0,1.0,84.0,1.0,1.0,1.0,1.0,9.0,1,1716720525.074666,synthetic_003,train
11.701178,32.604202,-0.45461458,0.5,0.6,2.8148267,4.7717233,4.0,4.0,0.0,23.376545,0.0,1.0,1.0,70.0,1.0,1.0,1.0,1.0,9.0,1,1716720530.074666,synthetic_003,train
20.792728,46.037697,1.7939173,0.41666666,0.8,1.9955676,4.6323028,3.0,4.0,1.0,20.11519,1.0,2.0,2.0,98.0,1.0,1.0,1.0,1.0,9.0,1,1716720535.074666,synthetic_003,train
19.708868,44.561195,-0.0047216066,0.4,0.6,1.9388502,4.6323028,3.0,4.0,1.0,16.906425,1.0,2.0,2.0,106.0,1.0,1.0,1.0,1.0,9.0,1,1716720540.074666,synthetic_003,train
14.712194,40.74159,0.7584251,0.42222223,0.6666667,2.3601174,8.355182,3.0,4.0,1.0,15.8042145,1.0,2.0,2.0,93.0,1.0,1.0,1.0,1.0,9.0,1,1716720545.074666,synthetic_003,train
13.774567,39.314083,-1.2268627,0.45,0.75,2.293978,8.355182,3.0,4.0,1.0,16.098413,2.0,4.0,4.0,104.0,1.0,1.0,0.0,0.0,24.0,1,1716720550.074666,synthetic_003,train
13.812261,39.303253,-2.7221742,0.45,0.75,2.1676543,8.355182,3.0,4.0,1.0,14.694203,3.0,4.0,4.0,108.0,1.0,1.0,0.0,0.0,4.0,1,1716720555.074666,synthetic_003,train
13.030168,38.00463,-3.0568871,0.46666667,0.6,2.0423017,8.355182,2.0,4.0,1.0,15.299756,3.0,4.0,4.0,119.0,1.0,1.0,1.0,0.0,4.0,1,1716720560.074666,synthetic_003,train
1.5709409,2.3821323,-0.15379243,0.73333335,1.0,2.6117153,8.355182,2.0,4.0,1.0,14.347202,2.0,4.0,4.0,102.0,1.0,1.0,1.0,0.0,4.0,1,1716720565.074666,synthetic_003,train
1.1930375,2.2236235,-0.17960559,0.8,1.0,2.818879,8.355182,3.0,4.0,1.0,16.98091,2.0,4.0,4.0,105.0,1.0,1.0,1.0,1.0,25.0,1,1716720570.074666,synthetic_003,train
1.3376007,2.191835,-0.17470594,0.6888889,0.8,2.3124454,3.905794,3.0,4.0,1.0,21.604824,2.0,4.0,4.0,115.0,1.0,1.0,1.0,1.0,25.0,1,1716720575.074666,synthetic_003,train
1.0285869,1.7992581,-0.16344789,0.8,1.0,2.29178,3.905794,3.0,4.0,1.0,21.84891,0.0,4.0,4.0,99.0,1.0,1.0,1.0,1.0,25.0,1,1716720580.074666,synthetic_003,train
0.9017585,1.6583854,-0.07283616,0.7,0.8,3.0751436,9.42029,3.0,4.0,1.0,28.4006,0.0,3.0,3.0,90.0,1.0,1.0,1.0,1.0,16.0,1,1716720585.074666,synthetic_003,train
1.9892471,3.4833183,0.6358738,0.46666667,0.8,2.6275995,9.42029,3.0,4.0,1.0,26.001085,0.0,3.0,3.0,99.0,1.0,1.0,1.0,1.0,25.0,0,1716720590.074666,synthetic_003,train
1.8234764,3.3704925,0.106586196,0.73333335,1.0,2.5121706,9.42029,4.0,4.0,1.0,20.007996,1.0,3.0,3.0,108.0,1.0,1.0,1.0,1.0,22.0,0,1716720595.074666,synthetic_003,train
2.3279343,3.451535,0.009518651,0.4,0.8,2.4908614,9.42029,4.0,4.0,1.0,14.950524,1.0,3.0,3.0,99.0,1.0,1.0,1.0,1.0,19.0,0,1716720600.074666,synthetic_003,train
2.4141433,3.5528333,-0.12320262,0.5,0.6,3.0278635,9.42029,4.0,4.0,1.0,14.846303,1.0,3.0,3.0,90.0,1.0,1.0,0.0,0.0,5.0,0,1716720605.074666,synthetic_003,train
14.335298,37.599995,2.5507252,0.35,0.4,2.4770563,9.42029,4.0,4.0,1.0,9.020892,3.0,2.0,2.0,126.0,1.0,1.0,1.0,1.0,5.0,0,1716720610.074666,synthetic_003,train
15.340025,38.939217,2.686043,0.37777779,0.6,1.9429615,7.4695854,3.0,3.0,1.0,9.178346,3.0,2.0,2.0,117.0,1.0,1.0,1.0,1.0,5.0,0,1716720615.074666,synthetic_003,train
15.736672,40.631355,1.1059377,0.26666668,0.6,2.6601074,7.493225,4.0,3.0,1.0,12.049667,2.0,2.0,2.0,108.0,1.0,1.0,1.0,1.0,15.0,0,1716720620.074666,synthetic_003,train
59.402,94.63472,6.785475,0.2,0.4,1.5440583,7.493225,3.0,4.0,0.0,20.74513,2.0,2.0,2.0,180.0,1.0,1.0,1.0,1.0,0.0,0,1716720625.074666,synthetic_003,train
61.288445,90.691055,3.1141036,0.16,0.4,1.2866422,7.493225,2.0,4.0,0.0,19.508188,2.0,2.0,2.0,216.0,1.0,1.0,1.0,1.0,0.0,0,1716720630.074666,synthetic_003,train
59.744938,87.995186,1.1129309,0.33333334,1.0,1.1509626,7.493225,2.0,4.0,1.0,24.346766,1.0,2.0,2.0,234.0,1.0,1.0,1.0,1.0,0.0,0,1716720635.074666,synthetic_003,train
59.86155,91.17476,-1.191483,0.36,1.0,1.1870624,7.493225,2.0,4.0,0.0,19.80921,0.0,2.0,2.0,207.0,1.0,0.0,1.0,0.0,0.0,0,1716720640.074666,synthetic_003,train
49.69258,85.28195,-2.4601889,0.43333334,1.0,1.2332345,7.493225,3.0,4.0,1.0,27.03734,0.0,3.0,3.0,252.0,1.0,0.0,1.0,0.0,0.0,0,1716720645.074666,synthetic_003,train
49.41478,83.88562,-3.5404105,0.45833334,0.8,1.038495,5.3949804,3.0,4.0,1.0,25.449009,1.0,3.0,3.0,261.0,1.0,0.0,1.0,0.0,0.0,0,1716720650.074666,synthetic_003,train
22.833088,46.150906,-3.4682071,0.5875,0.8,1.4839599,5.3949804,4.0,3.0,1.0,21.689505,1.0,3.0,3.0,171.0,1.0,0.0,1.0,1.0,0.0,0,1716720655.074666,synthetic_003,train
9.93932,24.142479,-0.9387359,0.73333335,0.8,2.0930152,6.419228,5.0,3.0,1.0,17.333498,1.0,3.0,3.0,135.0,1.0,0.0,1.0,1.0,24.0,0,1716720660.074666,synthetic_003,train
4.5280514,12.3935175,0.13878107,0.8,1.0,1.873022,6.419228,4.0,3.0,1.0,15.999397,1.0,3.0,3.0,144.0,1.0,0.0,1.0,1.0,24.0,0,1716720665.074666,synthetic_003,train
5.174916,13.176682,-0.11104729,0.71666664,0.8,1.9717687,6.419228,4.0,3.0,1.0,15.536636,1.0,3.0,3.0,126.0,1.0,0.0,1.0,1.0,24.0,0,1716720670.074666,synthetic_003,train
27.365576,73.009224,9.710016,0.46666667,0.8,2.547589,7.597496,4.0,3.0,0.0,24.830498,1.0,3.0,3.0,99.0,1.0,1.0,1.0,1.0,24.0,0,1716720675.074666,synthetic_003,train
21.210104,69.92587,2.346861,0.73333335,1.0,2.4781158,7.597496,4.0,3.0,0.0,15.276751,1.0,3.0,3.0,108.0,1.0,1.0,1.0,1.0,21.0,0,1716720680.074666,synthetic_003,train
20.053658,67.07864,-0.084062375,0.62222224,0.6666667,2.403077,7.597496,4.0,3.0,0.0,13.36503,1.0,3.0,3.0,117.0,1.0,1.0,1.0,1.0,21.0,0,1716720685.074666,synthetic_003,train
22.556927,64.31568,0.124788605,0.6666667,0.8,1.9834182,7.597496,3.0,3.0,1.0,18.754734,1.0,2.0,2.0,135.0,1.0,1.0,1.0,1.0,8.0,0,1716720690.074666,synthetic_003,train
32.17572,70.17417,-2.1171718,0.46666667,0.8,2.1823425,7.597496,4.0,4.0,1.0,19.175037,1.0,3.0,3.0,118.0,1.0,1.0,1.0,1.0,19.0,0,1716720695.074666,synthetic_003,train
22.014967,59.32165,-2.877506,0.7,1.0,1.7231963,7.597496,4.0,4.0,1.0,23.819904,1.0,5.0,5.0,183.0,1.0,1.0,1.0,1.0,19.0,1,1716720700.074666,synthetic_003,train
12.6691885,29.32819,0.9181031,0.7,0.8,1.6306237,5.7375426,5.0,4.0,1.0,22.84369,1.0,5.0,5.0,198.0,1.0,1.0,0.0,0.0,19.0,1,1716720705.074666,synthetic_003,train
15.705768,32.25086,0.37595037,0.55,1.0,1.5986351,4.129224,4.0,4.0,1.0,19.203636,1.0,5.0,5.0,162.0,1.0,1.0,0.0,0.0,25.0,1,1716720710.074666,synthetic_003,train
16.341066,33.27902,-0.69117403,0.73333335,1.0,1.9289212,8.406941,4.0,4.0,1.0,19.567152,2.0,5.0,5.0,155.0,1.0,1.0,0.0,0.0,6.0,1,1716720715.074666,synthetic_003,train
13.799188,31.480158,-0.30968833,0.7,1.0,2.0002763,8.406941,4.0,4.0,1.0,13.625807,2.0,5.0,5.0,128.0,1.0,1.0,0.0,0.0,6.0,1,1716720720.074666,synthetic_003,train
7.240523,23.554436,2.19756,0.6,1.0,2.6258698,8.588755,4.0,4.0,1.0,14.601634,2.0,5.0,5.0,120.0,1.0,1.0,0.0,0.0,24.0,1,1716720725.074666,synthetic_003,train
13.796772,31.599092,-1.6680753,0.3,0.6,4.7236977,8.588755,5.0,1.0,0.0,12.106481,1.0,1.0,1.0,66.0,0.0,1.0,0.0,0.0,24.0,1,1716720730.074666,synthetic_003,train
1.5106858,1.5705204,1.5674409,0.33333334,0.33333334,6.9411974,8.588755,3.0,1.0,0.0,12.416651,0.0,1.0,1.0,33.0,0.0,0.0,0.0,0.0,24.0,1,1716720735.074666,synthetic_003,train
1.4192001,1.2953125,0.5171935,0.25,0.25,7.8265734,10.482702,4.0,1.0,0.0,22.899353,0.0,1.0,1.0,44.0,1.0,0.0,0.0,0.0,26.0,1,1716720740.074666,synthetic_003,train
2.6201,4.5718327,0.4900631,0.45,0.5,4.347669,10.482702,4.0,3.0,0.0,21.844929,0.0,1.0,1.0,77.0,1.0,1.0,0.0,0.0,24.0,1,1716720745.074666,synthetic_003,train
5.4344764,8.054332,1.6007893,0.3,0.4,3.550122,10.482702,4.0,3.0,0.0,26.912466,0.0,1.0,1.0,110.0,1.0,1.0,0.0,0.0,24.0,1,1716720750.074666,synthetic_003,train
5.7078643,7.58115,0.95581824,0.2,0.4,2.9711566,10.482702,4.0,4.0,0.0,28.854828,0.0,1.0,1.0,121.0,1.0,1.0,0.0,0.0,24.0,1,1716720755.074666,synthetic_003,train
6.9760756,7.782207,1.0906905,0.2,0.6,2.5954897,10.482702,3.0,4.0,0.0,20.663174,0.0,1.0,1.0,132.0,1.0,1.0,1.0,1.0,4.0,1,1716720760.074666,synthetic_003,train
6.9760756,7.782207,1.0906905,0.2,0.6,2.5954897,10.482702,3.0,4.0,0.0,20.663174,0.0,1.0,1.0,132.0,1.0,1.0,1.0,1.0,4.0,1,1716720765.074666,synthetic_003,train
6.8806806,7.8667436,0.5573193,0.36666667,0.6,2.6886964,11.601184,3.0,4.0,0.0,28.249655,0.0,1.0,1.0,132.0,1.0,1.0,1.0,1.0,4.0,1,1716720770.074666,synthetic_003,train
8.496664,7.760975,-0.40795848,0.125,0.25,2.950856,11.601184,2.0,4.0,0.0,24.437244,0.0,1.0,1.0,99.0,1.0,1.0,1.0,1.0,23.0,1,1716720775.074666,synthetic_003,train
5.517642,5.094821,-0.53534716,0.225,0.25,3.2680967,11.601184,3.0,4.0,0.0,25.393593,0.0,1.0,1.0,100.0,1.0,1.0,1.0,1.0,22.0,1,1716720780.074666,synthetic_003,train
5.636494,5.0357914,-0.6624925,0.225,0.25,3.146707,11.601184,2.0,4.0,0.0,26.762989,0.0,2.0,2.0,102.0,1.0,1.0,1.0,1.0,22.0,1,1716720785.074666,synthetic_003,train
3.1811268,3.1123452,-0.16567382,0.4,0.4,2.9001184,11.601184,2.0,4.0,0.0,17.399998,0.0,2.0,2.0,116.0,1.0,1.0,1.0,0.0,22.0,0,1716720790.074666,synthetic_003,train
2.4470205,3.0349777,-0.33728018,0.6,1.0,2.8360868,11.601184,3.0,4.0,1.0,25.267944,0.0,2.0,2.0,152.0,1.0,1.0,1.0,0.0,22.0,0,1716720795.074666,synthetic_003,train
2.4470205,3.0349777,-0.5120674,0.6,1.0,2.1087441,6.0113688,2.0,3.0,1.0,25.585995,0.0,2.0,2.0,153.0,1.0,1.0,0.0,0.0,22.0,0,1716720800.074666,synthetic_003,train
5.009668,9.576785,0.8274176,0.53333336,0.8,2.1596804,6.0113688,3.0,3.0,1.0,26.383839,0.0,2.0,2.0,178.0,1.0,1.0,1.0,1.0,11.0,0,1716720805.074666,synthetic_003,train
5.073242,10.287902,0.86223114,0.5777778,1.0,2.339387,5.939527,3.0,3.0,1.0,27.503443,0.0,2.0,2.0,156.0,1.0,1.0,1.0,1.0,11.0,1,1716720810.074666,synthetic_003,train
4.46361,10.374425,0.6616729,0.6888889,0.8,2.4290278,5.939527,4.0,4.0,1.0,29.244593,0.0,2.0,2.0,156.0,1.0,1.0,1.0,1.0,11.0,1,1716720815.074666,synthetic_003,train
27.144833,82.63632,9.849673,0.6888889,1.0,2.4412248,5.939527,4.0,4.0,1.0,24.672857,1.0,2.0,2.0,156.0,1.0,1.0,1.0,1.0,21.0,1,1716720820.074666,synthetic_003,train
32.080257,89.55642,9.880681,0.73333335,1.0,2.5715058,5.939527,4.0,4.0,1.0,21.387957,1.0,2.0,2.0,132.0,1.0,1.0,1.0,1.0,26.0,1,1716720825.074666,synthetic_003,train
25.644613,74.01074,0.30012608,0.6,1.0,2.11855,5.939527,5.0,4.0,1.0,14.15809,1.0,2.0,2.0,192.0,1.0,1.0,1.0,1.0,4.0,1,1716720830.074666,synthetic_003,train
24.683657,76.56992,-1.6000789,0.46666667,0.8,2.1390955,5.939527,4.0,4.0,1.0,17.43127,1.0,2.0,2.0,180.0,1.0,1.0,1.0,0.0,4.0,1,1716720835.074666,synthetic_003,train
22.212492,69.802284,-2.4171655,0.46666667,0.6666667,1.7224184,4.4185867,3.0,4.0,1.0,17.987494,2.0,2.0,2.0,216.0,1.0,1.0,1.0,0.0,4.0,1,1716720840.074666,synthetic_003,train
23.501417,71.728714,-4.2146063,0.425,0.6,1.7431587,4.4732485,3.0,4.0,1.0,19.00107,2.0,2.0,2.0,204.0,1.0,1.0,1.0,0.0,4.0,1,1716720845.074666,synthetic_003,train
7.005389,8.469507,-0.2846795,0.33333334,0.4,1.9108539,4.4732485,3.0,3.0,1.0,17.779095,1.0,2.0,2.0,180.0,1.0,1.0,1.0,0.0,4.0,1,1716720850.074666,synthetic_003,train
7.005389,8.469507,-0.6599682,0.33333334,0.4,1.9732679,5.354797,3.0,3.0,1.0,17.447193,1.0,2.0,2.0,180.0,1.0,1.0,1.0,0.0,4.0,1,1716720855.074666,synthetic_003,train
4.7649865,6.2471247,-0.6815668,0.4,0.6,2.6177857,5.354797,3.0,3.0,0.0,14.440428,1.0,2.0,2.0,120.0,1.0,1.0,1.0,0.0,19.0,1,1716720860.074666,synthetic_003,train
4.7004213,6.6022353,-0.6102227,0.5,0.6,2.990698,7.4228926,4.0,3.0,0.0,22.927265,1.0,2.0,2.0,120.0,1.0,1.0,0.0,0.0,19.0,1,1716720865.074666,synthetic_003,train
5.0014353,5.185153,1.4421444,0.3,0.6,3.408842,7.4228926,4.0,3.0,0.0,22.79749,0.0,1.0,1.0,96.0,1.0,1.0,1.0,0.0,19.0,1,1716720870.074666,synthetic_003,train
4.8892584,5.2517653,0.9256797,0.3,0.6,3.6899285,7.4228926,4.0,3.0,0.0,27.35989,0.0,1.0,1.0,96.0,1.0,1.0,1.0,0.0,19.0,1,1716720875.074666,synthetic_003,train
16.93338,29.658442,3.9845793,0.44444445,0.6,2.374275,7.4228926,4.0,4.0,0.0,19.623674,1.0,2.0,2.0,159.0,0.0,1.0,1.0,0.0,19.0,1,1716720880.074666,synthetic_003,train
16.723976,27.376703,1.3000923,0.5,1.0,2.068199,7.4228926,4.0,4.0,1.0,16.175463,2.0,2.0,2.0,199.0,0.0,1.0,1.0,0.0,18.0,1,1716720885.074666,synthetic_003,train
16.933834,27.252546,0.58714896,0.25,0.4,2.0206397,7.4228926,4.0,4.0,1.0,12.453671,2.0,2.0,2.0,200.0,0.0,1.0,1.0,0.0,17.0,1,1716720890.074666,synthetic_003,train
18.696177,28.756794,-0.010326255,0.28333333,0.4,1.6858761,6.7219396,3.0,4.0,1.0,9.541382,2.0,2.0,2.0,176.0,0.0,1.0,1.0,0.0,17.0,1,1716720895.074666,synthetic_003,train
18.505262,30.177986,-1.2064358,0.31111112,0.4,2.3044822,8.576385,4.0,4.0,1.0,10.72446,2.0,2.0,2.0,165.0,0.0,1.0,0.0,0.0,18.0,1,1716720900.074666,synthetic_003,train
20.320156,25.391066,-0.29119647,0.25,0.4,1.624288,8.576385,4.0,4.0,1.0,15.3032875,2.0,2.0,2.0,250.0,0.0,1.0,1.0,1.0,0.0,0,1716720905.074666,synthetic_003,train
13.300424,14.3098345,0.41943485,0.26666668,0.4,2.0640495,8.576385,4.0,4.0,1.0,20.390709,1.0,2.0,2.0,203.0,0.0,1.0,1.0,1.0,0.0,0,1716720910.074666,synthetic_003,train
12.913977,13.156174,0.16986334,0.24444444,0.33333334,2.1178553,8.576385,4.0,4.0,0.0,20.272377,1.0,1.0,1.0,179.0,0.0,1.0,1.0,1.0,0.0,0,1716720915.074666,synthetic_003,train
13.710332,13.409924,-0.21818572,0.2,0.4,1.996522,8.576385,3.0,4.0,0.0,12.818232,1.0,1.0,1.0,166.0,0.0,1.0,1.0,1.0,0.0,0,1716720920.074666,synthetic_003,train
11.751713,13.302187,-0.86032766,0.36666667,0.5,2.560138,9.282202,4.0,4.0,0.0,19.475391,1.0,1.0,1.0,194.0,1.0,1.0,1.0,1.0,0.0,0,1716720925.074666,synthetic_003,train
11.908501,13.183183,-1.434691,0.36666667,0.5,2.1860175,9.282202,4.0,4.0,0.0,16.965824,1.0,2.0,2.0,195.0,1.0,1.0,1.0,1.0,0.0,1,1716720930.074666,synthetic_003,train
2.7741773,4.434683,0.24918744,0.55,0.6,3.282729,9.282202,3.0,4.0,0.0,15.372164,1.0,2.0,2.0,98.0,1.0,1.0,0.0,0.0,15.0,1,1716720935.074666,synthetic_003,train
3.9594977,4.2921753,-0.30262896,0.2,0.4,4.1598325,9.282202,4.0,4.0,0.0,25.965412,0.0,2.0,2.0,98.0,1.0,1.0,0.0,0.0,15.0,1,1716720940.074666,synthetic_003,train
2.3669217,2.570992,0.8525621,0.2,0.4,5.0269475,9.282202,4.0,4.0,0.0,20.879484,0.0,2.0,2.0,84.0,1.0,1.0,1.0,1.0,15.0,1,1716720945.074666,synthetic_003,train
2.1073718,2.3359854,0.17528376,0.36666667,0.4,4.587296,9.282202,5.0,4.0,0.0,27.416166,0.0,2.0,2.0,112.0,1.0,1.0,1.0,1.0,15.0,1,1716720950.074666,synthetic_003,train
4.644179,6.462619,1.0161932,0.25,0.5,3.3518722,7.978191,5.0,4.0,0.0,26.828152,0.0,2.0,2.0,126.0,1.0,1.0,1.0,1.0,26.0,1,1716720955.074666,synthetic_003,train
4.2448215,6.644115,0.6190842,0.35,0.5,3.056218,7.978191,4.0,3.0,0.0,19.52777,0.0,2.0,2.0,126.0,1.0,1.0,1.0,1.0,26.0,1,1716720960.074666,synthetic_003,train
4.6203785,6.064723,0.46413592,0.2,0.4,3.0864236,7.978191,6.0,3.0,1.0,29.058893,0.0,2.0,2.0,168.0,1.0,1.0,1.0,1.0,26.0,1,1716720965.074666,synthetic_003,train
4.60251,6.2566257,0.47176114,0.2,0.4,2.7945795,5.2133446,6.0,3.0,0.0,25.545734,0.0,2.0,2.0,154.0,0.0,0.0,1.0,1.0,26.0,1,1716720970.074666,synthetic_003,train
4.026461,6.212763,-0.06316233,0.53333336,1.0,2.6044092,5.2133446,6.0,3.0,0.0,26.737295,0.0,2.0,2.0,168.0,0.0,1.0,1.0,0.0,26.0,1,1716720975.074666,synthetic_003,train
7.260348,11.1696415,0.8525931,0.35,0.4,2.15215,5.2133446,5.0,3.0,1.0,28.3529,0.0,4.0,4.0,196.0,0.0,1.0,1.0,0.0,26.0,1,1716720980.074666,synthetic_003,train
7.237777,10.750722,1.1628692,0.26666668,0.6,2.135834,5.2133446,4.0,3.0,1.0,22.920643,1.0,4.0,4.0,182.0,0.0,1.0,1.0,0.0,26.0,1,1716720985.074666,synthetic_003,train
7.2845984,10.053661,0.4227863,0.26666668,0.4,2.3173096,5.2133446,6.0,3.0,1.0,19.697533,1.0,4.0,4.0,210.0,1.0,1.0,1.0,0.0,26.0,1,1716720990.074666,synthetic_003,train
7.285805,10.734475,0.24698256,0.26666668,0.4,2.2841089,4.464897,5.0,3.0,1.0,14.132164,1.0,4.0,4.0,182.0,1.0,1.0,1.0,1.0,19.0,1,1716720995.074666,synthetic_003,train
9.34115,13.450138,0.7190216,0.25,0.6,1.8938904,4.464897,4.0,4.0,1.0,9.971098,2.0,6.0,6.0,224.0,1.0,1.0,1.0,1.0,19.0,1,1716721000.074666,synthetic_003,train
12.963233,17.850428,1.1182364,0.2,0.4,1.6783694,4.464897,3.0,4.0,1.0,9.4419985,2.0,6.0,6.0,224.0,1.0,1.0,1.0,1.0,3.0,1,1716721005.074666,synthetic_003,train
11.118285,16.158947,0.64207643,0.25,0.6,1.7435131,4.6354747,4.0,4.0,1.0,18.478344,1.0,6.0,6.0,238.0,1.0,1.0,1.0,1.0,3.0,1,1716721010.074666,synthetic_003,train
16.301188,36.632404,0.93984824,0.52,1.0,1.550172,4.6354747,4.0,4.0,1.0,23.52162,1.0,6.0,6.0,294.0,1.0,1.0,1.0,1.0,20.0,1,1716721015.074666,synthetic_003,train
16.357353,37.64418,0.05799014,0.5,1.0,1.4905792,4.6354747,3.0,4.0,1.0,24.079353,1.0,6.0,6.0,280.0,1.0,1.0,1.0,1.0,20.0,1,1716721020.074666,synthetic_003,train
16.373997,37.63789,-0.34837365,0.5,0.8,1.4659753,4.6354747,3.0,4.0,1.0,27.80695,0.0,6.0,6.0,280.0,1.0,1.0,1.0,1.0,20.0,1,1716721025.074666,synthetic_003,train
16.067472,40.19882,-1.1404033,0.45,1.0,1.6674868,4.6354747,4.0,4.0,1.0,26.295498,0.0,2.0,2.0,238.0,1.0,1.0,1.0,1.0,20.0,1,1716721030.074666,synthetic_003,train
13.649101,39.928886,-1.0543016,0.4,0.6,1.8654958,4.6354747,5.0,4.0,1.0,25.21246,0.0,2.0,2.0,224.0,1.0,1.0,1.0,1.0,20.0,1,1716721035.074666,synthetic_003,train
13.907825,44.555378,-4.570169,0.62222224,0.6666667,2.2220268,4.6440573,5.0,4.0,0.0,27.515806,0.0,2.0,2.0,182.0,1.0,1.0,1.0,1.0,22.0,1,1716721040.074666,synthetic_003,train
20.420908,38.06623,5.1580505,0.35,0.4,2.0048392,4.6440573,6.0,3.0,0.0,24.273582,0.0,1.0,1.0,200.0,1.0,1.0,1.0,1.0,0.0,0,1716721045.074666,synthetic_003,train
20.08457,36.551968,1.9711725,0.2,0.4,2.0166447,4.6440573,5.0,3.0,1.0,26.276854,0.0,2.0,2.0,217.0,1.0,1.0,1.0,1.0,0.0,0,1716721050.074666,synthetic_003,train
20.082851,36.552826,1.0563831,0.2,0.4,2.018923,4.6440573,5.0,3.0,0.0,27.199278,0.0,2.0,2.0,218.0,1.0,1.0,1.0,1.0,0.0,0,1716721055.074666,synthetic_003,train
19.968737,36.609615,0.14613396,0.2,0.4,2.1804903,5.5080767,5.0,3.0,1.0,28.947855,0.0,2.0,2.0,219.0,1.0,1.0,1.0,1.0,0.0,1,1716721060.074666,synthetic_003,train
21.991163,39.215115,0.04308532,0.275,0.5,1.768606,5.5080767,4.0,4.0,1.0,28.959455,0.0,3.0,3.0,280.0,1.0,1.0,1.0,1.0,0.0,1,1716721065.074666,synthetic_003,train
22.250446,39.07768,-1.3452075,0.225,0.5,1.5873393,5.5080767,3.0,4.0,1.0,26.856627,0.0,3.0,3.0,282.0,1.0,1.0,1.0,1.0,0.0,1,1716721070.074666,synthetic_003,train
12.247377,30.825792,0.9105002,0.3,0.5,2.0896885,5.5080767,2.0,4.0,1.0,22.655243,0.0,3.0,3.0,180.0,1.0,1.0,0.0,0.0,27.0,1,1716721075.074666,synthetic_003,train
14.621412,35.792137,0.017583918,0.35,0.5,1.9960841,5.5080767,2.0,4.0,0.0,13.957764,0.0,3.0,3.0,135.0,1.0,1.0,0.0,0.0,22.0,1,1716721080.074666,synthetic_003,train
14.288661,35.927402,-1.9260643,0.45,0.5,3.4395185,16.997904,2.0,4.0,0.0,25.44759,0.0,3.0,3.0,135.0,1.0,1.0,0.0,0.0,9.0,1,1716721085.074666,synthetic_003,train
14.046592,36.026398,-3.887812,0.575,0.75,2.9768054,16.997904,1.0,4.0,0.0,24.74193,0.0,3.0,3.0,135.0,1.0,1.0,0.0,0.0,9.0,1,1716721090.074666,synthetic_003,train
0.7037673,1.8619932,-0.35188365,0.9,1.0,4.108163,16.997904,2.0,4.0,0.0,27.398981,0.0,2.0,2.0,105.0,1.0,1.0,0.0,0.0,9.0,1,1716721095.074666,synthetic_003,train
0.35113567,0.86010325,0.30097345,0.5,1.0,5.109819,16.997904,3.0,4.0,0.0,13.661011,0.0,1.0,1.0,90.0,1.0,1.0,0.0,0.0,4.0,1,1716721100.074666,synthetic_003,train
1.1777524,2.3236926,0.8080709,0.5,1.0,4.6591606,16.997904,3.0,4.0,0.0,15.6162195,0.0,2.0,2.0,105.0,1.0,1.0,0.0,0.0,4.0,1,1716721105.074666,synthetic_003,train
1.2386022,2.1581948,0.5792805,0.5,1.0,4.9779096,16.997904,4.0,4.0,0.0,22.825373,0.0,2.0,2.0,120.0,1.0,1.0,0.0,0.0,4.0,1,1716721110.074666,synthetic_003,train
1.4155453,2.2675736,0.69197756,0.4,0.8,3.2607675,7.2091527,3.0,4.0,0.0,21.481714,0.0,2.0,2.0,105.0,1.0,1.0,0.0,0.0,4.0,1,1716721115.074666,synthetic_003,train
1.4155453,2.2675736,0.3380912,0.55,0.6,4.3316975,8.840167,4.0,4.0,0.0,24.9775,0.0,2.0,2.0,105.0,1.0,1.0,0.0,0.0,4.0,1,1716721120.074666,synthetic_003,train
10.269762,16.139261,2.8989487,0.36666667,0.4,3.9980984,8.840167,5.0,4.0,0.0,16.430614,1.0,2.0,2.0,120.0,0.0,0.0,1.0,1.0,5.0,1,1716721125.074666,synthetic_003,train
14.191026,20.861935,2.1894815,0.4,0.4,3.0012069,8.840167,4.0,4.0,0.0,16.834116,1.0,2.0,2.0,150.0,0.0,1.0,1.0,1.0,5.0,1,1716721130.074666,synthetic_003,train
12.361373,19.422924,-0.014011729,0.43333334,0.5,2.7131588,8.840167,5.0,4.0,0.0,19.011564,1.0,2.0,2.0,180.0,0.0,1.0,1.0,1.0,0.0,1,1716721135.074666,synthetic_003,train
12.407891,19.395626,-0.89017725,0.33333334,0.6,2.5622852,8.840167,5.0,4.0,0.0,18.256046,1.0,2.0,2.0,180.0,0.0,1.0,1.0,1.0,27.0,1,1716721140.074666,synthetic_003,train
12.717009,18.750978,-0.38135293,0.41666666,0.6,2.4258306,8.840167,5.0,4.0,1.0,21.532682,1.0,2.0,2.0,210.0,0.0,1.0,1.0,1.0,22.0,1,1716721145.074666,synthetic_003,train
12.819798,18.679712,-1.1228223,0.35,0.4,2.39002,8.338816,5.0,4.0,1.0,27.42858,1.0,2.0,2.0,210.0,1.0,1.0,1.0,1.0,22.0,1,1716721150.074666,synthetic_003,train
10.019828,16.806734,-1.0895061,0.2,0.4,2.458654,8.338816,3.0,4.0,0.0,24.800892,1.0,1.0,1.0,180.0,1.0,1.0,1.0,1.0,4.0,1,1716721155.074666,synthetic_003,train
13.84376,27.844582,4.10029,0.2,0.4,2.6118333,8.338816,3.0,4.0,0.0,18.659494,2.0,1.0,1.0,165.0,1.0,1.0,1.0,1.0,4.0,1,1716721160.074666,synthetic_003,train
17.46471,32.36179,6.8322716,0.26666668,0.33333334,3.0286403,8.338816,2.0,4.0,0.0,11.769033,2.0,1.0,1.0,120.0,1.0,1.0,1.0,1.0,4.0,1,1716721165.074666,synthetic_003,train
44.084015,94.483025,13.1490755,0.3,0.4,3.1138701,8.705411,3.0,4.0,0.0,11.3345,2.0,1.0,1.0,150.0,1.0,1.0,1.0,1.0,4.0,1,1716721170.074666,synthetic_003,train
34.30806,87.80325,-0.33768803,0.6,1.0,2.7183938,8.705411,3.0,4.0,0.0,16.187939,2.0,2.0,2.0,180.0,1.0,1.0,1.0,1.0,13.0,1,1716721175.074666,synthetic_003,train
32.605545,84.268234,-3.206984,0.44444445,0.6,2.193772,8.705411,2.0,4.0,0.0,20.912498,2.0,2.0,2.0,195.0,1.0,1.0,1.0,1.0,13.0,1,1716721180.074666,synthetic_003,train
34.238503,87.83755,-7.8734984,0.56666666,0.8,2.1563797,8.705411,2.0,4.0,1.0,21.133696,1.0,2.0,2.0,180.0,1.0,1.0,1.0,1.0,13.0,1,1716721185.074666,synthetic_003,train
28.814512,89.99244,-10.716264,0.73333335,1.0,2.9776864,9.827401,3.0,4.0,1.0,24.049139,0.0,2.0,2.0,165.0,1.0,1.0,1.0,0.0,13.0,1,1716721190.074666,synthetic_003,train
26.413303,86.206665,-9.35153,0.73333335,1.0,2.8671706,9.827401,3.0,4.0,1.0,25.700636,0.0,2.0,2.0,180.0,1.0,1.0,1.0,0.0,13.0,1,1716721195.074666,synthetic_003,train
1.5127141,3.309888,0.0669639,0.775,0.8,2.4553108,9.827401,1.0,4.0,0.0,21.099188,0.0,2.0,2.0,135.0,1.0,1.0,1.0,0.0,17.0,1,1716721200.074666,synthetic_003,train
2.3846583,3.6033926,-0.9853895,0.55,0.6,4.2793484,9.827401,3.0,4.0,0.0,28.704996,0.0,2.0,2.0,105.0,1.0,1.0,0.0,0.0,18.0,1,1716721205.074666,synthetic_003,train
1.0108079,1.5662042,0.6905107,0.4,0.8,4.9560285,9.827401,4.0,4.0,0.0,28.050629,0.0,2.0,2.0,90.0,1.0,1.0,0.0,0.0,18.0,1,1716721210.074666,synthetic_003,train
13.393045,33.146317,5.8768563,0.46666667,0.6,4.1330953,9.827401,4.0,4.0,0.0,23.237358,0.0,2.0,2.0,120.0,1.0,1.0,0.0,0.0,18.0,1,1716721215.074666,synthetic_003,train
13.393045,33.146317,3.3258,0.53333336,0.6666667,3.6200476,8.655466,4.0,4.0,0.0,27.308884,0.0,2.0,2.0,120.0,1.0,1.0,0.0,0.0,18.0,1,1716721220.074666,synthetic_003,train
13.393045,33.146317,0.7747438,0.6,1.0,4.1397285,8.655466,5.0,4.0,0.0,24.46236,0.0,2.0,2.0,120.0,1.0,1.0,0.0,0.0,17.0,1,1716721225.074666,synthetic_003,train
10.071256,28.325342,-1.0659904,0.6666667,1.0,3.4364069,8.655466,6.0,4.0,0.0,29.145008,0.0,2.0,2.0,165.0,1.0,1.0,1.0,1.0,9.0,1,1716721230.074666,synthetic_003,train
11.059236,29.655005,-3.072902,0.5,0.6,2.9403565,5.808943,5.0,4.0,0.0,25.385706,0.0,1.0,1.0,150.0,1.0,1.0,1.0,1.0,14.0,1,1716721235.074666,synthetic_003,train
10.439709,28.253046,-3.3868957,0.6666667,1.0,2.5905325,5.808943,4.0,4.0,0.0,26.435795,0.0,1.0,1.0,165.0,1.0,1.0,1.0,1.0,14.0,1,1716721240.074666,synthetic_003,train
1.3757279,2.4707484,0.038683582,0.7,0.8,2.9087431,5.808943,5.0,4.0,0.0,23.364408,0.0,1.0,1.0,150.0,1.0,1.0,1.0,1.0,4.0,1,1716721245.074666,synthetic_003,train
5.482072,13.819436,1.9571185,0.46666667,0.8,2.5216227,5.808943,5.0,4.0,0.0,21.928905,0.0,1.0,1.0,165.0,1.0,1.0,1.0,1.0,4.0,1,1716721250.074666,synthetic_003,train
4.638676,12.782237,0.5202058,0.73333335,1.0,2.2422884,4.5300045,5.0,4.0,0.0,25.852549,0.0,1.0,1.0,196.0,1.0,1.0,1.0,1.0,4.0,1,1716721255.074666,synthetic_003,train
5.420781,13.296663,0.14670624,0.6333333,0.8,2.2529693,4.5300045,4.0,4.0,0.0,22.87867,0.0,1.0,1.0,183.0,1.0,1.0,1.0,1.0,4.0,1,1716721260.074666,synthetic_003,train
8.9805,20.661613,0.86271596,0.6666667,0.8,1.900582,4.592194,4.0,4.0,0.0,26.849232,0.0,2.0,2.0,232.0,1.0,1.0,1.0,1.0,4.0,1,1716721265.074666,synthetic_003,train
9.340616,21.345984,0.53786,0.6333333,0.8,2.074537,4.592194,5.0,2.0,0.0,24.6794,0.0,2.0,2.0,218.0,1.0,1.0,1.0,1.0,4.0,1,1716721270.074666,synthetic_003,train
10.722233,21.165619,-0.07033302,0.48333332,0.8,2.0608299,4.6990485,5.0,3.0,0.0,24.73599,0.0,2.0,2.0,220.0,1.0,1.0,1.0,1.0,7.0,1,1716721275.074666,synthetic_003,train
7.9665956,19.239199,0.46511498,0.51111114,0.8,2.4465258,7.3266582,5.0,3.0,0.0,27.274832,0.0,2.0,2.0,206.0,1.0,1.0,1.0,1.0,26.0,1,1716721280.074666,synthetic_003,train
8.713996,18.989643,-0.9993595,0.37777779,0.4,2.2999442,7.3266582,4.0,3.0,0.0,28.761692,0.0,2.0,2.0,208.0,0.0,1.0,1.0,1.0,25.0,0,1716721285.074666,synthetic_003,train
8.614238,17.725937,-1.1866373,0.33333334,0.4,2.2204947,7.3266582,4.0,3.0,1.0,28.715227,0.0,3.0,3.0,240.0,0.0,1.0,1.0,1.0,25.0,0,1716721290.074666,synthetic_003,train
5.3638415,5.8544965,0.005075277,0.35555556,0.6666667,2.322742,7.3266582,3.0,3.0,1.0,26.550705,0.0,3.0,3.0,208.0,0.0,0.0,1.0,1.0,25.0,0,1716721295.074666,synthetic_003,train
5.248483,5.913198,-0.19233584,0.31111112,0.4,2.557306,7.3266582,3.0,3.0,1.0,26.350088,1.0,3.0,3.0,208.0,0.0,0.0,1.0,1.0,25.0,0,1716721300.074666,synthetic_003,train
5.152576,6.2691636,0.41242534,0.37777779,0.4,2.3486865,7.3266582,2.0,1.0,1.0,17.850973,1.0,3.0,3.0,208.0,0.0,0.0,1.0,1.0,25.0,0,1716721305.074666,synthetic_003,train
4.784535,6.178633,-0.111709096,0.45,0.75,2.089241,6.694272,2.0,4.0,1.0,17.057106,1.0,3.0,3.0,224.0,0.0,1.0,1.0,1.0,20.0,0,1716721310.074666,synthetic_003,train
6.799741,9.734555,0.41786373,0.4888889,0.6666667,2.2785344,6.694272,3.0,4.0,0.0,14.440563,1.0,3.0,3.0,208.0,0.0,1.0,0.0,0.0,20.0,0,1716721315.074666,synthetic_003,train
7.4546022,9.765878,0.6577104,0.33333334,0.6,2.4103773,6.694272,4.0,4.0,0.0,23.338148,1.0,3.0,3.0,192.0,0.0,1.0,0.0,0.0,20.0,0,1716721320.074666,synthetic_003,train
7.1519036,9.939272,0.5698447,0.26666668,0.6,2.8796813,6.694272,5.0,4.0,0.0,24.982222,0.0,1.0,1.0,177.0,0.0,1.0,0.0,0.0,20.0,1,1716721325.074666,synthetic_003,train
7.2706823,9.87643,0.09330133,0.26666668,0.8,2.6231148,5.301367,5.0,4.0,0.0,26.815649,0.0,1.0,1.0,178.0,0.0,1.0,1.0,0.0,20.0,1,1716721330.074666,synthetic_003,train
6.281608,9.066632,-0.08347181,0.2,0.6,2.9959223,5.301367,6.0,4.0,0.0,26.775595,1.0,1.0,1.0,180.0,0.0,1.0,1.0,0.0,20.0,1,1716721335.074666,synthetic_003,train
7.6830387,8.182499,-0.5776732,0.06666667,0.2,2.6566482,5.301367,5.0,4.0,0.0,17.71894,1.0,1.0,1.0,199.0,1.0,1.0,1.0,0.0,14.0,1,1716721340.074666,synthetic_003,train
10.840743,13.01986,1.0045745,0.06666667,0.2,2.0524426,5.2702503,5.0,4.0,0.0,16.651682,1.0,2.0,2.0,253.0,1.0,1.0,1.0,0.0,14.0,1,1716721345.074666,synthetic_003,train
9.567004,13.514057,0.16390719,0.2,0.6,2.0307548,5.2702503,4.0,4.0,1.0,20.152857,1.0,2.0,2.0,259.0,1.0,1.0,1.0,0.0,15.0,1,1716721350.074666,synthetic_003,train
10.087724,13.867159,-0.03860013,0.25,0.75,1.7993622,3.9076793,3.0,4.0,1.0,18.273455,1.0,2.0,2.0,242.0,1.0,1.0,1.0,0.0,15.0,1,1716721355.074666,synthetic_003,train
9.163838,13.212701,-0.6027998,0.2,0.6,1.9591483,6.39998,3.0,4.0,1.0,26.673204,1.0,2.0,2.0,279.0,1.0,1.0,0.0,0.0,24.0,1,1716721360.074666,synthetic_003,train
10.3238,14.145859,-0.5404919,0.325,0.5,1.7283034,6.39998,3.0,4.0,1.0,28.204262,0.0,3.0,3.0,299.0,1.0,1.0,0.0,0.0,24.0,1,1716721365.074666,synthetic_003,train
10.160388,15.2977705,-1.2821975,0.4,0.6,1.8093202,6.39998,3.0,4.0,1.0,26.350859,0.0,3.0,3.0,266.0,1.0,1.0,0.0,0.0,24.0,1,1716721370.074666,synthetic_003,train
4.238483,9.28816,0.2857878,0.6666667,1.0,2.3092868,6.39998,3.0,4.0,1.0,23.647816,1.0,3.0,3.0,216.0,1.0,1.0,0.0,0.0,9.0,1,1716721375.074666,synthetic_003,train
4.9546256,10.631887,0.14110209,0.575,0.75,2.5285,6.39998,3.0,4.0,1.0,14.53913,1.0,3.0,3.0,162.0,1.0,0.0,0.0,0.0,9.0,0,1716721380.074666,synthetic_003,train
4.053785,9.718365,-0.3284137,0.73333335,1.0,3.0768275,10.205385,4.0,4.0,1.0,19.96009,1.0,3.0,3.0,198.0,1.0,0.0,0.0,0.0,9.0,1,1716721385.074666,synthetic_003,train
7.4715033,10.375838,0.5369961,0.4,0.6,2.3249087,10.205385,3.0,4.0,1.0,16.45825,1.0,3.0,3.0,234.0,1.0,1.0,1.0,1.0,20.0,1,1716721390.074666,synthetic_003,train
9.054105,10.967692,1.7885934,0.41666666,1.0,2.0954056,10.205385,2.0,4.0,0.0,22.807962,1.0,3.0,3.0,252.0,1.0,1.0,1.0,1.0,15.0,1,1716721395.074666,synthetic_003,train
8.891208,10.349673,0.7738098,0.3,0.8,2.0512712,10.205385,3.0,4.0,0.0,25.932325,1.0,2.0,2.0,288.0,1.0,1.0,1.0,1.0,15.0,1,1716721400.074666,synthetic_003,train
9.483955,10.428026,0.17752263,0.33333334,0.4,1.9787978,10.205385,2.0,4.0,0.0,19.476582,0.0,2.0,2.0,270.0,1.0,1.0,1.0,1.0,15.0,1,1716721405.074666,synthetic_003,train
8.286912,9.89049,-0.23528646,0.33333334,0.4,2.1115332,10.205385,3.0,4.0,0.0,27.802212,0.0,2.0,2.0,324.0,1.0,1.0,1.0,1.0,15.0,1,1716721410.074666,synthetic_003,train
9.232046,9.86483,-0.55256885,0.31666666,0.6666667,1.6821166,5.7094417,2.0,3.0,0.0,28.058065,0.0,2.0,2.0,324.0,1.0,1.0,1.0,1.0,15.0,1,1716721415.074666,synthetic_003,train
8.088191,10.795003,-0.76261353,0.42222223,0.6666667,1.8363112,5.7094417,2.0,3.0,0.0,22.30706,0.0,1.0,1.0,234.0,1.0,1.0,0.0,0.0,1.0,1,1716721420.074666,synthetic_003,train
3.8039021,5.6977963,0.09142961,0.5555556,0.6666667,2.4284437,8.782972,3.0,4.0,0.0,27.91046,0.0,1.0,1.0,234.0,1.0,1.0,0.0,0.0,16.0,1,1716721425.074666,synthetic_003,train
4.4543695,7.818695,0.56675404,0.62222224,0.6666667,2.2757142,8.782972,3.0,4.0,0.0,23.317719,1.0,2.0,2.0,234.0,1.0,1.0,0.0,0.0,16.0,1,1716721430.074666,synthetic_003,train
5.8211584,8.198522,0.5451792,0.53333336,0.8,2.0717666,8.782972,3.0,4.0,0.0,16.911371,1.0,2.0,2.0,270.0,1.0,1.0,0.0,0.0,19.0,1,1716721435.074666,synthetic_003,train
6.603012,8.058189,0.25922054,0.46666667,0.8,1.9815226,8.782972,3.0,4.0,0.0,14.436854,1.0,2.0,2.0,270.0,1.0,1.0,1.0,1.0,19.0,1,1716721440.074666,synthetic_003,train
6.0392995,7.6930017,0.29877084,0.4,0.8,2.2236075,8.782972,4.0,4.0,0.0,14.36627,1.0,2.0,2.0,253.0,1.0,1.0,1.0,1.0,19.0,1,1716721445.074666,synthetic_003,train
5.6366796,7.5753884,0.091768816,0.46666667,0.8,2.3176363,8.782972,5.0,4.0,0.0,17.321047,1.0,2.0,2.0,272.0,1.0,1.0,1.0,1.0,19.0,1,1716721450.074666,synthetic_003,train
27.504688,78.76233,6.658688,0.28333333,0.4,1.9877532,4.76677,4.0,4.0,0.0,22.738184,1.0,2.0,2.0,257.0,1.0,1.0,1.0,1.0,4.0,1,1716721455.074666,synthetic_003,train
26.95591,78.759735,2.8957224,0.21666667,0.25,2.1816494,4.76677,4.0,4.0,0.0,29.466755,0.0,2.0,2.0,262.0,1.0,1.0,1.0,1.0,4.0,1,1716721460.074666,synthetic_003,train
30.530355,80.00972,0.9765599,0.21666667,0.25,2.305138,4.76677,5.0,4.0,0.0,27.47993,1.0,2.0,2.0,268.0,1.0,1.0,1.0,1.0,4.0,1,1716721465.074666,synthetic_003,train
34.066006,86.44625,-3.4879353,0.46666667,1.0,2.4754183,4.76677,5.0,4.0,0.0,20.781876,1.0,2.0,2.0,234.0,0.0,1.0,1.0,0.0,4.0,1,1716721470.074666,synthetic_003,train
34.226765,86.38402,-6.0611734,0.36666667,0.5,2.3030832,4.6321797,4.0,4.0,0.0,18.00222,1.0,2.0,2.0,235.0,0.0,1.0,1.0,0.0,4.0,1,1716721475.074666,synthetic_003,train
34.226765,86.38402,-8.93335,0.36666667,0.5,2.458107,5.4943237,4.0,4.0,0.0,17.827393,1.0,2.0,2.0,236.0,0.0,1.0,1.0,0.0,4.0,1,1716721480.074666,synthetic_003,train
9.81148,21.40397,-0.70214486,0.26666668,0.6,2.6256459,5.4943237,5.0,4.0,0.0,17.021334,1.0,2.0,2.0,239.0,0.0,1.0,1.0,0.0,27.0,1,1716721485.074666,synthetic_003,train
10.425493,22.413115,-2.0064054,0.26666668,0.4,2.7415738,5.4943237,5.0,4.0,1.0,20.8842,1.0,2.0,2.0,220.0,1.0,1.0,0.0,0.0,27.0,1,1716721490.074666,synthetic_003,train
4.721762,4.23017,0.6987184,0.3,0.4,2.938304,5.4943237,4.0,4.0,1.0,24.977982,0.0,2.0,2.0,200.0,1.0,1.0,0.0,0.0,23.0,0,1716721495.074666,synthetic_003,train
5.150362,4.0433054,0.22929353,0.3,0.5,2.4823284,5.4943237,3.0,4.0,1.0,27.089191,0.0,2.0,2.0,240.0,1.0,1.0,0.0,0.0,23.0,0,1716721500.074666,synthetic_003,train
5.214349,4.2342772,0.25968945,0.2,0.4,2.4626539,5.4943237,3.0,4.0,1.0,21.594868,0.0,2.0,2.0,220.0,1.0,1.0,0.0,0.0,23.0,0,1716721505.074666,synthetic_003,train
4.903631,4.178245,-0.35514054,0.3,0.5,2.5330117,8.0767975,3.0,4.0,1.0,27.14124,0.0,2.0,2.0,240.0,1.0,1.0,0.0,0.0,23.0,0,1716721510.074666,synthetic_003,train
4.128017,4.7151675,-0.69380116,0.4,0.6,3.0724971,8.0767975,3.0,2.0,0.0,26.043169,0.0,1.0,1.0,200.0,1.0,1.0,0.0,0.0,23.0,0,1716721515.074666,synthetic_003,train
3.2235947,3.4848108,-0.6362959,0.4,0.6,2.9728482,8.0767975,2.0,2.0,0.0,28.216963,0.0,1.0,1.0,200.0,0.0,1.0,1.0,0.0,19.0,0,1716721520.074666,synthetic_003,train
2.2495484,3.3209176,-0.5493209,0.575,0.75,3.085169,8.0767975,2.0,2.0,0.0,25.512371,0.0,1.0,1.0,180.0,0.0,1.0,1.0,0.0,19.0,0,1716721525.074666,synthetic_003,train
0.9432024,1.6904166,-0.09300601,0.8,1.0,3.826094,8.0767975,2.0,2.0,0.0,14.8797655,0.0,1.0,1.0,120.0,0.0,1.0,1.0,0.0,22.0,0,1716721530.074666,synthetic_003,train
0.86677665,1.4755403,-0.0976029,0.6333333,0.6666667,4.3750515,9.411772,3.0,2.0,0.0,26.923615,0.0,1.0,1.0,160.0,0.0,1.0,1.0,0.0,22.0,0,1716721535.074666,synthetic_003,train
1.1106056,1.8913456,0.0944578,0.675,0.75,3.4803874,9.411772,2.0,3.0,0.0,24.273188,0.0,1.0,1.0,180.0,1.0,1.0,1.0,1.0,22.0,0,1716721540.074666,synthetic_003,train
1.2494314,1.972304,0.015946256,0.6333333,0.6666667,3.0341485,9.411772,1.0,3.0,0.0,21.397888,0.0,1.0,1.0,160.0,1.0,1.0,1.0,1.0,22.0,0,1716721545.074666,synthetic_003,train
1.2589015,1.9884654,0.44060236,0.56666666,0.8,3.5971763,9.411772,2.0,4.0,0.0,26.265608,0.0,2.0,2.0,160.0,1.0,1.0,1.0,1.0,22.0,0,1716721550.074666,synthetic_003,train
10.87516,28.556625,5.2798295,0.5,0.6,3.0730748,9.411772,2.0,4.0,0.0,21.318977,0.0,2.0,2.0,200.0,1.0,1.0,1.0,1.0,12.0,0,1716721555.074666,synthetic_003,train
13.060547,26.180452,2.895379,0.5,0.6,2.5034933,9.411772,2.0,4.0,1.0,25.637135,0.0,2.0,2.0,284.0,1.0,1.0,1.0,1.0,26.0,0,1716721560.074666,synthetic_003,train
14.107508,25.868576,1.7802131,0.4,0.6,2.0632203,6.273375,2.0,4.0,1.0,26.762062,0.0,2.0,2.0,286.0,1.0,1.0,1.0,1.0,26.0,0,1716721565.074666,synthetic_003,train
15.607198,26.397533,0.0020487306,0.26666668,0.4,2.3493078,6.273375,3.0,4.0,0.0,24.267628,0.0,2.0,2.0,268.0,0.0,1.0,1.0,1.0,15.0,1,1716721570.074666,synthetic_003,train
14.02501,24.833757,-0.56296855,0.33333334,0.4,2.2597601,6.273375,3.0,4.0,0.0,27.623028,0.0,2.0,2.0,310.0,0.0,1.0,1.0,1.0,15.0,1,1716721575.074666,synthetic_003,train
14.903293,25.515173,-1.8678834,0.28333333,0.6,2.1114688,5.207772,3.0,4.0,1.0,25.053596,1.0,2.0,2.0,291.0,1.0,1.0,1.0,1.0,26.0,1,1716721580.074666,synthetic_003,train
7.6231413,12.645373,-1.2192761,0.4,0.6,2.135255,5.207772,4.0,4.0,1.0,19.633345,1.0,2.0,2.0,315.0,1.0,1.0,1.0,1.0,10.0,1,1716721585.074666,synthetic_003,train
25.640688,76.73701,7.7028117,0.4,0.6,2.057318,5.207772,4.0,4.0,1.0,15.520032,1.0,2.0,2.0,315.0,1.0,1.0,1.0,1.0,24.0,1,1716721590.074666,synthetic_003,train
41.775047,97.27449,11.868087,0.46666667,0.8,2.009226,5.207772,4.0,3.0,1.0,18.282454,1.0,2.0,2.0,315.0,1.0,1.0,1.0,1.0,24.0,1,1716721595.074666,synthetic_003,train
40.34446,94.14868,5.96677,0.35,0.8,1.8225298,5.112127,4.0,4.0,1.0,24.111973,1.0,2.0,2.0,336.0,1.0,1.0,1.0,1.0,24.0,1,1716721600.074666,synthetic_003,train
42.535316,97.03006,4.027747,0.46666667,0.6,2.1164436,5.94158,5.0,4.0,1.0,26.985086,0.0,2.0,2.0,315.0,1.0,1.0,1.0,1.0,4.0,1,1716721605.074666,synthetic_003,train
40.02845,94.27907,0.6742305,0.4,0.8,1.9060479,5.94158,4.0,4.0,1.0,27.757927,0.0,2.0,2.0,336.0,1.0,1.0,1.0,1.0,4.0,1,1716721610.074666,synthetic_003,train
46.247227,99.64748,-6.922139,0.35,0.6,2.1011248,5.94158,4.0,4.0,1.0,27.866362,0.0,3.0,3.0,294.0,1.0,1.0,0.0,0.0,7.0,1,1716721615.074666,synthetic_003,train
27.783146,76.53494,-9.327291,0.2,0.4,2.822034,5.94158,5.0,4.0,1.0,25.930246,0.0,3.0,3.0,231.0,1.0,1.0,1.0,1.0,7.0,1,1716721620.074666,synthetic_003,train
4.766678,5.798569,-0.79649526,0.3,0.4,3.026097,5.94158,5.0,4.0,1.0,28.180119,0.0,3.0,3.0,210.0,1.0,1.0,1.0,1.0,7.0,0,1716721625.074666,synthetic_003,train
2.9090269,3.0622413,0.35368586,0.36666667,0.4,3.3961954,5.94158,4.0,4.0,1.0,21.227983,0.0,3.0,3.0,168.0,1.0,1.0,1.0,1.0,26.0,0,1716721630.074666,synthetic_003,train
3.225844,2.8817468,0.03576839,0.3,0.4,2.9635015,4.775727,4.0,4.0,1.0,28.549713,0.0,3.0,3.0,213.0,1.0,1.0,1.0,1.0,26.0,0,1716721635.074666,synthetic_003,train
3.7042978,3.1509898,0.09776351,0.2,0.4,2.7809656,4.775727,4.0,4.0,0.0,26.116732,0.0,3.0,3.0,237.0,1.0,1.0,1.0,1.0,20.0,1,1716721640.074666,synthetic_003,train
2.6690824,2.9814358,0.0024171246,0.6,1.0,2.595409,4.775727,3.0,4.0,1.0,23.773773,0.0,2.0,2.0,239.0,1.0,0.0,1.0,1.0,20.0,1,1716721645.074666,synthetic_003,train
3.7912676,5.6633096,0.37928036,0.44444445,0.6,2.3682604,5.2119703,3.0,4.0,0.0,26.41014,0.0,2.0,2.0,284.0,1.0,1.0,1.0,1.0,6.0,1,1716721650.074666,synthetic_003,train
3.5204628,5.5346737,-0.02154151,0.51666665,0.75,2.0240798,5.2119703,2.0,4.0,1.0,25.626171,0.0,2.0,2.0,307.0,1.0,1.0,1.0,1.0,6.0,1,1716721655.074666,synthetic_003,train
3.2042842,5.6049232,-0.092256814,0.6,1.0,2.1525035,5.2119703,3.0,4.0,1.0,25.995329,0.0,1.0,1.0,308.0,1.0,1.0,1.0,1.0,6.0,1,1716721660.074666,synthetic_003,train
3.2612505,6.2424984,-0.2596687,0.73333335,1.0,1.9752744,5.2119703,2.0,4.0,1.0,21.071962,0.0,1.0,1.0,242.0,1.0,1.0,1.0,1.0,6.0,1,1716721665.074666,synthetic_003,train
2.3535182,6.2946696,-0.38940185,0.7,0.8,2.8733106,10.94988,3.0,4.0,1.0,27.41618,0.0,1.0,1.0,220.0,1.0,1.0,1.0,1.0,15.0,1,1716721670.074666,synthetic_003,train
4.565042,8.812636,0.3415679,0.4,0.6,2.877389,10.94988,4.0,4.0,1.0,26.439308,0.0,1.0,1.0,242.0,1.0,1.0,1.0,1.0,15.0,1,1716721675.074666,synthetic_003,train
3.050192,7.523732,0.8782711,0.6,0.8,2.9871674,10.94988,4.0,4.0,0.0,28.927855,0.0,1.0,1.0,220.0,1.0,1.0,0.0,0.0,11.0,1,1716721680.074666,synthetic_003,train
3.8127403,8.334093,0.99893916,0.46666667,0.6,3.493087,10.94988,4.0,4.0,0.0,23.435818,0.0,1.0,1.0,176.0,1.0,1.0,0.0,0.0,11.0,1,1716721685.074666,synthetic_003,train
3.8127403,8.334093,0.2727029,0.53333336,0.6666667,3.935366,10.94988,4.0,4.0,0.0,20.533047,0.0,1.0,1.0,176.0,1.0,1.0,0.0,0.0,11.0,1,1716721690.074666,synthetic_003,train
3.7818248,7.3640738,0.11225208,0.4,0.4,3.8524616,10.94988,5.0,4.0,0.0,27.574736,0.0,1.0,1.0,220.0,1.0,1.0,0.0,0.0,11.0,1,1716721695.074666,synthetic_003,train
4.576019,7.4697194,-0.22523677,0.4,0.4,3.0737967,8.047108,4.0,4.0,0.0,25.805088,0.0,1.0,1.0,221.0,1.0,1.0,1.0,1.0,11.0,1,1716721700.074666,synthetic_003,train
2.2762897,3.1019573,0.0912853,0.6666667,1.0,2.6778848,8.047108,4.0,4.0,0.0,28.625198,0.0,1.0,1.0,247.0,1.0,1.0,1.0,1.0,25.0,1,1716721705.074666,synthetic_003,train
2.2313445,3.2659724,-0.15182808,0.6,0.8,2.5872214,8.047108,3.0,4.0,0.0,17.825106,0.0,1.0,1.0,226.0,1.0,1.0,1.0,1.0,25.0,1,1716721710.074666,synthetic_003,train
1.8594537,3.079217,-0.2436312,0.73333335,1.0,2.938598,8.047108,5.0,4.0,0.0,22.680058,1.0,1.0,1.0,272.0,1.0,1.0,1.0,1.0,10.0,1,1716721715.074666,synthetic_003,train
2.0284948,3.170575,-0.4181453,0.73333335,1.0,2.474188,6.161987,4.0,1.0,0.0,20.139904,1.0,1.0,1.0,250.0,1.0,1.0,1.0,1.0,25.0,1,1716721720.074666,synthetic_003,train
1.6663465,3.3949444,-0.45189223,0.8,1.0,2.2415977,6.161987,3.0,1.0,0.0,13.857203,1.0,1.0,1.0,206.0,1.0,1.0,1.0,1.0,12.0,1,1716721725.074666,synthetic_003,train
0.6621416,1.9864248,-0.19864248,0.9,1.0,3.4377337,14.1359005,4.0,4.0,0.0,15.519748,1.0,2.0,2.0,207.0,1.0,0.0,1.0,1.0,25.0,1,1716721730.074666,synthetic_003,train
1.4996171,3.6732967,1.2853861,0.5,1.0,4.4708457,14.1359005,3.0,4.0,0.0,20.979656,1.0,2.0,2.0,138.0,0.0,0.0,1.0,1.0,14.0,1,1716721735.074666,synthetic_003,train
1.7995405,4.023895,1.7995405,0.8,0.8,5.0351176,14.1359005,3.0,4.0,0.0,19.0136,0.0,2.0,2.0,115.0,0.0,0.0,0.0,0.0,14.0,1,1716721740.074666,synthetic_003,train
3.038636,3.8936305,1.1117684,0.4,0.4,5.529419,14.1359005,2.0,4.0,0.0,13.511194,0.0,2.0,2.0,115.0,0.0,0.0,1.0,0.0,17.0,1,1716721745.074666,synthetic_003,train
2.5321968,3.696914,0.20120537,0.7,1.0,5.244316,14.1359005,3.0,4.0,0.0,17.329994,0.0,2.0,2.0,138.0,1.0,1.0,1.0,0.0,17.0,1,1716721750.074666,synthetic_003,train
1.9254106,3.12257,-0.24996075,0.575,0.75,4.320816,14.1359005,4.0,4.0,0.0,24.751442,0.0,2.0,2.0,207.0,1.0,1.0,1.0,0.0,3.0,1,1716721755.074666,synthetic_003,train
2.2779062,3.0564113,-0.61608666,0.475,0.75,3.3909948,9.42454,4.0,3.0,0.0,29.18528,0.0,2.0,2.0,207.0,1.0,1.0,1.0,1.0,3.0,1,1716721760.074666,synthetic_003,train
2.6531284,3.4568691,0.5028355,0.33333334,0.6,2.963091,9.42454,4.0,4.0,0.0,23.16946,0.0,2.0,2.0,253.0,1.0,1.0,1.0,1.0,3.0,1,1716721765.074666,synthetic_003,train
2.2449548,3.3092263,0.14355767,0.5555556,0.6666667,2.8437018,9.42454,4.0,4.0,0.0,27.543585,0.0,2.0,2.0,299.0,1.0,1.0,1.0,1.0,3.0,1,1716721770.074666,synthetic_003,train
1.9157445,3.3983843,0.16709618,0.73333335,1.0,2.6089427,6.2016606,4.0,4.0,1.0,27.488512,0.0,2.0,2.0,276.0,1.0,1.0,1.0,1.0,3.0,1,1716721775.074666,synthetic_003,train
2.085852,3.3110077,0.0778802,0.62222224,0.6666667,2.4383714,6.2016606,3.0,4.0,1.0,26.079575,0.0,2.0,2.0,299.0,1.0,1.0,1.0,1.0,18.0,1,1716721780.074666,synthetic_003,train
7.605725,18.427063,2.1064253,0.51111114,0.8,2.3862572,6.2016606,3.0,4.0,0.0,24.30267,1.0,2.0,2.0,299.0,0.0,1.0,1.0,1.0,7.0,1,1716721785.074666,synthetic_003,train
9.6911125,18.201294,1.7544687,0.4,0.6,2.0772443,6.2016606,2.0,4.0,1.0,18.25074,1.0,4.0,4.0,323.0,1.0,1.0,1.0,1.0,7.0,1,1716721790.074666,synthetic_003,train
9.832885,19.782677,1.761037,0.5,0.8,2.4359517,6.2016606,3.0,4.0,1.0,13.406918,1.0,4.0,4.0,278.0,1.0,1.0,1.0,1.0,7.0,1,1716721795.074666,synthetic_003,train
9.256143,19.054281,-0.18580952,0.4888889,0.6666667,2.4297438,6.2016606,4.0,4.0,1.0,17.574238,1.0,4.0,4.0,304.0,1.0,1.0,1.0,1.0,9.0,0,1716721800.074666,synthetic_003,train
34.228218,68.6482,3.0258303,0.25,0.4,1.5169827,5.138675,3.0,4.0,0.0,21.77769,3.0,4.0,4.0,473.0,1.0,1.0,1.0,1.0,0.0,0,1716721805.074666,synthetic_003,train
33.441193,59.169037,0.14456572,0.16666667,0.6,1.1579659,5.138675,3.0,4.0,0.0,26.01922,3.0,4.0,4.0,643.0,1.0,1.0,1.0,1.0,0.0,0,1716721810.074666,synthetic_003,train
82.94074,101.29337,-0.663677,0.08766234,0.25,0.43605015,1.6872567,0.0,0.0,0.0,29.98605,0.0,0.0,0.0,8.0,0.0,0.0,0.0,0.0,0.0,0,1716720030.5374615,synthetic_004,test
81.82561,97.39429,0.14431998,0.083333336,0.16666667,0.41710058,1.6872567,0.0,0.0,0.0,27.236532,1.0,0.0,0.0,30.0,0.0,0.0,0.0,0.0,0.0,0,1716720035.5374615,synthetic_004,test
78.89561,97.75501,-0.3140122,0.121212125,0.27272728,0.45002672,3.2185652,1.0,0.0,0.0,24.90376,2.0,0.0,0.0,38.0,1.0,1.0,0.0,0.0,0.0,0,1716720040.5374615,synthetic_004,test
75.15776,94.88547,-0.19662325,0.12962963,0.33333334,0.46478263,3.2185652,1.0,0.0,0.0,19.984367,2.0,0.0,0.0,38.0,1.0,1.0,0.0,0.0,0.0,0,1716720045.5374615,synthetic_004,test
65.37648,88.375,0.2681838,0.14285715,0.2857143,0.665965,8.133385,2.0,4.0,0.0,20.935724,2.0,1.0,1.0,42.0,1.0,1.0,0.0,0.0,0.0,0,1716720050.5374615,synthetic_004,test
67.25918,93.58843,-0.7512892,0.17142858,0.4,0.80066466,8.133385,3.0,4.0,0.0,18.058975,2.0,1.0,1.0,44.0,1.0,1.0,0.0,0.0,0.0,0,1716720055.5374615,synthetic_004,test
71.9484,100.63816,-8.345634,0.18666667,0.4,1.2664353,8.133385,4.0,4.0,0.0,13.489172,2.0,1.0,1.0,38.0,1.0,1.0,0.0,0.0,0.0,0,1716720060.5374615,synthetic_004,test
7.4602075,10.07549,-0.6004213,0.2,0.4,2.668229,8.133385,4.0,4.0,0.0,28.988749,0.0,2.0,2.0,22.0,1.0,1.0,0.0,0.0,12.0,0,1716720065.5374615,synthetic_004,test
6.451987,6.0801544,0.6047362,0.1,0.2,3.575173,8.133385,3.0,4.0,0.0,16.892826,0.0,2.0,2.0,14.0,1.0,1.0,0.0,0.0,12.0,0,1716720070.5374615,synthetic_004,test
5.6454883,6.0737643,-0.1345081,0.26666668,0.33333334,4.0925922,8.133385,4.0,4.0,0.0,24.607353,0.0,2.0,2.0,16.0,1.0,1.0,0.0,0.0,12.0,0,1716720075.5374615,synthetic_004,test
3.0367203,4.4784174,-0.46527636,0.6,1.0,3.259409,7.7145286,4.0,3.0,0.0,24.346426,0.0,2.0,2.0,18.0,1.0,1.0,0.0,0.0,16.0,0,1716720080.5374615,synthetic_004,test
10.729996,25.662321,2.8212006,0.4,0.8,2.7346203,7.7145286,4.0,3.0,0.0,23.81335,0.0,2.0,2.0,22.0,1.0,1.0,1.0,0.0,13.0,1,1716720085.5374615,synthetic_004,test
9.581699,23.631124,0.62343395,0.5555556,0.6666667,2.1870227,7.7145286,3.0,3.0,0.0,26.492514,0.0,2.0,2.0,26.0,1.0,1.0,1.0,0.0,4.0,1,1716720090.5374615,synthetic_004,test
31.70879,84.008766,8.255026,0.46666667,1.0,2.2343583,7.7145286,4.0,4.0,0.0,21.33213,0.0,2.0,2.0,26.0,1.0,1.0,1.0,1.0,4.0,1,1716720095.5374615,synthetic_004,test
41.698765,93.00222,7.4923377,0.35,1.0,2.2384036,7.7145286,5.0,4.0,0.0,28.09993,0.0,2.0,2.0,32.0,1.0,1.0,1.0,1.0,4.0,1,1716720100.5374615,synthetic_004,test
45.87719,92.50437,7.0047812,0.3,0.8,1.767464,5.272657,4.0,4.0,0.0,23.689161,0.0,2.0,2.0,32.0,1.0,1.0,1.0,1.0,4.0,1,1716720105.5374615,synthetic_004,test
56.464233,100.24329,7.036115,0.2,0.6,1.7552702,5.272657,3.0,4.0,0.0,19.203726,0.0,2.0,2.0,26.0,1.0,1.0,1.0,1.0,21.0,1,1716720110.5374615,synthetic_004,test
58.368904,108.13975,4.2165775,0.13333334,0.4,2.5202186,10.638291,3.0,4.0,0.0,25.529398,0.0,2.0,2.0,22.0,1.0,1.0,1.0,1.0,19.0,1,1716720115.5374615,synthetic_004,test
70.919235,116.78897,-12.944041,0.0,0.0,3.0524867,10.638291,4.0,4.0,0.0,23.18199,0.0,2.0,2.0,18.0,1.0,1.0,1.0,1.0,19.0,1,1716720120.5374615,synthetic_004,test
40.712013,85.37307,-15.717495,0.33333334,0.6666667,3.6948044,10.638291,4.0,4.0,0.0,24.28578,0.0,2.0,2.0,16.0,0.0,1.0,0.0,0.0,19.0,1,1716720125.5374615,synthetic_004,test
12.146189,26.82467,-9.4191475,0.2,0.4,4.729959,10.638291,4.0,4.0,0.0,28.200262,0.0,2.0,2.0,13.0,0.0,1.0,0.0,0.0,16.0,1,1716720130.5374615,synthetic_004,test
2.9106717,3.8778098,1.1863474,0.2,0.4,4.732671,10.638291,5.0,4.0,0.0,22.490404,0.0,1.0,1.0,17.0,0.0,1.0,1.0,0.0,16.0,1,1716720135.5374615,synthetic_004,test
2.5468378,3.7347302,0.5483422,0.36666667,0.4,4.575804,10.638291,6.0,4.0,0.0,25.968143,0.0,1.0,1.0,20.0,0.0,1.0,1.0,0.0,2.0,1,1716720140.5374615,synthetic_004,test
5.0925293,6.848856,1.275604,0.26666668,0.4,3.0965326,6.61987,6.0,4.0,0.0,29.69394,0.0,2.0,2.0,30.0,1.0,1.0,1.0,0.0,4.0,0,1716720145.5374615,synthetic_004,test
5.6684084,7.2538176,0.9826847,0.43333334,0.5,2.7108035,6.61987,5.0,4.0,0.0,25.909771,0.0,2.0,2.0,34.0,1.0,1.0,1.0,0.0,4.0,0,1716720150.5374615,synthetic_004,test
6.34223,7.2453046,0.42918804,0.2,0.4,2.891538,6.882209,5.0,4.0,1.0,26.217798,0.0,2.0,2.0,33.0,1.0,1.0,1.0,0.0,4.0,0,1716720155.5374615,synthetic_004,test
6.370667,7.227785,0.023886565,0.2,0.4,2.8269243,6.882209,5.0,4.0,1.0,27.234919,0.0,2.0,2.0,33.0,1.0,1.0,1.0,0.0,4.0,0,1716720160.5374615,synthetic_004,test
6.782911,7.6589875,0.3337738,0.36666667,0.5,2.6138625,6.882209,5.0,4.0,1.0,27.888607,0.0,2.0,2.0,36.0,1.0,1.0,1.0,0.0,20.0,0,1716720165.5374615,synthetic_004,test
6.977409,7.4990435,-0.1456531,0.2,0.4,2.7525036,6.882209,5.0,4.0,1.0,27.699194,0.0,2.0,2.0,36.0,1.0,1.0,1.0,0.0,10.0,0,1716720170.5374615,synthetic_004,test
21.84487,43.369614,4.7550383,0.2,0.2,1.9525024,6.882209,4.0,4.0,1.0,24.677465,1.0,2.0,2.0,48.0,1.0,1.0,1.0,1.0,0.0,0,1716720175.5374615,synthetic_004,test
21.163374,43.568916,2.9856637,0.2,0.2,2.0707145,6.882209,4.0,4.0,1.0,17.730906,1.0,2.0,2.0,50.0,1.0,1.0,1.0,1.0,0.0,1,1716720180.5374615,synthetic_004,test
19.952059,42.37442,1.169263,0.4,1.0,1.8637164,5.1414347,4.0,4.0,1.0,15.588182,1.0,4.0,4.0,55.0,1.0,1.0,1.0,1.0,0.0,1,1716720185.5374615,synthetic_004,test
18.912153,41.260754,-0.052189738,0.325,0.5,1.7537236,5.1414347,3.0,4.0,1.0,15.048537,1.0,4.0,4.0,60.0,1.0,1.0,1.0,1.0,0.0,1,1716720190.5374615,synthetic_004,test
18.851465,42.663345,-1.6234223,0.45,1.0,1.7608668,5.1414347,2.0,4.0,1.0,14.39527,1.0,4.0,4.0,59.0,1.0,1.0,1.0,1.0,15.0,1,1716720195.5374615,synthetic_004,test
18.572557,40.584156,-1.7965189,0.41666666,0.6666667,1.6462841,6.1596565,2.0,4.0,1.0,20.75504,1.0,4.0,4.0,68.0,1.0,1.0,1.0,1.0,15.0,1,1716720200.5374615,synthetic_004,test
4.5347652,9.470994,0.5011628,0.5555556,0.6666667,2.176026,6.1596565,2.0,4.0,1.0,25.638136,0.0,4.0,4.0,52.0,1.0,1.0,0.0,0.0,12.0,1,1716720205.5374615,synthetic_004,test
4.7125607,9.390693,0.26122484,0.4,0.8,2.3686788,6.1596565,4.0,4.0,0.0,27.38949,0.0,4.0,4.0,52.0,1.0,1.0,0.0,0.0,16.0,1,1716720210.5374615,synthetic_004,test
6.1378546,9.177199,0.30209857,0.4,0.6,2.0010753,6.1596565,3.0,4.0,1.0,27.679039,0.0,4.0,4.0,60.0,1.0,1.0,0.0,0.0,19.0,1,1716720215.5374615,synthetic_004,test
6.58978,9.35647,0.06146873,0.35,0.6,1.970118,6.1596565,3.0,4.0,1.0,25.507967,0.0,4.0,4.0,56.0,1.0,1.0,0.0,0.0,17.0,1,1716720220.5374615,synthetic_004,test
6.651548,9.735552,-0.42915857,0.37777779,0.6,2.3485115,6.508175,4.0,4.0,1.0,24.37099,0.0,4.0,4.0,52.0,1.0,1.0,0.0,0.0,17.0,1,1716720225.5374615,synthetic_004,test
4.97512,4.5545487,0.07785893,0.2,0.4,2.5591938,6.508175,4.0,4.0,1.0,29.942213,0.0,4.0,4.0,50.0,1.0,1.0,0.0,0.0,19.0,1,1716720230.5374615,synthetic_004,test
10.267039,10.699201,1.0738031,0.35,1.0,2.0060632,6.508175,4.0,4.0,1.0,28.129082,0.0,3.0,3.0,72.0,1.0,1.0,1.0,1.0,17.0,1,1716720235.5374615,synthetic_004,test
11.245237,11.127274,1.1214918,0.21666667,0.25,1.7845459,6.508175,2.0,4.0,0.0,23.504814,0.0,3.0,3.0,64.0,1.0,1.0,1.0,1.0,17.0,0,1716720240.5374615,synthetic_004,test
11.191168,12.619923,1.079558,0.46666667,1.0,2.790129,10.572035,3.0,4.0,0.0,28.253687,0.0,2.0,2.0,54.0,0.0,1.0,1.0,1.0,17.0,0,1716720245.5374615,synthetic_004,test
10.127601,12.528029,-0.13165428,0.36666667,0.5,2.7361789,10.572035,4.0,4.0,1.0,26.32597,0.0,2.0,2.0,62.0,1.0,1.0,1.0,1.0,22.0,1,1716720250.5374615,synthetic_004,test
11.048291,12.706589,-0.72356516,0.46666667,1.0,2.39327,10.572035,3.0,4.0,1.0,21.659683,0.0,2.0,2.0,58.0,1.0,1.0,1.0,1.0,22.0,1,1716720255.5374615,synthetic_004,test
12.587035,13.659025,-2.6218715,0.375,0.75,2.1717346,10.572035,2.0,4.0,1.0,18.95456,0.0,2.0,2.0,48.0,1.0,1.0,1.0,1.0,22.0,1,1716720260.5374615,synthetic_004,test
1.1169896,1.9346827,7.3138357e-16,0.6666667,0.6666667,5.0508313,10.572035,2.0,3.0,0.0,4.580459,0.0,1.0,1.0,18.0,1.0,1.0,0.0,0.0,18.0,1,1716720265.5374615,synthetic_004,test
2.4405947,3.4816184,0.29720446,0.53333336,0.6666667,4.4102206,15.951133,3.0,4.0,1.0,24.709732,0.0,3.0,3.0,48.0,1.0,1.0,0.0,0.0,18.0,1,1716720270.5374615,synthetic_004,test
5.671384,9.66255,1.5708058,0.4,0.4,2.8040996,15.951133,2.0,4.0,1.0,24.45994,0.0,3.0,3.0,60.0,1.0,1.0,0.0,0.0,4.0,1,1716720275.5374615,synthetic_004,test
6.7685513,10.447934,0.86934966,0.6,1.0,2.5176935,15.951133,1.0,4.0,1.0,11.743495,0.0,3.0,3.0,66.0,1.0,1.0,1.0,0.0,7.0,1,1716720280.5374615,synthetic_004,test
6.2045054,10.151528,0.40840158,0.6,1.0,2.597492,15.951133,2.0,4.0,1.0,15.218771,0.0,3.0,3.0,72.0,1.0,1.0,1.0,0.0,23.0,1,1716720285.5374615,synthetic_004,test
4.9636045,9.357881,-0.19028454,0.6,1.0,2.4480667,15.951133,3.0,4.0,1.0,20.769869,0.0,3.0,3.0,90.0,1.0,1.0,1.0,0.0,23.0,1,1716720290.5374615,synthetic_004,test
5.681872,9.279391,0.10734696,0.53333336,1.0,2.3756313,15.951133,4.0,4.0,1.0,26.81023,0.0,3.0,3.0,111.0,1.0,1.0,1.0,0.0,9.0,1,1716720295.5374615,synthetic_004,test
5.867345,10.038907,-0.46195772,0.6,1.0,1.9281894,6.2818446,4.0,4.0,1.0,26.778538,0.0,3.0,3.0,95.0,1.0,1.0,1.0,0.0,8.0,1,1716720300.5374615,synthetic_004,test
52.244896,112.623,11.62399,0.5833333,0.8,1.6880872,6.2818446,4.0,4.0,1.0,28.143333,0.0,3.0,3.0,119.0,1.0,1.0,1.0,0.0,8.0,1,1716720305.5374615,synthetic_004,test
57.457306,118.741234,11.621687,0.7,1.0,1.8634976,6.2818446,5.0,4.0,1.0,26.340687,0.0,3.0,3.0,108.0,1.0,1.0,1.0,0.0,8.0,1,1716720310.5374615,synthetic_004,test
57.607925,118.66499,8.970973,0.45,0.8,1.9575113,6.2818446,5.0,4.0,1.0,26.35141,0.0,3.0,3.0,109.0,1.0,1.0,0.0,0.0,8.0,1,1716720315.5374615,synthetic_004,test
53.374035,109.438896,-0.5259994,0.475,0.6,1.7640986,6.2818446,5.0,4.0,1.0,29.534767,0.0,4.0,4.0,138.0,1.0,1.0,1.0,1.0,22.0,1,1716720320.5374615,synthetic_004,test
61.64294,117.88798,-4.602989,0.4,0.6,1.7173444,6.2818446,4.0,4.0,1.0,21.195667,0.0,4.0,4.0,117.0,1.0,1.0,1.0,1.0,26.0,1,1716720325.5374615,synthetic_004,test
55.39425,112.24605,-9.098909,0.56666666,0.6666667,1.7130153,6.8427835,4.0,4.0,1.0,26.041563,1.0,4.0,4.0,135.0,1.0,1.0,1.0,1.0,26.0,1,1716720330.5374615,synthetic_004,test
8.26996,19.726612,0.536323,0.62222224,0.6666667,2.1967914,6.8427835,4.0,4.0,0.0,19.14908,1.0,4.0,4.0,101.0,1.0,1.0,1.0,1.0,26.0,1,1716720335.5374615,synthetic_004,test
25.514267,72.82914,5.041768,0.45,0.8,1.8591352,6.8427835,4.0,4.0,0.0,14.096013,1.0,4.0,4.0,134.0,1.0,1.0,1.0,1.0,26.0,1,1716720340.5374615,synthetic_004,test
27.36754,70.22091,3.3651075,0.5125,0.6,1.6135006,6.8427835,3.0,4.0,1.0,14.076089,2.0,4.0,4.0,151.0,1.0,1.0,1.0,1.0,26.0,1,1716720345.5374615,synthetic_004,test
28.851753,77.98235,2.2923322,0.53333336,0.8,1.8783542,6.8427835,2.0,4.0,1.0,14.221686,2.0,2.0,2.0,120.0,1.0,1.0,1.0,1.0,21.0,1,1716720350.5374615,synthetic_004,test
28.851753,77.98235,2.2923322,0.53333336,0.8,1.8783542,6.8427835,2.0,4.0,1.0,14.221686,2.0,2.0,2.0,120.0,1.0,1.0,1.0,1.0,21.0,1,1716720355.5374615,synthetic_004,test
28.599474,75.200264,-2.8738472,0.3,0.6,1.8643711,8.172279,2.0,4.0,1.0,13.655966,1.0,3.0,3.0,128.0,0.0,1.0,1.0,0.0,24.0,1,1716720360.5374615,synthetic_004,test
34.52723,74.425354,-1.0853559,0.3,0.4,1.5934587,8.172279,2.0,4.0,1.0,17.909857,1.0,3.0,3.0,160.0,1.0,1.0,1.0,0.0,9.0,1,1716720365.5374615,synthetic_004,test
21.04251,42.611294,0.09808338,0.28333333,0.4,1.708759,8.172279,1.0,4.0,1.0,25.093916,1.0,3.0,3.0,144.0,1.0,1.0,1.0,1.0,17.0,1,1716720370.5374615,synthetic_004,test
17.374037,40.828377,0.082881555,0.325,0.5,1.8736424,8.172279,1.0,4.0,0.0,29.532133,0.0,3.0,3.0,136.0,1.0,1.0,1.0,1.0,15.0,1,1716720375.5374615,synthetic_004,test
16.431892,39.813694,-1.2671648,0.36666667,0.6666667,1.7590262,8.172279,1.0,4.0,0.0,19.57516,1.0,3.0,3.0,144.0,1.0,1.0,1.0,1.0,15.0,1,1716720380.5374615,synthetic_004,test
14.245516,37.119503,-1.3295907,0.32,0.8,1.7565595,8.172279,2.0,4.0,0.0,20.511051,1.0,3.0,3.0,168.0,1.0,1.0,1.0,1.0,8.0,1,1716720385.5374615,synthetic_004,test
15.38946,41.338192,-3.700047,0.475,0.8,1.7209915,3.6712434,2.0,4.0,0.0,16.382372,1.0,3.0,3.0,136.0,1.0,1.0,1.0,1.0,8.0,1,1716720390.5374615,synthetic_004,test
4.651148,9.44185,0.6132524,0.53333336,0.8,1.8959957,3.6712434,2.0,4.0,1.0,16.989576,1.0,3.0,3.0,122.0,1.0,1.0,1.0,1.0,4.0,1,1716720395.5374615,synthetic_004,test
4.413695,9.593793,0.7153978,0.48333332,0.6,2.1660354,4.1168613,4.0,4.0,1.0,23.560997,1.0,3.0,3.0,116.0,1.0,1.0,1.0,1.0,8.0,1,1716720400.5374615,synthetic_004,test
4.313122,9.369877,0.3831081,0.53333336,0.8,1.9690851,4.1168613,4.0,3.0,0.0,27.388948,0.0,2.0,2.0,127.0,1.0,1.0,1.0,1.0,8.0,1,1716720405.5374615,synthetic_004,test
5.2252817,9.638679,0.37615806,0.41666666,0.6,2.032932,4.1168613,4.0,2.0,0.0,27.23664,0.0,2.0,2.0,121.0,1.0,1.0,1.0,1.0,19.0,1,1716720410.5374615,synthetic_004,test
6.74469,9.9809885,0.16349064,0.26666668,0.4,2.081334,4.1168613,3.0,4.0,0.0,23.3861,0.0,2.0,2.0,115.0,1.0,1.0,0.0,0.0,16.0,1,1716720415.5374615,synthetic_004,test
7.3067474,10.207661,-0.098497815,0.2,0.4,1.9488417,4.1168613,2.0,4.0,0.0,20.542492,0.0,2.0,2.0,107.0,1.0,1.0,0.0,0.0,16.0,1,1716720420.5374615,synthetic_004,test
4.234685,4.600682,0.19771793,0.53333336,1.0,2.8589647,9.673302,3.0,4.0,0.0,28.080933,0.0,2.0,2.0,99.0,1.0,0.0,0.0,0.0,19.0,1,1716720425.5374615,synthetic_004,test
11.223928,17.26279,2.181442,0.26666668,0.4,2.1090784,9.673302,1.0,4.0,1.0,25.527369,0.0,2.0,2.0,121.0,1.0,0.0,0.0,0.0,16.0,1,1716720430.5374615,synthetic_004,test
13.776192,19.001461,2.702742,0.2,0.2,2.308127,9.673302,1.0,4.0,1.0,20.314394,0.0,2.0,2.0,94.0,1.0,0.0,0.0,0.0,16.0,1,1716720435.5374615,synthetic_004,test
16.975231,21.55023,2.8506155,0.2,0.4,3.1052,11.707043,2.0,4.0,0.0,28.096983,0.0,2.0,2.0,96.0,1.0,0.0,0.0,0.0,16.0,1,1716720440.5374615,synthetic_004,test
15.569475,20.158133,-0.14300476,0.2,0.4,2.7308178,11.707043,3.0,4.0,0.0,23.096512,0.0,2.0,2.0,118.0,1.0,1.0,1.0,1.0,23.0,1,1716720445.5374615,synthetic_004,test
13.345264,19.385584,-0.91113573,0.36666667,0.5,2.669428,11.707043,4.0,4.0,0.0,27.698694,0.0,2.0,2.0,138.0,1.0,1.0,1.0,1.0,23.0,1,1716720450.5374615,synthetic_004,test
13.684448,19.174517,-2.4388292,0.31666666,0.75,2.2290604,11.707043,4.0,3.0,0.0,29.355932,0.0,2.0,2.0,140.0,1.0,1.0,1.0,1.0,23.0,1,1716720455.5374615,synthetic_004,test
8.577462,14.296703,-2.2705212,0.4,0.6,2.7752895,11.707043,4.0,3.0,0.0,16.045855,0.0,2.0,2.0,100.0,1.0,1.0,1.0,1.0,23.0,1,1716720460.5374615,synthetic_004,test
7.1525903,12.787319,-1.5381025,0.4888889,0.6666667,2.792819,11.707043,5.0,4.0,1.0,24.599606,0.0,2.0,2.0,130.0,1.0,1.0,1.0,1.0,15.0,1,1716720465.5374615,synthetic_004,test
4.42845,5.868216,-0.44947255,0.44444445,0.6,2.308654,5.828986,5.0,4.0,1.0,29.138666,0.0,2.0,2.0,130.0,1.0,1.0,1.0,1.0,15.0,1,1716720470.5374615,synthetic_004,test
2.257966,3.1881218,0.3151516,0.6,0.8,2.6728888,5.828986,4.0,4.0,1.0,25.888763,0.0,2.0,2.0,100.0,1.0,1.0,1.0,1.0,15.0,1,1716720475.5374615,synthetic_004,test
2.7628639,3.142188,0.02124953,0.425,0.6,3.0417542,5.828986,4.0,4.0,1.0,24.848717,0.0,2.0,2.0,90.0,1.0,1.0,1.0,0.0,15.0,1,1716720480.5374615,synthetic_004,test
3.6015847,4.42434,0.43695685,0.4,0.4,2.9588478,5.828986,4.0,4.0,1.0,23.759491,0.0,2.0,2.0,100.0,1.0,1.0,1.0,0.0,15.0,1,1716720485.5374615,synthetic_004,test
3.274168,4.335496,0.16400924,0.6,1.0,3.1033323,5.828986,5.0,4.0,1.0,28.30767,0.0,2.0,2.0,110.0,1.0,1.0,1.0,0.0,15.0,1,1716720490.5374615,synthetic_004,test
3.200755,4.4960155,-0.17893931,0.475,0.75,3.272576,5.249082,5.0,3.0,1.0,25.329731,0.0,2.0,2.0,90.0,1.0,1.0,0.0,0.0,16.0,1,1716720495.5374615,synthetic_004,test
3.3806381,4.131532,0.40112546,0.4,0.4,3.073536,5.249082,4.0,3.0,1.0,28.479588,0.0,2.0,2.0,100.0,1.0,1.0,0.0,0.0,3.0,1,1716720500.5374615,synthetic_004,test
2.8171985,3.962023,-0.24139799,0.6,1.0,2.7331603,5.249082,4.0,3.0,1.0,27.54884,0.0,2.0,2.0,120.0,1.0,1.0,0.0,0.0,4.0,1,1716720505.5374615,synthetic_004,test
3.2124996,3.928398,-0.062875584,0.44444445,0.6,2.5111105,4.548178,4.0,3.0,1.0,28.257887,0.0,2.0,2.0,130.0,1.0,1.0,0.0,0.0,0.0,1,1716720510.5374615,synthetic_004,test
3.0908315,2.8490477,0.33579206,0.33333334,0.6,2.4360583,4.548178,3.0,4.0,0.0,24.68452,0.0,2.0,2.0,120.0,1.0,1.0,0.0,0.0,0.0,1,1716720515.5374615,synthetic_004,test
3.3718164,2.8083107,0.26793885,0.26666668,0.4,2.2440474,3.8702805,2.0,4.0,0.0,20.814241,0.0,2.0,2.0,110.0,1.0,1.0,0.0,0.0,0.0,1,1716720520.5374615,synthetic_004,test
3.8516567,2.7968178,0.1575255,0.2,0.4,2.5210862,7.860529,2.0,4.0,0.0,27.841757,0.0,2.0,2.0,120.0,1.0,1.0,0.0,0.0,0.0,1,1716720525.5374615,synthetic_004,test
11.712504,28.851473,4.6153183,0.26666668,0.6,2.4098198,7.860529,3.0,4.0,0.0,24.677876,0.0,1.0,1.0,110.0,1.0,1.0,0.0,0.0,0.0,1,1716720530.5374615,synthetic_004,test
12.883755,30.135202,2.2495894,0.3,0.6,3.0430353,7.860529,4.0,4.0,0.0,27.160633,0.0,1.0,1.0,100.0,1.0,1.0,1.0,0.0,11.0,1,1716720535.5374615,synthetic_004,test
39.026844,91.17942,13.376551,0.26666668,0.6,2.6028333,7.860529,3.0,4.0,0.0,26.837006,0.0,1.0,1.0,110.0,1.0,1.0,1.0,0.0,18.0,1,1716720540.5374615,synthetic_004,test
46.45213,100.253044,18.41574,0.45,0.5,2.688059,7.860529,3.0,4.0,0.0,16.332003,0.0,1.0,1.0,90.0,1.0,1.0,1.0,0.0,22.0,1,1716720545.5374615,synthetic_004,test
39.86933,90.94325,7.163072,0.26666668,0.4,3.0331497,8.543477,4.0,4.0,0.0,25.504118,0.0,1.0,1.0,112.0,1.0,1.0,1.0,0.0,22.0,1,1716720550.5374615,synthetic_004,test
36.41178,83.8314,-1.5023568,0.44444445,0.8,2.4343448,8.543477,4.0,4.0,0.0,28.551975,0.0,1.0,1.0,136.0,1.0,1.0,1.0,0.0,17.0,1,1716720555.5374615,synthetic_004,test
29.217264,82.07815,-2.7703128,0.44444445,0.6,2.5049512,8.543477,3.0,4.0,1.0,25.196646,0.0,1.0,1.0,140.0,1.0,1.0,1.0,0.0,17.0,1,1716720560.5374615,synthetic_004,test
32.302418,78.58558,-4.4454556,0.26666668,0.6,1.9306422,8.543477,2.0,4.0,0.0,24.881119,0.0,1.0,1.0,156.0,1.0,1.0,0.0,0.0,17.0,1,1716720565.5374615,synthetic_004,test
11.385597,15.400086,0.32929555,0.2,0.4,2.2121072,8.543477,3.0,4.0,0.0,22.426023,0.0,1.0,1.0,162.0,1.0,1.0,1.0,0.0,17.0,1,1716720570.5374615,synthetic_004,test
15.370617,23.005728,1.6484183,0.15,0.4,2.130304,8.543477,3.0,4.0,1.0,25.54139,0.0,2.0,2.0,186.0,1.0,1.0,1.0,0.0,17.0,1,1716720575.5374615,synthetic_004,test
15.029094,23.851599,1.2747133,0.26666668,0.6,2.037332,5.6472273,3.0,4.0,1.0,26.807095,0.0,2.0,2.0,176.0,1.0,1.0,1.0,0.0,17.0,1,1716720580.5374615,synthetic_004,test
15.363386,23.946976,0.71006674,0.23333333,0.5,2.114091,5.6472273,3.0,4.0,0.0,28.010199,0.0,2.0,2.0,168.0,1.0,1.0,1.0,0.0,19.0,1,1716720585.5374615,synthetic_004,test
17.531404,25.31444,-0.16033988,0.13333334,0.4,2.1218941,5.6472273,3.0,4.0,0.0,24.007267,0.0,2.0,2.0,144.0,1.0,1.0,1.0,0.0,19.0,1,1716720590.5374615,synthetic_004,test
15.407113,24.665236,0.63653547,0.13333334,0.4,2.9041839,8.790524,4.0,4.0,1.0,27.96715,0.0,2.0,2.0,132.0,1.0,1.0,1.0,0.0,19.0,0,1716720595.5374615,synthetic_004,test
18.951717,28.539127,-2.135628,0.2,0.4,3.0886385,8.790524,3.0,4.0,0.0,21.73921,0.0,2.0,2.0,96.0,1.0,1.0,1.0,0.0,19.0,0,1716720600.5374615,synthetic_004,test
9.000398,12.747422,0.55395705,0.2,0.4,3.9975948,8.790524,4.0,3.0,0.0,26.33353,0.0,1.0,1.0,96.0,1.0,1.0,1.0,0.0,16.0,0,1716720605.5374615,synthetic_004,test
10.286169,13.196577,-0.4548355,0.1,0.2,3.761933,8.790524,3.0,3.0,0.0,22.412228,0.0,1.0,1.0,84.0,1.0,1.0,1.0,0.0,16.0,0,1716720610.5374615,synthetic_004,test
8.035155,12.477558,-2.3932605,0.0,0.0,5.291259,8.790524,3.0,3.0,0.0,17.66577,0.0,1.0,1.0,60.0,1.0,1.0,1.0,0.0,18.0,0,1716720615.5374615,synthetic_004,test
13.29387,17.51626,2.6765165,0.125,0.25,3.9379003,8.790524,5.0,3.0,1.0,26.65058,0.0,3.0,3.0,108.0,1.0,1.0,1.0,1.0,16.0,0,1716720620.5374615,synthetic_004,test
11.016754,17.58051,2.9592254,0.26666668,0.33333334,3.7082834,8.187314,5.0,3.0,1.0,21.478954,0.0,3.0,3.0,96.0,1.0,1.0,1.0,1.0,16.0,0,1716720625.5374615,synthetic_004,test
11.016754,17.58051,2.9592254,0.26666668,0.33333334,3.7082834,8.187314,5.0,3.0,1.0,21.478954,0.0,3.0,3.0,96.0,1.0,1.0,1.0,1.0,16.0,0,1716720630.5374615,synthetic_004,test
47.809566,103.38425,24.614002,0.26666668,0.33333334,3.6001604,9.497617,5.0,3.0,1.0,21.920597,0.0,3.0,3.0,96.0,1.0,1.0,1.0,1.0,16.0,0,1716720635.5374615,synthetic_004,test
38.461506,93.28323,7.985411,0.3,0.4,3.477313,9.497617,6.0,3.0,1.0,27.892445,0.0,3.0,3.0,120.0,1.0,1.0,1.0,1.0,16.0,0,1716720640.5374615,synthetic_004,test
33.11105,78.93399,-0.64955693,0.36666667,0.5,2.413469,9.497617,6.0,3.0,1.0,24.44043,1.0,3.0,3.0,168.0,1.0,1.0,1.0,1.0,18.0,0,1716720645.5374615,synthetic_004,test
33.532684,85.327484,-6.1993613,0.43333334,0.5,2.1772254,9.497617,4.0,3.0,0.0,15.141966,1.0,1.0,1.0,144.0,1.0,1.0,1.0,1.0,18.0,0,1716720650.5374615,synthetic_004,test
28.7423,79.42882,-7.434255,0.53333336,1.0,2.1183956,9.497617,4.0,4.0,0.0,10.07996,1.0,1.0,1.0,168.0,1.0,1.0,1.0,1.0,9.0,1,1716720655.5374615,synthetic_004,test
23.67013,72.481544,-5.624709,0.65,1.0,1.965892,9.497617,4.0,4.0,1.0,14.072086,1.0,1.0,1.0,204.0,1.0,1.0,1.0,1.0,3.0,1,1716720660.5374615,synthetic_004,test
6.320545,14.002565,-0.9896078,0.75,1.0,1.8397208,5.611336,4.0,4.0,1.0,16.379135,1.0,1.0,1.0,192.0,1.0,1.0,1.0,1.0,3.0,1,1716720665.5374615,synthetic_004,test
7.0707283,14.873208,-1.8435951,0.73333335,1.0,1.6759776,5.565063,3.0,4.0,1.0,15.671004,1.0,1.0,1.0,168.0,1.0,1.0,1.0,1.0,9.0,1,1716720670.5374615,synthetic_004,test
1.830658,5.7890487,-0.9985407,0.9,1.0,2.6220233,8.652673,3.0,4.0,0.0,25.564732,0.0,1.0,1.0,120.0,1.0,0.0,1.0,1.0,12.0,1,1716720675.5374615,synthetic_004,test
0.8828101,2.396141,0.33688307,0.8666667,1.0,3.081989,8.652673,4.0,4.0,0.0,28.336817,0.0,1.0,1.0,132.0,1.0,1.0,1.0,1.0,21.0,1,1716720680.5374615,synthetic_004,test
1.2138638,2.782601,0.53549457,0.6666667,1.0,3.3696616,8.652673,3.0,4.0,0.0,24.49337,0.0,1.0,1.0,96.0,1.0,1.0,1.0,1.0,16.0,1,1716720685.5374615,synthetic_004,test
13.174208,30.710285,8.776398,0.55,0.6,4.7358747,9.811018,4.0,4.0,0.0,27.61372,0.0,1.0,1.0,84.0,1.0,1.0,1.0,1.0,16.0,1,1716720690.5374615,synthetic_004,test
15.369909,33.034054,11.407394,0.3,0.6,4.602287,9.811018,3.0,3.0,0.0,18.961048,0.0,1.0,1.0,72.0,1.0,1.0,1.0,1.0,24.0,1,1716720695.5374615,synthetic_004,test
20.097755,37.89662,3.4411044,0.26666668,0.6,3.4093502,9.811018,4.0,4.0,0.0,28.85018,0.0,2.0,2.0,132.0,1.0,1.0,1.0,1.0,15.0,1,1716720700.5374615,synthetic_004,test
21.70066,36.557163,1.8408246,0.36666667,0.5,2.6341238,9.811018,3.0,4.0,0.0,24.892462,0.0,2.0,2.0,144.0,1.0,1.0,1.0,1.0,0.0,1,1716720705.5374615,synthetic_004,test
40.980587,71.58433,6.116002,0.36666667,0.5,2.2265778,9.811018,3.0,4.0,0.0,16.907915,0.0,2.0,2.0,144.0,1.0,1.0,1.0,1.0,10.0,1,1716720710.5374615,synthetic_004,test
35.373447,67.37634,1.7664084,0.36666667,0.5,2.3046172,9.811018,4.0,4.0,1.0,22.45362,0.0,2.0,2.0,168.0,1.0,1.0,1.0,1.0,10.0,1,1716720715.5374615,synthetic_004,test
39.979347,70.50987,3.264571,0.425,0.6,1.7134304,6.2017574,4.0,4.0,1.0,22.926561,0.0,2.0,2.0,204.0,0.0,1.0,1.0,1.0,10.0,1,1716720720.5374615,synthetic_004,test
39.979347,70.50987,3.264571,0.425,0.6,1.7134304,6.2017574,4.0,4.0,1.0,22.926561,0.0,2.0,2.0,204.0,0.0,1.0,1.0,1.0,10.0,1,1716720725.5374615,synthetic_004,test
42.368694,77.16367,2.3616905,0.5555556,0.6666667,1.9628046,6.277273,4.0,4.0,1.0,23.062244,0.0,2.0,2.0,156.0,0.0,1.0,1.0,1.0,10.0,1,1716720730.5374615,synthetic_004,test
42.621704,80.589195,-0.98391527,0.6666667,1.0,2.3958406,6.277273,5.0,4.0,1.0,25.723392,0.0,2.0,2.0,144.0,0.0,1.0,1.0,1.0,10.0,1,1716720735.5374615,synthetic_004,test
27.039038,57.440186,2.062957,0.7,0.8,2.9084885,6.277273,5.0,4.0,0.0,25.617893,0.0,2.0,2.0,120.0,0.0,1.0,1.0,1.0,7.0,1,1716720740.5374615,synthetic_004,test
27.681673,57.145798,-3.7112293,0.6,0.6,2.9830046,6.277273,5.0,4.0,0.0,25.773224,0.0,2.0,2.0,120.0,0.0,1.0,1.0,1.0,7.0,1,1716720745.5374615,synthetic_004,test
1.9125944,2.5985603,0.19509503,0.55,0.6,3.3646066,6.277273,6.0,4.0,1.0,24.004187,0.0,2.0,2.0,108.0,0.0,1.0,1.0,1.0,8.0,1,1716720750.5374615,synthetic_004,test
5.1279984,9.317671,1.3005619,0.51111114,0.6,2.6516755,6.277273,6.0,4.0,1.0,28.194508,0.0,2.0,2.0,156.0,0.0,1.0,1.0,1.0,24.0,1,1716720755.5374615,synthetic_004,test
5.322833,9.227553,1.017777,0.44444445,0.6,2.5332499,5.9929338,6.0,4.0,1.0,26.939316,0.0,2.0,2.0,156.0,0.0,1.0,0.0,0.0,24.0,1,1716720760.5374615,synthetic_004,test
15.278533,38.29127,4.4923396,0.41666666,0.6,2.2833436,4.9445643,6.0,4.0,1.0,27.517971,0.0,2.0,2.0,168.0,1.0,1.0,0.0,0.0,8.0,1,1716720765.5374615,synthetic_004,test
13.757883,35.90659,1.8850244,0.35,0.6,2.1208389,4.9445643,5.0,4.0,1.0,29.285034,0.0,2.0,2.0,192.0,1.0,1.0,0.0,0.0,14.0,1,1716720770.5374615,synthetic_004,test
14.752477,36.99924,1.6776476,0.46666667,0.6,1.9152445,4.9445643,4.0,4.0,1.0,25.607775,0.0,2.0,2.0,180.0,1.0,1.0,0.0,0.0,14.0,1,1716720775.5374615,synthetic_004,test
19.10566,39.62502,0.43214038,0.44444445,0.6,2.3298354,8.482029,3.0,4.0,1.0,28.662804,0.0,2.0,2.0,156.0,1.0,1.0,0.0,0.0,14.0,1,1716720780.5374615,synthetic_004,test
19.486998,39.75741,-1.1455562,0.43333334,0.6,2.236058,8.482029,3.0,4.0,1.0,26.567068,0.0,2.0,2.0,168.0,1.0,1.0,1.0,1.0,14.0,1,1716720785.5374615,synthetic_004,test
18.704817,38.418213,-2.0802672,0.4,0.6,2.0828664,8.482029,2.0,4.0,1.0,26.298431,0.0,2.0,2.0,180.0,1.0,1.0,1.0,1.0,14.0,1,1716720790.5374615,synthetic_004,test
9.057975,16.348715,0.05000621,0.46666667,0.6,1.962723,8.482029,1.0,4.0,1.0,27.353243,0.0,2.0,2.0,180.0,1.0,1.0,1.0,1.0,14.0,1,1716720795.5374615,synthetic_004,test
10.204152,17.294758,-1.0773889,0.42222223,0.6666667,2.0777507,8.482029,2.0,4.0,1.0,25.924646,0.0,2.0,2.0,156.0,1.0,1.0,1.0,1.0,15.0,1,1716720800.5374615,synthetic_004,test
9.567712,17.412924,-1.2898324,0.37777779,0.4,2.326861,8.482029,3.0,4.0,1.0,21.767162,0.0,2.0,2.0,156.0,1.0,1.0,1.0,1.0,15.0,1,1716720805.5374615,synthetic_004,test
7.4973364,16.431213,-1.3821012,0.43333334,0.5,2.1723068,4.6492314,3.0,4.0,1.0,24.04568,0.0,2.0,2.0,144.0,1.0,1.0,1.0,1.0,3.0,1,1716720810.5374615,synthetic_004,test
1.7858925,2.266229,-0.549889,0.575,0.75,2.951632,5.449177,4.0,4.0,1.0,24.119066,0.0,2.0,2.0,108.0,1.0,1.0,1.0,1.0,3.0,1,1716720815.5374615,synthetic_004,test
13.97164,39.025623,7.8177266,0.55,0.6,3.1184766,6.075821,5.0,4.0,1.0,25.509375,0.0,2.0,2.0,108.0,1.0,1.0,1.0,1.0,4.0,1,1716720820.5374615,synthetic_004,test
15.967067,41.24014,6.843278,0.3,0.6,3.8582165,6.075821,6.0,4.0,0.0,26.880367,0.0,2.0,2.0,96.0,1.0,1.0,1.0,1.0,1.0,1,1716720825.5374615,synthetic_004,test
24.666702,48.412254,4.0643725,0.6,1.0,3.0315785,6.075821,6.0,4.0,0.0,29.022818,0.0,2.0,2.0,132.0,1.0,1.0,1.0,1.0,1.0,1,1716720830.5374615,synthetic_004,test
29.761219,51.578457,3.0458338,0.5,0.6,2.4059122,6.075821,6.0,4.0,0.0,22.812065,1.0,2.0,2.0,168.0,1.0,1.0,1.0,1.0,1.0,1,1716720835.5374615,synthetic_004,test
26.150694,47.26856,-0.34026384,0.4,0.8,1.9874641,6.075821,5.0,4.0,1.0,16.669243,1.0,2.0,2.0,204.0,1.0,1.0,1.0,1.0,4.0,1,1716720840.5374615,synthetic_004,test
26.302242,47.18353,-2.4752867,0.425,0.6,1.9587148,6.075821,5.0,4.0,1.0,14.411822,1.0,3.0,3.0,204.0,1.0,1.0,1.0,1.0,4.0,1,1716720845.5374615,synthetic_004,test
20.679834,42.133442,-1.8566557,0.35,0.6,1.8978462,6.0247846,5.0,4.0,1.0,15.212973,1.0,4.0,4.0,192.0,1.0,1.0,1.0,1.0,17.0,1,1716720850.5374615,synthetic_004,test
21.925705,43.306118,-2.7884552,0.46666667,0.8,1.622717,5.646225,4.0,4.0,1.0,12.46302,1.0,4.0,4.0,180.0,1.0,1.0,1.0,1.0,17.0,1,1716720855.5374615,synthetic_004,test
14.021336,35.01968,-2.5772758,0.5555556,0.6666667,2.061223,8.229592,4.0,4.0,1.0,24.174,1.0,5.0,5.0,156.0,1.0,1.0,0.0,0.0,17.0,0,1716720860.5374615,synthetic_004,test
3.4179156,5.711145,-0.617554,0.6,0.8,2.6037836,8.229592,4.0,4.0,1.0,25.323627,0.0,5.0,5.0,120.0,1.0,1.0,0.0,0.0,11.0,0,1716720865.5374615,synthetic_004,test
1.7102803,1.9744203,0.21121734,0.46666667,0.6,3.567627,8.229592,5.0,4.0,1.0,23.88322,0.0,5.0,5.0,96.0,1.0,0.0,0.0,0.0,11.0,0,1716720870.5374615,synthetic_004,test
34.695442,89.66646,12.030136,0.53333336,1.0,2.5921152,8.229592,5.0,3.0,0.0,25.26835,0.0,5.0,5.0,132.0,1.0,0.0,1.0,0.0,22.0,0,1716720875.5374615,synthetic_004,test
34.359253,89.80113,8.762305,0.6,1.0,2.4874177,8.229592,4.0,3.0,0.0,19.132002,0.0,5.0,5.0,132.0,1.0,0.0,1.0,0.0,22.0,0,1716720880.5374615,synthetic_004,test
53.10012,99.7784,11.074193,0.35,0.6,2.4491215,8.229592,5.0,3.0,0.0,26.058107,0.0,5.0,5.0,168.0,1.0,1.0,1.0,0.0,15.0,1,1716720885.5374615,synthetic_004,test
57.30612,102.55478,7.767822,0.2,0.4,2.5362122,7.605195,5.0,2.0,0.0,29.068869,0.0,1.0,1.0,156.0,1.0,1.0,1.0,0.0,15.0,1,1716720890.5374615,synthetic_004,test
57.30612,102.55478,3.6745272,0.24444444,0.4,2.3677056,7.605195,4.0,4.0,0.0,25.96473,0.0,1.0,1.0,156.0,1.0,1.0,1.0,0.0,16.0,1,1716720895.5374615,synthetic_004,test
61.464314,105.97468,-2.7836542,0.46666667,1.0,2.668372,8.49682,4.0,4.0,0.0,26.57092,1.0,1.0,1.0,144.0,1.0,1.0,1.0,0.0,16.0,1,1716720900.5374615,synthetic_004,test
44.754,85.53177,-8.519115,0.475,0.75,3.1801066,8.49682,3.0,4.0,0.0,17.685144,1.0,1.0,1.0,108.0,1.0,1.0,0.0,0.0,16.0,1,1716720905.5374615,synthetic_004,test
36.61691,78.61487,-11.970173,0.6666667,1.0,3.155843,8.49682,4.0,4.0,0.0,12.700596,3.0,2.0,2.0,132.0,1.0,1.0,0.0,0.0,23.0,1,1716720910.5374615,synthetic_004,test
5.0721674,11.825347,-0.14693335,0.675,0.75,3.2479575,8.49682,3.0,4.0,0.0,9.611743,4.0,2.0,2.0,108.0,0.0,1.0,0.0,0.0,16.0,1,1716720915.5374615,synthetic_004,test
5.5089545,12.563974,-0.5842939,0.73333335,0.8,2.7033026,8.49682,2.0,4.0,0.0,9.957559,4.0,2.0,2.0,96.0,0.0,1.0,0.0,0.0,16.0,1,1716720920.5374615,synthetic_004,test
5.5975194,10.796046,-0.6482727,0.73333335,1.0,2.9911132,9.83066,3.0,3.0,1.0,17.7494,3.0,2.0,2.0,132.0,0.0,1.0,1.0,1.0,4.0,1,1716720925.5374615,synthetic_004,test
5.1310596,10.419681,-1.1445389,0.73333335,1.0,2.2321527,9.83066,2.0,3.0,0.0,15.42931,5.0,2.0,2.0,144.0,0.0,1.0,1.0,1.0,4.0,1,1716720930.5374615,synthetic_004,test
2.58145,4.2805996,0.087110445,0.7,0.8,2.4997544,9.83066,2.0,3.0,0.0,10.166597,4.0,2.0,2.0,120.0,0.0,1.0,1.0,1.0,1.0,1,1716720935.5374615,synthetic_004,test
3.4015028,4.4871554,-0.94169176,0.53333336,0.6666667,3.1747003,9.83066,2.0,4.0,0.0,14.971345,2.0,2.0,2.0,96.0,0.0,1.0,1.0,1.0,1.0,1,1716720940.5374615,synthetic_004,test
2.6998003,4.346805,-0.7108349,0.55,0.6,3.4220219,9.83066,2.0,4.0,0.0,8.070567,2.0,2.0,2.0,84.0,0.0,0.0,1.0,1.0,4.0,1,1716720945.5374615,synthetic_004,test
2.2003944,3.8992636,-0.60145223,0.55,0.6,4.2533574,13.260428,3.0,4.0,0.0,12.644247,2.0,2.0,2.0,108.0,1.0,1.0,1.0,1.0,16.0,1,1716720950.5374615,synthetic_004,test
5.680391,9.439842,3.483946,0.3,0.6,3.812265,13.260428,2.0,4.0,0.0,22.126408,1.0,1.0,1.0,84.0,1.0,1.0,0.0,0.0,18.0,1,1716720955.5374615,synthetic_004,test
6.627123,9.970146,2.1660793,0.6,1.0,4.7246327,13.260428,3.0,4.0,0.0,19.761179,0.0,1.0,1.0,72.0,1.0,1.0,0.0,0.0,18.0,1,1716720960.5374615,synthetic_004,test
16.776306,27.09818,5.6172476,0.225,0.25,4.168253,13.260428,4.0,4.0,0.0,28.927658,0.0,1.0,1.0,108.0,1.0,1.0,0.0,0.0,16.0,1,1716720965.5374615,synthetic_004,test
18.698654,28.305529,6.376913,0.2,0.4,3.6159573,13.260428,3.0,4.0,0.0,15.667229,0.0,1.0,1.0,96.0,1.0,1.0,0.0,0.0,16.0,1,1716720970.5374615,synthetic_004,test
16.805853,27.079454,3.3281589,0.2,0.4,4.0157313,13.260428,4.0,4.0,0.0,22.881153,0.0,1.0,1.0,108.0,1.0,1.0,0.0,0.0,16.0,1,1716720975.5374615,synthetic_004,test
17.610085,26.652298,-1.0802335,0.225,0.25,2.9808993,8.569645,4.0,4.0,0.0,25.934755,0.0,1.0,1.0,108.0,1.0,1.0,0.0,0.0,25.0,1,1716720980.5374615,synthetic_004,test
11.219615,25.173494,-2.7029216,0.6,1.0,2.9066942,8.569645,5.0,4.0,0.0,22.85287,1.0,3.0,3.0,136.0,1.0,1.0,0.0,0.0,21.0,1,1716720985.5374615,synthetic_004,test
9.890862,23.231853,-2.876325,0.4888889,0.6666667,2.6006756,8.569645,5.0,4.0,0.0,15.531777,1.0,3.0,3.0,163.0,1.0,1.0,0.0,0.0,16.0,1,1716720990.5374615,synthetic_004,test
4.6984754,10.985776,0.7716374,0.7,1.0,1.8581438,7.2139235,4.0,4.0,0.0,8.443642,2.0,3.0,3.0,205.0,1.0,1.0,0.0,0.0,22.0,1,1716720995.5374615,synthetic_004,test
5.4036427,10.347753,0.63795257,0.5125,0.8,1.8641548,7.2139235,5.0,4.0,1.0,13.360271,2.0,3.0,3.0,244.0,1.0,1.0,1.0,0.0,22.0,1,1716721000.5374615,synthetic_004,test
5.0502877,10.180684,0.3414968,0.6,0.8,1.664227,5.030882,5.0,4.0,1.0,16.36009,2.0,3.0,3.0,258.0,1.0,1.0,1.0,0.0,22.0,1,1716721005.5374615,synthetic_004,test
5.5353518,10.559845,0.39437944,0.6,1.0,1.4629741,5.030882,4.0,4.0,1.0,15.7485895,2.0,3.0,3.0,260.0,1.0,1.0,1.0,0.0,23.0,1,1716721010.5374615,synthetic_004,test
6.3718686,11.279398,0.034602806,0.65,1.0,1.8057884,7.97723,4.0,4.0,0.0,23.36787,1.0,1.0,1.0,221.0,1.0,1.0,1.0,0.0,23.0,1,1716721015.5374615,synthetic_004,test
6.521568,10.964655,-0.43824744,0.56666666,0.6666667,1.6708536,7.97723,3.0,4.0,0.0,27.619232,0.0,2.0,2.0,234.0,1.0,1.0,1.0,0.0,23.0,1,1716721020.5374615,synthetic_004,test
8.612869,13.322649,0.78488976,0.6,1.0,1.8542161,7.97723,3.0,2.0,0.0,28.3709,0.0,2.0,2.0,210.0,1.0,1.0,1.0,0.0,23.0,0,1716721025.5374615,synthetic_004,test
8.834229,13.806091,0.9885229,0.45,0.8,1.8392293,7.97723,3.0,2.0,0.0,28.546907,0.0,2.0,2.0,213.0,1.0,1.0,0.0,0.0,24.0,0,1716721030.5374615,synthetic_004,test
9.8061695,13.88321,0.5867513,0.46666667,0.6,1.7624644,7.97723,2.0,2.0,0.0,25.764484,0.0,2.0,2.0,201.0,1.0,1.0,0.0,0.0,24.0,0,1716721035.5374615,synthetic_004,test
25.484728,71.93631,4.9642367,0.475,0.6,1.9618286,7.97723,4.0,2.0,1.0,25.373856,0.0,2.0,2.0,231.0,1.0,1.0,1.0,0.0,24.0,0,1716721040.5374615,synthetic_004,test
22.823887,64.13895,1.1452082,0.56,1.0,1.3981618,4.6163917,3.0,2.0,1.0,29.459751,0.0,2.0,2.0,302.0,1.0,1.0,1.0,0.0,3.0,0,1716721045.5374615,synthetic_004,test
27.105202,70.508934,0.35651246,0.55,1.0,1.4169499,4.6163917,3.0,2.0,1.0,24.015173,0.0,2.0,2.0,250.0,1.0,1.0,1.0,0.0,3.0,0,1716721050.5374615,synthetic_004,test
27.446302,77.15604,-1.0502174,0.46666667,0.6,1.7810652,5.8909698,4.0,2.0,1.0,25.3215,0.0,2.0,2.0,210.0,1.0,1.0,1.0,0.0,16.0,0,1716721055.5374615,synthetic_004,test
45.377277,104.600815,1.9155332,0.53333336,0.6,2.0332022,5.8909698,5.0,4.0,1.0,28.409212,0.0,2.0,2.0,210.0,1.0,1.0,1.0,0.0,7.0,0,1716721060.5374615,synthetic_004,test
46.099495,104.34471,0.06319937,0.53333336,0.8,1.9422039,5.8909698,5.0,4.0,1.0,24.516666,0.0,2.0,2.0,210.0,1.0,1.0,1.0,0.0,7.0,0,1716721065.5374615,synthetic_004,test
35.227295,89.799995,6.9695287,0.4,0.6,1.9301294,5.8909698,3.0,4.0,1.0,19.16673,0.0,2.0,2.0,154.0,1.0,1.0,0.0,0.0,7.0,0,1716721070.5374615,synthetic_004,test
63.723026,132.26476,2.9082181,0.4,0.4,3.1691444,5.8909698,3.0,4.0,0.0,9.954752,0.0,1.0,1.0,70.0,1.0,1.0,0.0,0.0,16.0,0,1716721075.5374615,synthetic_004,test
63.723026,132.26476,2.9082181,0.4,0.4,3.1691444,5.8909698,3.0,4.0,0.0,9.954752,0.0,1.0,1.0,70.0,1.0,1.0,0.0,0.0,16.0,0,1716721080.5374615,synthetic_004,test
79.14452,147.44424,-25.026567,0.5,0.5,2.488688,5.315053,2.0,4.0,0.0,4.639699,0.0,1.0,1.0,56.0,1.0,1.0,0.0,0.0,15.0,0,1716721085.5374615,synthetic_004,test
5.5260353,9.571374,-8.289053,0.6666667,0.6666667,9.208025,24.793144,1.0,4.0,0.0,26.900229,0.0,1.0,1.0,42.0,0.0,1.0,0.0,0.0,15.0,1,1716721090.5374615,synthetic_004,test
0.0,0.0,0.0,1.0,1.0,6.869019,24.793144,1.0,2.0,0.0,9.5519495,0.0,1.0,1.0,70.0,0.0,1.0,0.0,0.0,19.0,1,1716721095.5374615,synthetic_004,test
6.7254434,9.183873,2.9282935,0.5,1.0,4.2927594,24.793144,1.0,2.0,0.0,13.841688,0.0,1.0,1.0,126.0,0.0,1.0,1.0,1.0,26.0,1,1716721100.5374615,synthetic_004,test
8.054785,9.0511265,1.7071524,0.33333334,1.0,3.5713108,24.793144,1.0,2.0,0.0,18.062586,0.0,1.0,1.0,168.0,1.0,1.0,1.0,1.0,22.0,1,1716721105.5374615,synthetic_004,test
7.2403283,8.628892,0.7826901,0.41666666,1.0,3.5215943,24.793144,2.0,2.0,0.0,24.509174,0.0,1.0,1.0,196.0,1.0,1.0,1.0,1.0,3.0,1,1716721110.5374615,synthetic_004,test
22.626093,67.69855,4.390464,0.4125,1.0,2.875061,24.793144,2.0,3.0,0.0,29.833015,0.0,1.0,1.0,270.0,1.0,1.0,1.0,1.0,26.0,1,1716721115.5374615,synthetic_004,test
25.287987,71.30539,5.0800705,0.375,0.6,1.6309371,3.8972886,1.0,3.0,0.0,24.76689,0.0,1.0,1.0,242.0,1.0,1.0,1.0,1.0,26.0,1,1716721120.5374615,synthetic_004,test
26.977795,73.29428,2.9685223,0.4,1.0,1.7157881,6.8611994,2.0,3.0,0.0,25.192812,0.0,1.0,1.0,230.0,1.0,1.0,1.0,1.0,26.0,1,1716721125.5374615,synthetic_004,test
30.926311,85.102356,4.2368174,0.36666667,0.5,1.9302392,6.8611994,2.0,3.0,0.0,21.768295,0.0,1.0,1.0,174.0,1.0,1.0,1.0,0.0,12.0,1,1716721130.5374615,synthetic_004,test
37.220814,98.79106,4.4886856,0.45,0.5,2.1046638,6.8611994,2.0,3.0,0.0,15.044685,0.0,1.0,1.0,132.0,1.0,1.0,1.0,0.0,8.0,1,1716721135.5374615,synthetic_004,test
36.9355,84.19863,-3.3605237,0.42222223,0.6666667,2.311038,13.061545,2.0,4.0,0.0,28.65656,0.0,2.0,2.0,194.0,1.0,1.0,1.0,0.0,8.0,1,1716721140.5374615,synthetic_004,test
15.163034,33.313427,-1.2896073,0.5,0.8,2.9078026,13.061545,2.0,4.0,0.0,22.216825,0.0,2.0,2.0,150.0,1.0,1.0,1.0,0.0,22.0,1,1716721145.5374615,synthetic_004,test
14.37471,30.059576,-0.67248815,0.5555556,0.8,2.4824438,13.061545,2.0,4.0,0.0,25.41057,0.0,2.0,2.0,195.0,1.0,1.0,1.0,1.0,8.0,1,1716721150.5374615,synthetic_004,test
15.632911,31.041843,-2.62925,0.4,0.8,2.4961069,13.061545,2.0,4.0,0.0,16.891737,0.0,2.0,2.0,180.0,1.0,1.0,1.0,1.0,22.0,1,1716721155.5374615,synthetic_004,test
14.626552,29.94098,-2.4971364,0.4,0.8,2.6660562,13.061545,3.0,4.0,0.0,21.597185,0.0,2.0,2.0,195.0,1.0,1.0,1.0,1.0,22.0,1,1716721160.5374615,synthetic_004,test
16.88031,29.512562,-0.30488637,0.35,0.8,2.3801072,13.061545,4.0,4.0,1.0,24.816986,1.0,3.0,3.0,270.0,1.0,1.0,1.0,1.0,22.0,1,1716721165.5374615,synthetic_004,test
14.89984,24.484865,2.278498,0.4,0.8,1.9467179,4.853056,3.0,4.0,1.0,15.912073,1.0,3.0,3.0,228.0,1.0,1.0,1.0,1.0,13.0,1,1716721170.5374615,synthetic_004,test
14.404946,23.737314,0.36651614,0.5,1.0,1.8400681,4.853056,3.0,4.0,1.0,15.817589,1.0,3.0,3.0,246.0,1.0,1.0,1.0,1.0,13.0,1,1716721175.5374615,synthetic_004,test
14.091226,24.423037,-0.25838864,0.3,0.5,2.2952068,5.8855505,4.0,4.0,1.0,19.4856,1.0,3.0,3.0,217.0,1.0,1.0,0.0,0.0,13.0,1,1716721180.5374615,synthetic_004,test
14.778753,23.28454,-0.31426832,0.375,0.5,1.873867,5.8855505,3.0,4.0,1.0,22.359062,1.0,3.0,3.0,266.0,1.0,1.0,0.0,0.0,13.0,1,1716721185.5374615,synthetic_004,test
14.628739,23.376284,-0.8737945,0.425,0.6,1.8384557,5.8855505,3.0,4.0,1.0,24.30717,1.0,3.0,3.0,267.0,1.0,1.0,0.0,0.0,0.0,1,1716721190.5374615,synthetic_004,test
11.947689,18.843596,-0.06844839,0.43333334,0.6,1.5811049,5.8855505,2.0,4.0,1.0,26.739025,0.0,2.0,2.0,288.0,1.0,1.0,0.0,0.0,0.0,1,1716721195.5374615,synthetic_004,test
9.095314,14.63037,0.3934183,0.6,1.0,1.6887885,5.8855505,2.0,3.0,1.0,24.161324,0.0,2.0,2.0,256.0,1.0,1.0,0.0,0.0,0.0,1,1716721200.5374615,synthetic_004,test
20.087328,27.884308,2.392943,0.35,0.6,1.588301,5.8855505,3.0,4.0,1.0,22.703867,0.0,2.0,2.0,288.0,1.0,1.0,0.0,0.0,0.0,0,1716721205.5374615,synthetic_004,test
20.094564,27.879366,1.7246977,0.35,0.6,1.5686687,5.5321693,3.0,4.0,1.0,27.515657,0.0,2.0,2.0,288.0,1.0,1.0,1.0,1.0,0.0,1,1716721210.5374615,synthetic_004,test
20.351189,29.772276,1.5457456,0.4,0.6,1.7870815,5.5321693,4.0,4.0,1.0,22.702768,0.0,1.0,1.0,240.0,1.0,1.0,1.0,1.0,0.0,1,1716721215.5374615,synthetic_004,test
21.442087,29.612581,0.57472396,0.375,0.6,1.7287444,5.5321693,4.0,4.0,1.0,21.803326,1.0,2.0,2.0,275.0,1.0,1.0,1.0,1.0,0.0,1,1716721220.5374615,synthetic_004,test
22.46302,32.524315,-2.017223,0.31111112,0.4,2.337613,5.5321693,5.0,4.0,1.0,17.182337,1.0,2.0,2.0,213.0,1.0,1.0,1.0,1.0,0.0,1,1716721225.5374615,synthetic_004,test
19.955902,30.860989,-3.214065,0.33333334,0.4,2.258803,5.5321693,6.0,4.0,1.0,13.4424515,2.0,3.0,3.0,248.0,1.0,1.0,1.0,1.0,0.0,1,1716721230.5374615,synthetic_004,test
8.537897,16.784122,-0.18185659,0.37777779,0.4,2.488572,5.5321693,6.0,4.0,1.0,14.441142,3.0,3.0,3.0,219.0,1.0,1.0,1.0,1.0,12.0,1,1716721235.5374615,synthetic_004,test
8.371041,16.863308,-0.7082783,0.4888889,0.6666667,2.2000036,4.763192,5.0,4.0,1.0,13.705979,3.0,3.0,3.0,220.0,1.0,1.0,1.0,1.0,4.0,1,1716721240.5374615,synthetic_004,test
8.371041,16.863308,-1.3062098,0.53333336,1.0,2.555505,7.7676024,5.0,4.0,1.0,15.323739,2.0,3.0,3.0,221.0,1.0,0.0,1.0,1.0,4.0,1,1716721245.5374615,synthetic_004,test
4.5068984,9.357006,-0.346585,0.6666667,1.0,2.5567276,7.7676024,4.0,4.0,1.0,13.440195,2.0,3.0,3.0,187.0,1.0,0.0,0.0,0.0,18.0,1,1716721250.5374615,synthetic_004,test
31.23662,89.63237,12.891062,0.4,0.8,2.6591372,7.7676024,4.0,4.0,1.0,18.401903,2.0,3.0,3.0,187.0,1.0,0.0,0.0,0.0,4.0,1,1716721255.5374615,synthetic_004,test
33.628357,94.11009,7.263826,0.6,0.6,2.8392437,7.7676024,4.0,4.0,1.0,28.014444,0.0,2.0,2.0,170.0,0.0,0.0,0.0,0.0,18.0,1,1716721260.5374615,synthetic_004,test
37.211124,99.04404,2.1463466,0.55,0.6,3.1569343,7.7676024,4.0,4.0,0.0,26.631626,0.0,2.0,2.0,153.0,1.0,0.0,0.0,0.0,18.0,1,1716721265.5374615,synthetic_004,test
41.862514,104.8264,-0.92069685,0.46666667,0.6,3.3289533,7.7676024,4.0,4.0,0.0,18.864023,0.0,2.0,2.0,136.0,1.0,0.0,0.0,0.0,18.0,0,1716721270.5374615,synthetic_004,test
47.842876,111.74166,-7.361405,0.3,0.6,2.6948605,7.495373,3.0,4.0,0.0,17.275696,0.0,2.0,2.0,119.0,1.0,0.0,0.0,0.0,18.0,0,1716721275.5374615,synthetic_004,test
79.48512,136.4853,8.190061,0.2,0.4,3.6892774,12.2345295,4.0,4.0,0.0,22.018847,0.0,2.0,2.0,136.0,1.0,0.0,0.0,0.0,23.0,0,1716721280.5374615,synthetic_004,test
86.61059,123.52985,9.683174,0.25,0.4,1.7718976,12.2345295,4.0,4.0,0.0,28.888546,0.0,2.0,2.0,307.0,1.0,1.0,0.0,0.0,0.0,0,1716721285.5374615,synthetic_004,test
94.352615,120.2731,2.4107587,0.12,0.6,1.3129337,12.2345295,3.0,4.0,0.0,25.934256,0.0,2.0,2.0,404.0,1.0,1.0,0.0,0.0,0.0,0,1716721290.5374615,synthetic_004,test
92.90483,121.27016,-1.4803638,0.25333333,0.6666667,1.2939593,12.2345295,2.0,4.0,0.0,17.526535,0.0,2.0,2.0,410.0,1.0,1.0,0.0,0.0,0.0,1,1716721295.5374615,synthetic_004,test
82.977165,117.18876,-3.0428874,0.2,0.6,1.4279765,12.2345295,3.0,4.0,1.0,24.89286,0.0,2.0,2.0,470.0,1.0,1.0,1.0,1.0,0.0,1,1716721300.5374615,synthetic_004,test
80.045044,115.91864,-3.3451746,0.2,0.6,1.4917399,12.2345295,4.0,4.0,1.0,27.00384,1.0,2.0,2.0,490.0,1.0,1.0,1.0,1.0,0.0,1,1716721305.5374615,synthetic_004,test
67.465866,106.34124,-3.3620665,0.2,0.4,1.2026972,5.784478,3.0,4.0,1.0,23.906609,1.0,2.0,2.0,516.0,1.0,1.0,1.0,1.0,0.0,1,1716721310.5374615,synthetic_004,test
39.27986,80.25592,-7.0914845,0.15,0.6,1.604942,3.8499615,3.0,4.0,0.0,19.219463,1.0,2.0,2.0,331.0,1.0,1.0,1.0,1.0,0.0,1,1716721315.5374615,synthetic_004,test
4.219495,6.0878267,-0.06771552,0.45,0.75,2.2448003,4.9283185,4.0,4.0,1.0,18.289154,1.0,2.0,2.0,280.0,1.0,1.0,1.0,1.0,8.0,1,1716721320.5374615,synthetic_004,test
4.922744,6.3264112,-0.52082664,0.46666667,1.0,2.267229,4.9283185,4.0,4.0,1.0,17.517591,1.0,2.0,2.0,240.0,1.0,1.0,1.0,1.0,8.0,1,1716721325.5374615,synthetic_004,test
7.5451765,8.2871685,0.70817775,0.2,0.6,2.1461084,6.7703085,4.0,4.0,1.0,24.97479,1.0,2.0,2.0,280.0,1.0,1.0,1.0,1.0,3.0,1,1716721330.5374615,synthetic_004,test
12.257252,18.482962,2.363152,0.2,0.6,1.9334215,6.7703085,3.0,4.0,1.0,20.957766,1.0,2.0,2.0,280.0,1.0,1.0,1.0,1.0,3.0,1,1716721335.5374615,synthetic_004,test
12.981162,20.677305,4.2477016,0.2,0.6,1.9482577,6.7703085,3.0,4.0,1.0,14.666925,1.0,2.0,2.0,220.0,1.0,1.0,1.0,1.0,3.0,1,1716721340.5374615,synthetic_004,test
13.284318,19.911066,2.688704,0.2,0.6,2.4837787,11.24673,3.0,4.0,1.0,16.584684,1.0,2.0,2.0,240.0,1.0,1.0,1.0,1.0,3.0,1,1716721345.5374615,synthetic_004,test
17.44188,21.606518,0.090573385,0.125,0.25,2.827866,11.24673,3.0,4.0,1.0,10.378048,1.0,2.0,2.0,180.0,1.0,1.0,1.0,1.0,3.0,0,1716721350.5374615,synthetic_004,test
17.44188,21.606518,0.090573385,0.125,0.25,2.827866,11.24673,3.0,4.0,1.0,10.378048,1.0,2.0,2.0,180.0,1.0,1.0,1.0,1.0,3.0,0,1716721355.5374615,synthetic_004,test
13.005193,25.97396,-8.186898,0.6,1.0,4.1687636,11.24673,3.0,4.0,0.0,20.720984,1.0,2.0,2.0,140.0,0.0,1.0,0.0,0.0,22.0,0,1716721360.5374615,synthetic_004,test
3.3491256,6.9398766,-1.2354796,0.45,0.5,4.928194,11.24673,4.0,4.0,0.0,13.286074,1.0,2.0,2.0,140.0,1.0,1.0,0.0,0.0,22.0,0,1716721365.5374615,synthetic_004,test
7.5017314,13.941172,1.9203786,0.325,0.4,4.3060346,11.24673,5.0,4.0,0.0,15.281989,1.0,2.0,2.0,180.0,1.0,1.0,0.0,0.0,22.0,0,1716721370.5374615,synthetic_004,test
6.7817807,15.1556015,4.605235,0.3,0.6,3.8393152,9.88334,4.0,3.0,0.0,16.9147,1.0,1.0,1.0,140.0,1.0,1.0,0.0,0.0,22.0,0,1716721375.5374615,synthetic_004,test
8.709924,14.076089,1.6298919,0.4,0.4,3.357631,9.88334,4.0,3.0,0.0,21.323671,1.0,2.0,2.0,202.0,1.0,1.0,0.0,0.0,9.0,1,1716721380.5374615,synthetic_004,test
8.709924,14.076089,1.6298919,0.4,0.4,3.357631,9.88334,4.0,3.0,0.0,21.323671,1.0,2.0,2.0,202.0,1.0,1.0,0.0,0.0,9.0,1,1716721385.5374615,synthetic_004,test
10.735634,15.205024,-0.7581029,0.43333334,0.6666667,3.7202842,10.12161,4.0,3.0,0.0,24.27429,0.0,2.0,2.0,163.0,1.0,1.0,0.0,0.0,22.0,1,1716721390.5374615,synthetic_004,test
10.501476,13.339026,-1.4715896,0.3,0.4,2.9877272,10.12161,3.0,3.0,1.0,25.912683,0.0,3.0,3.0,206.0,1.0,1.0,1.0,0.0,22.0,1,1716721395.5374615,synthetic_004,test
5.995398,8.000008,-0.83140385,0.33333334,0.6,2.820475,10.12161,2.0,3.0,0.0,24.006647,0.0,3.0,3.0,229.0,1.0,1.0,1.0,0.0,23.0,1,1716721400.5374615,synthetic_004,test
5.7255216,7.5342793,-0.631823,0.44444445,0.6,2.717277,10.12161,2.0,3.0,0.0,28.30602,0.0,3.0,3.0,271.0,1.0,1.0,1.0,0.0,0.0,1,1716721405.5374615,synthetic_004,test
3.1640918,3.9429204,-0.421879,0.6666667,1.0,2.7494762,10.12161,2.0,3.0,0.0,20.12263,0.0,3.0,3.0,231.0,1.0,1.0,1.0,0.0,0.0,1,1716721410.5374615,synthetic_004,test
4.6899347,4.8440814,0.34522936,0.41666666,0.6,2.442977,10.12161,2.0,3.0,0.0,24.080067,0.0,3.0,3.0,294.0,1.0,1.0,1.0,0.0,23.0,1,1716721415.5374615,synthetic_004,test
4.301538,4.668707,-0.10402392,0.55,1.0,1.9278586,3.7908452,2.0,4.0,1.0,29.694504,0.0,3.0,3.0,336.0,1.0,1.0,1.0,0.0,23.0,1,1716721420.5374615,synthetic_004,test
9.248761,23.639294,2.101435,0.4,0.6,1.8333012,3.7908452,2.0,4.0,1.0,28.767645,0.0,4.0,4.0,336.0,1.0,1.0,1.0,0.0,23.0,1,1716721425.5374615,synthetic_004,test
9.53159,24.440956,1.3735285,0.53333336,0.6,1.9928998,4.2985954,3.0,4.0,1.0,28.478804,0.0,4.0,4.0,315.0,1.0,1.0,1.0,0.0,23.0,1,1716721430.5374615,synthetic_004,test
13.005754,25.714144,1.6345234,0.475,0.6,1.7202858,4.2985954,3.0,4.0,1.0,25.872112,0.0,4.0,4.0,359.0,1.0,1.0,1.0,0.0,23.0,1,1716721435.5374615,synthetic_004,test
13.971497,26.252314,1.0399551,0.3,0.6,1.8334509,4.905725,3.0,4.0,1.0,27.31562,0.0,4.0,4.0,339.0,1.0,1.0,1.0,0.0,23.0,1,1716721440.5374615,synthetic_004,test
13.923183,28.290573,0.7728598,0.41666666,0.6,2.1962583,5.369842,4.0,4.0,1.0,26.956772,0.0,4.0,4.0,298.0,1.0,1.0,1.0,0.0,18.0,1,1716721445.5374615,synthetic_004,test
12.795297,26.561419,-1.4429452,0.35,0.6,1.8444724,5.369842,3.0,3.0,1.0,28.442661,0.0,4.0,4.0,345.0,1.0,1.0,1.0,0.0,18.0,1,1716721450.5374615,synthetic_004,test
8.019453,15.993872,-0.4958391,0.4888889,0.6666667,1.9554998,5.369842,3.0,3.0,1.0,21.122902,0.0,4.0,4.0,282.0,1.0,0.0,1.0,0.0,18.0,1,1716721455.5374615,synthetic_004,test
9.295622,15.524551,-0.6018514,0.33333334,0.6,1.9510639,7.1152782,3.0,3.0,1.0,27.296066,0.0,4.0,4.0,328.0,1.0,0.0,1.0,0.0,18.0,1,1716721460.5374615,synthetic_004,test
5.4704614,8.173697,0.81981194,0.35,0.4,2.177506,7.1152782,4.0,3.0,1.0,25.57936,0.0,4.0,4.0,311.0,1.0,0.0,1.0,0.0,22.0,1,1716721465.5374615,synthetic_004,test
5.295738,8.268909,0.5638095,0.43333334,0.6,1.9764313,7.1152782,3.0,3.0,1.0,22.300196,0.0,4.0,4.0,312.0,1.0,0.0,1.0,0.0,22.0,1,1716721470.5374615,synthetic_004,test
5.3187213,7.9590335,0.3124132,0.4,0.6,1.9474397,7.1152782,3.0,4.0,1.0,26.42242,0.0,4.0,4.0,337.0,1.0,0.0,1.0,0.0,22.0,1,1716721475.5374615,synthetic_004,test
6.2508855,8.89712,-0.42854646,0.2,0.4,2.7138965,7.1152782,4.0,4.0,1.0,22.737583,0.0,3.0,3.0,251.0,1.0,1.0,0.0,0.0,22.0,1,1716721480.5374615,synthetic_004,test
33.022728,77.61693,6.3416715,0.15,0.4,2.1627245,7.1152782,4.0,4.0,1.0,27.488314,0.0,3.0,3.0,371.0,1.0,1.0,1.0,0.0,12.0,1,1716721485.5374615,synthetic_004,test
37.93709,85.799835,6.0072336,0.24444444,0.4,2.271303,6.170877,4.0,4.0,1.0,26.220716,0.0,3.0,3.0,307.0,1.0,1.0,1.0,0.0,12.0,1,1716721490.5374615,synthetic_004,test
36.47591,86.29271,-0.9270151,0.35555556,0.6666667,2.2158859,6.170877,3.0,4.0,0.0,26.715837,0.0,3.0,3.0,310.0,1.0,1.0,1.0,1.0,12.0,1,1716721495.5374615,synthetic_004,test
36.63077,86.22357,-3.4660683,0.24444444,0.4,2.513579,6.170877,4.0,4.0,0.0,28.033203,0.0,2.0,2.0,311.0,1.0,1.0,1.0,1.0,23.0,1,1716721500.5374615,synthetic_004,test
36.024986,86.482925,-8.381945,0.42222223,0.6666667,2.4544291,6.170877,5.0,4.0,0.0,25.736702,0.0,2.0,2.0,312.0,1.0,1.0,1.0,1.0,23.0,1,1716721505.5374615,synthetic_004,test
48.84784,102.850044,-1.0631274,0.35,0.8,1.9205223,5.9606876,5.0,4.0,0.0,29.386568,0.0,2.0,2.0,387.0,1.0,1.0,1.0,1.0,23.0,1,1716721510.5374615,synthetic_004,test
29.26923,89.9076,13.764253,0.46666667,0.8,2.3616023,5.9606876,5.0,3.0,0.0,21.244236,0.0,1.0,1.0,267.0,1.0,1.0,1.0,1.0,16.0,1,1716721515.5374615,synthetic_004,test
27.349297,85.97158,7.434165,0.4,0.6,2.4589617,5.9606876,6.0,3.0,0.0,27.919498,0.0,1.0,1.0,293.0,1.0,1.0,1.0,1.0,16.0,1,1716721520.5374615,synthetic_004,test
27.356274,85.96958,0.91747206,0.6,1.0,2.4062946,5.9606876,6.0,3.0,0.0,19.095705,1.0,1.0,1.0,296.0,1.0,1.0,0.0,0.0,23.0,1,1716721525.5374615,synthetic_004,test
25.765781,75.58075,-0.87720454,0.6,1.0,1.9361057,5.2059693,6.0,3.0,0.0,15.657973,1.0,1.0,1.0,401.0,1.0,1.0,0.0,0.0,22.0,1,1716721530.5374615,synthetic_004,test
27.716139,77.82681,-3.1864336,0.4,0.4,1.8849378,5.2059693,5.0,4.0,0.0,14.658039,1.0,1.0,1.0,379.0,1.0,1.0,1.0,1.0,22.0,1,1716721535.5374615,synthetic_004,test
10.675014,22.557074,1.4422497,0.35,0.4,2.0447893,5.2059693,5.0,4.0,1.0,18.402277,1.0,2.0,2.0,358.0,1.0,1.0,1.0,1.0,2.0,1,1716721540.5374615,synthetic_004,test
10.675014,22.557074,1.4422497,0.35,0.4,2.0447893,5.2059693,5.0,4.0,1.0,18.402277,1.0,2.0,2.0,358.0,1.0,1.0,1.0,1.0,2.0,1,1716721545.5374615,synthetic_004,test
11.117295,23.424206,0.866373,0.37777779,0.4,2.273952,9.197631,4.0,4.0,0.0,25.002043,1.0,2.0,2.0,334.0,1.0,1.0,1.0,1.0,2.0,1,1716721550.5374615,synthetic_004,test
11.869683,24.279602,-1.0491045,0.36666667,0.5,2.663393,9.197631,5.0,4.0,0.0,28.593193,0.0,2.0,2.0,311.0,1.0,1.0,1.0,1.0,9.0,1,1716721555.5374615,synthetic_004,test
6.271753,14.946523,-1.8655676,0.475,0.75,3.3464456,9.197631,5.0,4.0,1.0,26.679184,0.0,3.0,3.0,234.0,1.0,1.0,1.0,1.0,17.0,1,1716721560.5374615,synthetic_004,test
5.1981854,13.600123,-1.7383343,0.6666667,1.0,2.7512887,9.197631,4.0,3.0,0.0,26.192776,0.0,3.0,3.0,286.0,1.0,1.0,1.0,1.0,21.0,1,1716721565.5374615,synthetic_004,test
1.4539138,1.9733053,0.1654076,0.55,0.6,3.0467017,9.197631,3.0,3.0,0.0,18.222685,0.0,3.0,3.0,234.0,1.0,1.0,1.0,1.0,21.0,1,1716721570.5374615,synthetic_004,test
3.5146284,6.8810234,1.1154833,0.33333334,0.6,3.0805821,9.197631,4.0,3.0,0.0,24.688774,0.0,4.0,4.0,286.0,1.0,1.0,1.0,1.0,21.0,1,1716721575.5374615,synthetic_004,test
4.1216693,6.494492,0.640843,0.41666666,0.6,2.25954,5.9567757,4.0,3.0,0.0,23.38536,1.0,4.0,4.0,364.0,1.0,1.0,1.0,1.0,19.0,1,1716721580.5374615,synthetic_004,test
4.626178,6.6289506,0.61798567,0.33333334,0.8,2.1558948,5.9567757,3.0,4.0,0.0,19.40011,1.0,4.0,4.0,338.0,1.0,1.0,1.0,1.0,21.0,1,1716721585.5374615,synthetic_004,test
5.1887236,6.6536,0.2373915,0.2,0.4,2.2879343,5.9567757,3.0,4.0,0.0,16.409456,1.0,4.0,4.0,312.0,1.0,1.0,1.0,1.0,19.0,1,1716721590.5374615,synthetic_004,test
5.5897837,6.785172,-0.67397374,0.4,1.0,2.801487,5.9567757,5.0,4.0,0.0,15.44486,1.0,4.0,4.0,286.0,1.0,1.0,0.0,0.0,19.0,1,1716721595.5374615,synthetic_004,test
5.6543937,6.2949533,-0.4203217,0.21666667,0.25,2.407127,5.9567757,5.0,4.0,0.0,19.81643,1.0,4.0,4.0,364.0,1.0,1.0,0.0,0.0,19.0,1,1716721600.5374615,synthetic_004,test
3.5723884,3.8926435,-0.31038198,0.4,0.8,2.0478098,5.6487193,4.0,4.0,0.0,23.620543,1.0,4.0,4.0,390.0,1.0,1.0,0.0,0.0,2.0,1,1716721605.5374615,synthetic_004,test
7.6375303,18.255142,1.1979442,0.35,0.6,1.776764,5.6487193,3.0,4.0,1.0,27.895145,0.0,2.0,2.0,442.0,1.0,1.0,0.0,0.0,14.0,1,1716721610.5374615,synthetic_004,test
22.79532,69.3203,5.3487415,0.4125,0.8,1.6054296,5.6487193,3.0,4.0,1.0,24.854445,0.0,2.0,2.0,494.0,1.0,1.0,0.0,0.0,14.0,1,1716721615.5374615,synthetic_004,test
21.121862,65.991264,3.008017,0.52,1.0,1.5321066,4.1282167,3.0,4.0,1.0,28.692709,0.0,2.0,2.0,546.0,1.0,1.0,1.0,1.0,14.0,1,1716721620.5374615,synthetic_004,test
22.297655,62.010876,1.5144895,0.42,0.6,1.174494,4.1282167,1.0,4.0,1.0,27.036398,0.0,2.0,2.0,624.0,1.0,1.0,1.0,1.0,14.0,1,1716721625.5374615,synthetic_004,test
28.28186,56.33869,0.8439499,0.33333334,0.6,1.0122011,4.1282167,2.0,4.0,1.0,28.891273,0.0,2.0,2.0,780.0,1.0,1.0,1.0,1.0,0.0,1,1716721630.5374615,synthetic_004,test
49.883827,72.280495,1.6263167,0.16666667,0.42857143,0.7529489,4.1282167,2.0,4.0,1.0,29.679365,0.0,2.0,2.0,1092.0,1.0,1.0,1.0,1.0,0.0,1,1716721635.5374615,synthetic_004,test
55.30495,74.24555,1.1257492,0.16666667,0.5,0.68253195,4.1282167,2.0,4.0,1.0,25.464323,0.0,2.0,2.0,1014.0,0.0,1.0,1.0,1.0,0.0,0,1716721640.5374615,synthetic_004,test
60.884537,84.584625,-0.6923764,0.19642857,1.0,0.5906917,6.1464458,1.0,0.0,0.0,11.59765,4.0,0.0,0.0,59.0,0.0,0.0,1.0,1.0,0.0,0,1716720030.5296516,synthetic_005,val
54.060814,79.26178,-0.46354714,0.14285715,0.5,0.74782026,6.1464458,2.0,0.0,0.0,12.529509,4.0,0.0,0.0,62.0,0.0,0.0,1.0,1.0,0.0,1,1716720035.5296516,synthetic_005,val
49.248238,80.791214,-2.1919193,0.26666668,1.0,1.0843897,6.1464458,3.0,4.0,0.0,18.076395,2.0,1.0,1.0,69.0,1.0,1.0,1.0,1.0,0.0,1,1716720040.5296516,synthetic_005,val
31.220768,74.0277,-6.4028687,0.45,1.0,1.8055133,6.1464458,4.0,4.0,0.0,13.813634,1.0,1.0,1.0,48.0,1.0,1.0,1.0,1.0,0.0,1,1716720045.5296516,synthetic_005,val
1.7411171,1.770635,-0.08063472,0.6,1.0,2.9119437,6.1464458,6.0,4.0,0.0,29.039093,0.0,1.0,1.0,33.0,1.0,1.0,1.0,1.0,13.0,1,1716720050.5296516,synthetic_005,val
1.5141978,1.6894221,0.043766584,0.5,0.6,2.9039092,6.1464458,6.0,4.0,0.0,22.892647,0.0,1.0,1.0,30.0,1.0,1.0,1.0,1.0,13.0,1,1716720055.5296516,synthetic_005,val
1.1990572,1.7026006,-0.18707061,0.73333335,1.0,2.6673393,6.2605963,6.0,4.0,1.0,24.623924,0.0,1.0,1.0,33.0,1.0,1.0,1.0,1.0,13.0,1,1716720060.5296516,synthetic_005,val
2.189577,2.8646727,0.34207094,0.46666667,0.8,2.4458044,6.2605963,6.0,4.0,1.0,27.72721,0.0,1.0,1.0,41.0,1.0,1.0,1.0,1.0,13.0,1,1716720065.5296516,synthetic_005,val
2.3195298,3.0482523,0.26295716,0.6666667,1.0,2.5519767,6.2605963,5.0,3.0,1.0,24.16034,0.0,2.0,2.0,36.0,1.0,1.0,1.0,1.0,11.0,1,1716720070.5296516,synthetic_005,val
3.3757813,4.6728077,0.51135,0.5,0.6,2.4179437,6.2605963,5.0,3.0,1.0,25.819141,0.0,2.0,2.0,41.0,1.0,1.0,1.0,1.0,19.0,1,1716720075.5296516,synthetic_005,val
5.5069795,9.955784,1.3710121,0.56666666,0.6,2.2956257,6.2605963,4.0,3.0,0.0,21.286913,0.0,2.0,2.0,44.0,1.0,1.0,1.0,1.0,19.0,1,1716720080.5296516,synthetic_005,val
5.4228706,9.53676,1.041177,0.51111114,0.6,2.3281848,6.2605963,4.0,3.0,0.0,24.005806,0.0,2.0,2.0,48.0,1.0,1.0,1.0,1.0,19.0,1,1716720085.5296516,synthetic_005,val
6.070601,9.7093725,0.16661154,0.43333334,0.5,2.2924964,5.106616,4.0,1.0,0.0,19.856483,1.0,2.0,2.0,47.0,1.0,1.0,1.0,1.0,2.0,1,1716720090.5296516,synthetic_005,val
5.277173,9.9609165,-0.124100365,0.56666666,0.8,2.4928958,6.531739,4.0,2.0,0.0,16.269968,1.0,3.0,3.0,48.0,1.0,1.0,1.0,1.0,2.0,1,1716720095.5296516,synthetic_005,val
5.7435355,10.183489,-0.13964206,0.6,0.6,2.160194,6.531739,4.0,3.0,0.0,17.008926,1.0,4.0,4.0,60.0,1.0,1.0,1.0,1.0,2.0,1,1716720100.5296516,synthetic_005,val
9.047348,18.971949,1.024465,0.65,1.0,2.0683074,6.531739,4.0,3.0,0.0,21.941818,1.0,4.0,4.0,64.0,1.0,1.0,1.0,1.0,27.0,1,1716720105.5296516,synthetic_005,val
7.399955,17.456566,0.6264563,0.575,0.6,1.885395,6.531739,4.0,4.0,1.0,22.43098,2.0,4.0,4.0,69.0,1.0,1.0,1.0,1.0,27.0,1,1716720110.5296516,synthetic_005,val
7.5866046,18.011536,0.6770877,0.5,0.8,1.8333013,6.531739,4.0,4.0,1.0,19.683792,1.0,4.0,4.0,65.0,1.0,1.0,1.0,1.0,27.0,1,1716720115.5296516,synthetic_005,val
8.05544,18.538546,0.29232535,0.6,0.8,2.0552676,6.6821847,4.0,4.0,1.0,17.818,1.0,4.0,4.0,62.0,1.0,1.0,1.0,1.0,12.0,1,1716720120.5296516,synthetic_005,val
9.238191,19.222258,-0.21445408,0.55,0.8,1.9639374,6.6821847,4.0,4.0,0.0,14.583672,1.0,4.0,4.0,60.0,1.0,1.0,1.0,1.0,27.0,1,1716720125.5296516,synthetic_005,val
12.880874,22.845577,0.12429133,0.53333336,0.6,1.8691906,6.6821847,4.0,4.0,0.0,17.67315,1.0,1.0,1.0,69.0,1.0,1.0,1.0,1.0,17.0,1,1716720130.5296516,synthetic_005,val
8.543859,17.06732,0.7930026,0.65,0.75,2.0258539,6.6821847,4.0,4.0,0.0,26.178143,1.0,1.0,1.0,67.0,1.0,1.0,1.0,1.0,27.0,1,1716720135.5296516,synthetic_005,val
9.950266,18.793861,-0.109103285,0.4,0.6,2.430816,6.6821847,3.0,3.0,1.0,20.05679,0.0,1.0,1.0,55.0,1.0,1.0,1.0,0.0,24.0,1,1716720140.5296516,synthetic_005,val
30.49234,78.37298,8.781243,0.4,0.6,2.511572,6.6821847,4.0,3.0,1.0,25.968248,0.0,1.0,1.0,65.0,1.0,1.0,1.0,1.0,17.0,1,1716720145.5296516,synthetic_005,val
28.406939,75.7039,4.5589256,0.48333332,0.6,2.3631778,5.8693395,5.0,3.0,1.0,27.556301,0.0,1.0,1.0,70.0,1.0,1.0,1.0,1.0,17.0,1,1716720150.5296516,synthetic_005,val
29.013226,72.95247,1.8874185,0.4,0.6,2.091541,5.8693395,5.0,3.0,1.0,28.61316,0.0,2.0,2.0,75.0,1.0,1.0,1.0,1.0,17.0,1,1716720155.5296516,synthetic_005,val
31.869287,84.64576,-0.90686727,0.2,0.4,2.9198442,5.8693395,6.0,3.0,1.0,24.842731,1.0,2.0,2.0,55.0,1.0,1.0,1.0,1.0,17.0,1,1716720160.5296516,synthetic_005,val
33.57093,80.34597,-4.906031,0.13333334,0.2,2.4511673,5.8693395,5.0,3.0,1.0,19.89226,2.0,2.0,2.0,60.0,1.0,1.0,1.0,1.0,17.0,1,1716720165.5296516,synthetic_005,val
33.38824,80.4214,-7.4591684,0.13333334,0.2,2.7208273,6.1269145,6.0,3.0,1.0,20.085442,2.0,2.0,2.0,60.0,1.0,1.0,1.0,1.0,17.0,1,1716720170.5296516,synthetic_005,val
12.21055,14.978122,0.9928098,0.3,0.5,2.1359818,6.1269145,5.0,3.0,1.0,20.953304,2.0,2.0,2.0,74.0,1.0,1.0,0.0,0.0,27.0,1,1716720175.5296516,synthetic_005,val
14.10292,15.405032,0.4372289,0.28333333,0.4,2.079898,6.1269145,4.0,3.0,0.0,22.133055,2.0,2.0,2.0,76.0,1.0,1.0,0.0,0.0,27.0,1,1716720180.5296516,synthetic_005,val
13.01261,15.461966,1.4370832,0.26666668,0.6,2.2352285,6.1269145,3.0,1.0,0.0,13.664057,1.0,2.0,2.0,61.0,1.0,1.0,0.0,0.0,27.0,0,1716720185.5296516,synthetic_005,val
11.717262,14.618546,-0.26842645,0.37777779,0.4,2.2307088,8.993086,3.0,1.0,0.0,22.899862,1.0,2.0,2.0,74.0,1.0,1.0,0.0,0.0,27.0,0,1716720190.5296516,synthetic_005,val
20.113972,30.046503,4.2714157,0.26666668,0.4,2.4712644,8.993086,4.0,1.0,0.0,25.999523,0.0,2.0,2.0,77.0,1.0,1.0,0.0,0.0,0.0,0,1716720195.5296516,synthetic_005,val
41.636726,56.34608,8.400017,0.2,0.6,1.6741588,8.993086,3.0,1.0,0.0,24.785309,0.0,2.0,2.0,96.0,1.0,1.0,0.0,0.0,0.0,0,1716720200.5296516,synthetic_005,val
46.842407,61.359276,8.916899,0.24444444,0.4,2.417282,8.993086,4.0,1.0,0.0,25.499199,0.0,2.0,2.0,78.0,1.0,1.0,0.0,0.0,0.0,0,1716720205.5296516,synthetic_005,val
42.084854,60.81586,1.6338621,0.23333333,0.5,2.2590573,8.993086,3.0,3.0,0.0,22.633717,0.0,2.0,2.0,84.0,1.0,1.0,0.0,0.0,0.0,1,1716720210.5296516,synthetic_005,val
39.279198,59.602524,0.27539155,0.26666668,0.6,2.1741652,8.993086,3.0,3.0,0.0,23.61939,0.0,2.0,2.0,90.0,1.0,1.0,1.0,1.0,0.0,1,1716720215.5296516,synthetic_005,val
41.53211,61.16851,-5.6524105,0.31666666,0.75,2.241738,7.803403,4.0,3.0,0.0,25.412037,0.0,2.0,2.0,84.0,1.0,1.0,1.0,1.0,0.0,1,1716720220.5296516,synthetic_005,val
37.179356,60.8606,-6.447314,0.26666668,0.6,2.0565667,7.803403,3.0,3.0,0.0,26.478134,0.0,2.0,2.0,80.0,1.0,1.0,1.0,1.0,0.0,1,1716720225.5296516,synthetic_005,val
7.870293,16.769236,2.4047992,0.4,0.6,3.1842659,7.803403,4.0,3.0,0.0,24.039257,0.0,2.0,2.0,63.0,1.0,1.0,1.0,1.0,23.0,1,1716720230.5296516,synthetic_005,val
8.157635,16.643541,1.607556,0.3,0.6,2.821547,5.8943105,4.0,3.0,0.0,25.667294,0.0,2.0,2.0,64.0,1.0,1.0,1.0,1.0,23.0,1,1716720235.5296516,synthetic_005,val
9.12771,15.869263,0.29524744,0.42222223,0.6666667,2.2988946,5.8943105,5.0,3.0,1.0,28.899958,0.0,2.0,2.0,88.0,1.0,1.0,1.0,1.0,27.0,1,1716720240.5296516,synthetic_005,val
8.475731,15.440621,-0.5461772,0.45,0.75,2.3276136,5.8943105,5.0,3.0,1.0,27.016153,0.0,2.0,2.0,96.0,1.0,1.0,1.0,1.0,27.0,1,1716720245.5296516,synthetic_005,val
11.85233,18.86704,0.34118304,0.35,0.8,1.7078234,5.8943105,3.0,4.0,1.0,27.608486,0.0,2.0,2.0,119.0,0.0,1.0,1.0,1.0,27.0,1,1716720250.5296516,synthetic_005,val
15.668188,31.745068,3.2735097,0.35,0.8,1.7705663,5.8943105,3.0,4.0,1.0,22.781475,1.0,2.0,2.0,121.0,1.0,1.0,1.0,1.0,27.0,1,1716720255.5296516,synthetic_005,val
15.548431,31.803495,2.6655772,0.475,0.6,1.6934835,4.864941,3.0,4.0,1.0,21.717356,1.0,2.0,2.0,122.0,1.0,1.0,1.0,1.0,27.0,1,1716720260.5296516,synthetic_005,val
16.34062,32.67282,2.881817,0.6,1.0,1.5383127,4.864941,2.0,4.0,1.0,17.279554,1.0,2.0,2.0,115.0,1.0,1.0,1.0,1.0,27.0,1,1716720265.5296516,synthetic_005,val
17.722298,35.845776,1.5716472,0.44444445,0.8,2.0249805,8.899201,2.0,4.0,0.0,14.506761,1.0,2.0,2.0,98.0,1.0,1.0,1.0,1.0,26.0,1,1716720270.5296516,synthetic_005,val
19.314806,36.960987,-0.3630225,0.36666667,0.5,2.6070824,8.899201,3.0,4.0,0.0,14.538335,1.0,2.0,2.0,93.0,1.0,1.0,1.0,1.0,27.0,1,1716720275.5296516,synthetic_005,val
15.701616,38.2709,-5.090066,0.4,0.6,3.024034,8.899201,3.0,4.0,1.0,24.864946,1.0,3.0,3.0,85.0,1.0,0.0,1.0,1.0,19.0,1,1716720280.5296516,synthetic_005,val
7.3997073,13.116187,1.6427634,0.33333334,0.6,2.7467186,8.899201,3.0,4.0,1.0,20.970005,1.0,4.0,4.0,96.0,1.0,0.0,0.0,0.0,19.0,1,1716720285.5296516,synthetic_005,val
7.76394,12.337719,0.619629,0.37777779,0.4,2.3830552,8.899201,3.0,4.0,1.0,13.588011,1.0,4.0,4.0,115.0,1.0,0.0,0.0,0.0,5.0,1,1716720290.5296516,synthetic_005,val
7.330649,11.599032,0.24726288,0.35,0.6,2.4078488,8.899201,4.0,4.0,1.0,14.81319,1.0,4.0,4.0,142.0,1.0,0.0,0.0,0.0,3.0,1,1716720295.5296516,synthetic_005,val
9.644867,14.943478,0.7077494,0.475,0.6,1.9396226,8.6468725,3.0,4.0,1.0,11.447865,2.0,4.0,4.0,153.0,1.0,1.0,0.0,0.0,3.0,1,1716720300.5296516,synthetic_005,val
10.160934,15.276299,0.6428723,0.4,0.6,1.5204195,4.592983,2.0,4.0,1.0,11.157917,2.0,4.0,4.0,144.0,1.0,1.0,0.0,0.0,11.0,1,1716720305.5296516,synthetic_005,val
10.91509,16.061333,0.016383566,0.43333334,0.6,1.8952249,6.59119,3.0,4.0,1.0,14.541294,2.0,4.0,4.0,127.0,1.0,1.0,0.0,0.0,8.0,1,1716720310.5296516,synthetic_005,val
10.029935,14.561511,1.1667367,0.33333334,0.6,2.3691907,6.59119,4.0,4.0,0.0,14.284952,1.0,2.0,2.0,120.0,1.0,1.0,0.0,0.0,8.0,0,1716720315.5296516,synthetic_005,val
10.436036,15.43426,1.007521,0.26666668,0.6,2.5903778,6.59119,4.0,4.0,1.0,17.382671,1.0,2.0,2.0,103.0,1.0,1.0,0.0,0.0,8.0,0,1716720320.5296516,synthetic_005,val
10.057193,16.005716,-0.95414335,0.3,0.4,2.9548619,6.59119,4.0,4.0,1.0,22.99532,1.0,2.0,2.0,96.0,1.0,1.0,0.0,0.0,8.0,0,1716720325.5296516,synthetic_005,val
12.153116,18.957481,2.07925,0.3,0.6,3.0837471,6.59119,5.0,4.0,1.0,14.547769,1.0,2.0,2.0,100.0,1.0,0.0,0.0,0.0,8.0,0,1716720330.5296516,synthetic_005,val
11.514065,17.346344,0.59734327,0.31111112,0.6,2.7121265,6.59119,6.0,4.0,1.0,19.846008,1.0,2.0,2.0,130.0,1.0,0.0,0.0,0.0,17.0,0,1716720335.5296516,synthetic_005,val
11.98681,16.703953,0.10964633,0.28333333,0.4,2.4269874,6.5258346,6.0,4.0,1.0,17.647709,2.0,2.0,2.0,140.0,1.0,0.0,0.0,0.0,8.0,0,1716720340.5296516,synthetic_005,val
9.832782,16.361357,-0.3634037,0.43333334,0.5,2.2498596,5.621405,5.0,4.0,1.0,18.291628,2.0,2.0,2.0,140.0,1.0,1.0,0.0,0.0,23.0,0,1716720345.5296516,synthetic_005,val
9.751938,16.395466,-0.75827074,0.43333334,0.6,2.3374507,5.621405,5.0,4.0,0.0,17.423296,1.0,2.0,2.0,140.0,1.0,1.0,0.0,0.0,23.0,0,1716720350.5296516,synthetic_005,val
22.232252,49.219032,2.001417,0.3,0.4,1.750067,4.619953,4.0,4.0,1.0,15.088455,1.0,2.0,2.0,160.0,1.0,1.0,0.0,0.0,17.0,0,1716720355.5296516,synthetic_005,val
20.941404,53.744946,2.6771736,0.42222223,0.6666667,2.16085,5.7419434,4.0,4.0,1.0,21.23505,1.0,2.0,2.0,130.0,1.0,1.0,0.0,0.0,17.0,0,1716720360.5296516,synthetic_005,val
22.505522,58.46462,1.6225915,0.26666668,0.4,2.4659035,5.7419434,4.0,4.0,0.0,22.504986,0.0,2.0,2.0,110.0,1.0,1.0,1.0,0.0,14.0,0,1716720365.5296516,synthetic_005,val
23.010172,61.604633,-0.83991766,0.4,0.4,2.6624968,5.7419434,4.0,4.0,0.0,23.632313,0.0,2.0,2.0,100.0,1.0,1.0,1.0,0.0,14.0,0,1716720370.5296516,synthetic_005,val
28.762714,68.48619,-7.1284504,0.26666668,0.33333334,2.7693949,5.7419434,4.0,4.0,0.0,17.884491,0.0,2.0,2.0,80.0,1.0,1.0,1.0,0.0,15.0,0,1716720375.5296516,synthetic_005,val
27.043318,60.75034,-6.828124,0.2,0.4,2.8491938,9.097986,4.0,4.0,0.0,26.86456,0.0,2.0,2.0,100.0,1.0,1.0,1.0,0.0,11.0,0,1716720380.5296516,synthetic_005,val
7.015655,11.251965,2.2688606,0.35,0.5,4.1028476,9.097986,5.0,4.0,0.0,22.97799,0.0,2.0,2.0,70.0,1.0,0.0,1.0,0.0,11.0,0,1716720385.5296516,synthetic_005,val
7.263088,11.089852,0.7005217,0.25,0.5,4.2723236,9.097986,5.0,4.0,0.0,26.452206,0.0,2.0,2.0,70.0,0.0,0.0,1.0,0.0,11.0,0,1716720390.5296516,synthetic_005,val
7.0757236,11.175286,-0.38723102,0.1,0.2,4.5715766,9.097986,5.0,4.0,0.0,27.189636,0.0,2.0,2.0,70.0,0.0,0.0,0.0,0.0,11.0,0,1716720395.5296516,synthetic_005,val
7.839331,12.040199,-1.535899,0.1,0.2,4.5316057,9.097986,4.0,4.0,0.0,18.091648,0.0,2.0,2.0,60.0,0.0,0.0,0.0,0.0,4.0,0,1716720400.5296516,synthetic_005,val
6.9771414,11.22537,-1.6065793,0.1,0.2,4.8345017,9.097986,5.0,4.0,1.0,24.743526,0.0,3.0,3.0,70.0,0.0,0.0,0.0,0.0,16.0,0,1716720405.5296516,synthetic_005,val
1.305406,1.025651,0.02418963,0.6,1.0,5.076153,6.9282775,5.0,3.0,0.0,26.351835,0.0,3.0,3.0,60.0,0.0,0.0,0.0,0.0,16.0,1,1716720410.5296516,synthetic_005,val
1.305406,1.025651,-0.42337814,0.6,1.0,5.3176537,6.9282775,5.0,4.0,0.0,24.977646,0.0,3.0,3.0,60.0,0.0,1.0,1.0,0.0,16.0,1,1716720415.5296516,synthetic_005,val
1.016734,1.1208823,-0.5245395,0.7,1.0,5.1935153,6.6518764,5.0,4.0,0.0,25.612263,0.0,3.0,3.0,60.0,0.0,1.0,1.0,0.0,2.0,1,1716720420.5296516,synthetic_005,val
3.544491,6.594708,1.2170583,0.55,0.6,3.15234,6.6518764,4.0,4.0,1.0,21.719183,0.0,3.0,3.0,90.0,1.0,1.0,1.0,0.0,2.0,1,1716720425.5296516,synthetic_005,val
3.0922277,5.8259244,0.3398691,0.56666666,0.6,2.969626,6.6518764,5.0,4.0,1.0,28.983635,0.0,3.0,3.0,120.0,1.0,1.0,1.0,0.0,2.0,1,1716720430.5296516,synthetic_005,val
6.836646,13.730131,1.1672437,0.625,0.8,1.9002585,6.1834464,4.0,4.0,1.0,21.972242,1.0,3.0,3.0,170.0,1.0,1.0,1.0,0.0,2.0,1,1716720435.5296516,synthetic_005,val
7.242348,14.07186,0.9870139,0.5,0.8,1.9869719,6.710008,4.0,4.0,1.0,19.678097,1.0,3.0,3.0,160.0,1.0,1.0,1.0,0.0,25.0,1,1716720440.5296516,synthetic_005,val
7.765363,13.511255,0.6886982,0.45,0.8,1.7273628,6.710008,3.0,4.0,1.0,14.999937,1.0,3.0,3.0,170.0,1.0,1.0,0.0,0.0,25.0,1,1716720445.5296516,synthetic_005,val
8.250698,13.800469,0.6323037,0.4,0.6,1.4488575,6.710008,2.0,4.0,1.0,13.596061,1.0,3.0,3.0,160.0,1.0,1.0,0.0,0.0,25.0,1,1716720450.5296516,synthetic_005,val
12.065395,20.632494,2.0857558,0.4,0.8,2.3248856,11.937571,3.0,4.0,0.0,16.661758,1.0,3.0,3.0,140.0,1.0,1.0,0.0,0.0,17.0,1,1716720455.5296516,synthetic_005,val
12.933182,21.193762,0.63726264,0.37777779,0.8,2.354051,11.937571,2.0,4.0,0.0,22.589403,1.0,3.0,3.0,130.0,1.0,1.0,1.0,1.0,1.0,1,1716720460.5296516,synthetic_005,val
41.665485,85.112434,9.020708,0.23333333,0.5,2.6433349,11.937571,2.0,4.0,0.0,25.01001,0.0,1.0,1.0,120.0,1.0,1.0,1.0,1.0,17.0,1,1716720465.5296516,synthetic_005,val
33.727325,77.2338,0.30411896,0.33333334,0.8,1.9220936,11.937571,1.0,4.0,0.0,27.612923,0.0,1.0,1.0,150.0,1.0,1.0,1.0,1.0,17.0,1,1716720470.5296516,synthetic_005,val
34.98402,80.0495,-2.386203,0.46666667,1.0,2.3121264,11.937571,2.0,4.0,0.0,20.4322,0.0,1.0,1.0,140.0,1.0,1.0,1.0,1.0,17.0,1,1716720475.5296516,synthetic_005,val
28.297514,71.21497,-2.8423843,0.43333334,1.0,2.0867724,11.937571,2.0,4.0,0.0,24.20076,1.0,1.0,1.0,180.0,1.0,1.0,1.0,1.0,17.0,1,1716720480.5296516,synthetic_005,val
38.78521,87.97499,0.76964873,0.4,0.8,1.5643506,6.666069,1.0,4.0,1.0,21.203909,2.0,2.0,2.0,180.0,1.0,1.0,1.0,1.0,17.0,1,1716720485.5296516,synthetic_005,val
40.485306,87.517426,-1.4065424,0.35,0.8,1.5878736,6.666069,2.0,4.0,1.0,19.488317,2.0,2.0,2.0,180.0,1.0,1.0,1.0,1.0,2.0,1,1716720490.5296516,synthetic_005,val
19.962011,61.681046,2.1608152,0.6,1.0,1.8709863,6.666069,3.0,4.0,1.0,14.189924,2.0,2.0,2.0,160.0,1.0,1.0,1.0,0.0,2.0,1,1716720495.5296516,synthetic_005,val
25.973314,70.8963,1.1829423,0.53333336,1.0,2.176199,6.666069,3.0,4.0,0.0,9.724159,2.0,2.0,2.0,120.0,1.0,1.0,0.0,0.0,2.0,1,1716720500.5296516,synthetic_005,val
26.106337,70.84462,-0.9352413,0.36666667,0.5,2.247151,7.5174932,3.0,4.0,0.0,15.287729,2.0,2.0,2.0,120.0,1.0,1.0,0.0,0.0,2.0,1,1716720505.5296516,synthetic_005,val
36.71213,86.529854,-15.50103,0.33333334,0.6666667,2.7217095,7.5174932,3.0,4.0,0.0,16.712461,1.0,2.0,2.0,80.0,1.0,0.0,0.0,0.0,20.0,1,1716720510.5296516,synthetic_005,val
5.891133,11.923884,-2.4628348,0.2,0.4,4.166627,10.114593,4.0,4.0,0.0,23.790203,0.0,1.0,1.0,70.0,1.0,0.0,0.0,0.0,22.0,1,1716720515.5296516,synthetic_005,val
3.589511,6.000661,1.6301997,0.2,0.4,4.3116407,10.114593,4.0,4.0,0.0,26.684385,0.0,2.0,2.0,70.0,1.0,0.0,0.0,0.0,22.0,1,1716720520.5296516,synthetic_005,val
4.339032,7.0768833,1.2549514,0.2,0.2,5.2915487,10.114593,3.0,4.0,1.0,18.940252,0.0,3.0,3.0,50.0,1.0,0.0,0.0,0.0,6.0,1,1716720525.5296516,synthetic_005,val
3.8892622,6.4249187,0.33159778,0.1,0.2,5.6288304,10.114593,4.0,4.0,1.0,26.25549,0.0,3.0,3.0,60.0,1.0,0.0,0.0,0.0,6.0,1,1716720530.5296516,synthetic_005,val
3.623216,6.5702634,-0.6826081,0.6,1.0,5.170367,10.114593,4.0,4.0,1.0,20.907608,0.0,3.0,3.0,60.0,1.0,0.0,0.0,0.0,21.0,1,1716720535.5296516,synthetic_005,val
3.614023,5.5733585,-0.26842764,0.26666668,0.33333334,4.7694554,10.114593,5.0,4.0,1.0,28.04105,0.0,3.0,3.0,80.0,1.0,0.0,0.0,0.0,24.0,1,1716720540.5296516,synthetic_005,val
3.4657226,5.662258,-0.8296982,0.36666667,0.4,4.137345,7.315238,5.0,2.0,0.0,27.050396,0.0,3.0,3.0,80.0,1.0,0.0,0.0,0.0,8.0,0,1716720545.5296516,synthetic_005,val
1.2590427,1.7753985,0.042783394,0.7,1.0,4.270369,7.315238,5.0,2.0,0.0,27.824152,0.0,3.0,3.0,70.0,1.0,1.0,0.0,0.0,20.0,0,1716720550.5296516,synthetic_005,val
1.4341738,1.8794904,-0.13733558,0.575,0.75,3.7088819,7.315238,5.0,2.0,0.0,26.0647,0.0,2.0,2.0,90.0,1.0,1.0,0.0,0.0,20.0,0,1716720555.5296516,synthetic_005,val
3.8219428,8.329555,1.2449216,0.6,0.6,2.8427985,5.0577073,4.0,2.0,0.0,23.661274,0.0,2.0,2.0,100.0,1.0,1.0,0.0,0.0,20.0,0,1716720560.5296516,synthetic_005,val
3.3571162,7.624907,0.23425208,0.6666667,1.0,2.5818467,5.808421,4.0,2.0,0.0,26.528034,0.0,2.0,2.0,120.0,1.0,1.0,0.0,0.0,8.0,1,1716720565.5296516,synthetic_005,val
3.4676542,8.003146,0.39963514,0.46666667,0.8,2.3848732,5.808421,3.0,2.0,0.0,21.175898,0.0,2.0,2.0,110.0,1.0,1.0,0.0,0.0,21.0,1,1716720570.5296516,synthetic_005,val
3.8144197,8.3484955,0.3016699,0.6,0.8,2.1175897,5.808421,2.0,2.0,0.0,17.624844,0.0,2.0,2.0,100.0,1.0,1.0,0.0,0.0,21.0,1,1716720575.5296516,synthetic_005,val
8.926147,20.019527,2.2762144,0.5,0.6,2.350294,9.862993,2.0,2.0,0.0,25.272602,0.0,2.0,2.0,120.0,1.0,1.0,0.0,0.0,21.0,1,1716720580.5296516,synthetic_005,val
9.365409,20.935919,0.8224397,0.6666667,1.0,2.7139535,9.862993,3.0,0.0,0.0,27.935434,0.0,1.0,1.0,110.0,1.0,1.0,0.0,0.0,21.0,1,1716720585.5296516,synthetic_005,val
14.04973,31.661816,3.23462,0.5555556,0.6666667,2.422639,9.862993,3.0,2.0,0.0,25.685884,0.0,1.0,1.0,130.0,1.0,1.0,1.0,0.0,21.0,1,1716720590.5296516,synthetic_005,val
16.316174,32.381725,1.6014528,0.33333334,0.6,2.338084,9.862993,2.0,2.0,0.0,25.672123,0.0,1.0,1.0,122.0,1.0,1.0,1.0,0.0,26.0,1,1716720595.5296516,synthetic_005,val
15.896867,32.573143,0.46097657,0.5,0.6,2.4214053,9.862993,3.0,4.0,0.0,19.193869,0.0,1.0,1.0,123.0,1.0,1.0,1.0,0.0,26.0,1,1716720600.5296516,synthetic_005,val
14.113558,30.333466,-0.3536905,0.5,0.6,2.6315966,9.862993,4.0,4.0,0.0,26.979359,0.0,2.0,2.0,145.0,1.0,1.0,1.0,1.0,26.0,1,1716720605.5296516,synthetic_005,val
11.69275,29.418335,0.35819486,0.4,0.8,2.387606,6.0278687,3.0,4.0,0.0,21.089169,0.0,2.0,2.0,115.0,1.0,1.0,1.0,1.0,26.0,1,1716720610.5296516,synthetic_005,val
12.862024,30.739029,-1.8609568,0.5,0.6,3.1187043,12.129122,3.0,4.0,0.0,29.460472,0.0,2.0,2.0,106.0,1.0,1.0,1.0,1.0,16.0,1,1716720615.5296516,synthetic_005,val
4.2434793,4.082383,-0.11695722,0.36666667,0.4,3.9465377,12.129122,3.0,4.0,0.0,28.78949,0.0,2.0,2.0,88.0,1.0,0.0,1.0,1.0,14.0,1,1716720620.5296516,synthetic_005,val
2.341784,3.3681555,-0.0008250739,0.6333333,0.6666667,3.9151673,12.129122,3.0,4.0,0.0,27.9366,0.0,2.0,2.0,88.0,1.0,1.0,1.0,1.0,24.0,1,1716720625.5296516,synthetic_005,val
7.52123,13.881518,1.1410679,0.5,0.6,2.8376725,12.129122,3.0,3.0,0.0,28.0242,0.0,3.0,3.0,132.0,1.0,1.0,1.0,1.0,5.0,1,1716720630.5296516,synthetic_005,val
7.584305,14.557255,0.6250456,0.6666667,1.0,2.9043262,12.129122,3.0,4.0,0.0,19.818466,0.0,3.0,3.0,121.0,1.0,1.0,1.0,1.0,5.0,1,1716720635.5296516,synthetic_005,val
8.601139,15.250057,0.2885513,0.45,0.8,2.2849905,12.129122,3.0,4.0,0.0,21.376888,1.0,3.0,3.0,176.0,1.0,1.0,1.0,1.0,5.0,1,1716720640.5296516,synthetic_005,val
9.174548,15.60575,0.104636885,0.53333336,0.6,1.6287153,5.681009,2.0,4.0,0.0,19.8145,1.0,3.0,3.0,165.0,1.0,1.0,1.0,1.0,5.0,1,1716720645.5296516,synthetic_005,val
8.380757,15.905775,-0.5108193,0.6666667,0.8,1.8078295,5.77134,3.0,4.0,0.0,18.586275,1.0,3.0,3.0,165.0,1.0,1.0,1.0,1.0,5.0,1,1716720650.5296516,synthetic_005,val
8.979383,16.32991,-1.4575669,0.65,0.8,2.0071452,5.77134,4.0,4.0,0.0,16.093216,1.0,3.0,3.0,155.0,1.0,1.0,1.0,1.0,5.0,1,1716720655.5296516,synthetic_005,val
5.419087,13.443697,-1.7141246,0.8,0.8,2.6583474,5.77134,4.0,4.0,0.0,12.541478,1.0,2.0,2.0,112.0,1.0,1.0,0.0,0.0,11.0,1,1716720660.5296516,synthetic_005,val
5.9662066,12.52943,-1.1094508,0.6333333,0.8,2.2575614,5.77134,4.0,2.0,0.0,20.104416,1.0,2.0,2.0,137.0,0.0,1.0,0.0,0.0,22.0,1,1716720665.5296516,synthetic_005,val
2.231884,4.9510984,0.6380493,0.65,0.8,3.1289957,5.77134,5.0,3.0,1.0,22.389622,0.0,2.0,2.0,106.0,0.0,1.0,1.0,1.0,26.0,1,1716720670.5296516,synthetic_005,val
1.5451504,4.1823177,-0.010389849,0.8,1.0,2.701691,5.77134,6.0,3.0,1.0,29.350643,0.0,2.0,2.0,154.0,1.0,1.0,1.0,1.0,11.0,1,1716720675.5296516,synthetic_005,val
1.9133337,4.2451663,-0.09963163,0.6888889,0.8,2.4974947,5.246706,5.0,3.0,1.0,27.852213,0.0,1.0,1.0,156.0,1.0,1.0,1.0,1.0,11.0,1,1716720680.5296516,synthetic_005,val
1.9133337,4.2451663,-0.23629832,0.6888889,1.0,2.2637281,5.246706,4.0,3.0,1.0,24.829556,0.0,1.0,1.0,156.0,1.0,1.0,1.0,1.0,11.0,1,1716720685.5296516,synthetic_005,val
3.1823032,6.259325,0.20921588,0.65,0.8,2.2329388,5.821798,4.0,3.0,1.0,26.014439,0.0,1.0,1.0,168.0,1.0,1.0,1.0,1.0,19.0,1,1716720690.5296516,synthetic_005,val
1.9391884,5.296755,0.2155659,0.78333336,0.8,2.3465152,5.821798,5.0,3.0,1.0,28.379185,0.0,3.0,3.0,169.0,1.0,1.0,1.0,1.0,19.0,1,1716720695.5296516,synthetic_005,val
2.124962,5.488234,0.26780415,0.75555557,0.8,2.3820875,5.821798,5.0,3.0,1.0,27.277267,0.0,3.0,3.0,158.0,1.0,1.0,1.0,1.0,19.0,1,1716720700.5296516,synthetic_005,val
2.8552086,5.8718367,-0.17274559,0.73333335,1.0,2.4854972,5.821798,5.0,4.0,1.0,24.833355,0.0,3.0,3.0,136.0,1.0,1.0,1.0,1.0,19.0,1,1716720705.5296516,synthetic_005,val
3.3040528,6.397939,-0.02096261,0.6333333,0.8,2.511732,5.821798,6.0,4.0,1.0,28.564533,0.0,3.0,3.0,151.0,1.0,1.0,1.0,1.0,19.0,1,1716720710.5296516,synthetic_005,val
11.411179,28.690435,2.9694812,0.56666666,0.8,2.4185712,5.821798,7.0,4.0,1.0,28.038198,0.0,3.0,3.0,178.0,1.0,1.0,1.0,1.0,19.0,1,1716720715.5296516,synthetic_005,val
12.672313,28.79812,3.2419534,0.48333332,0.6,2.0869386,5.1937633,6.0,4.0,1.0,26.158272,0.0,3.0,3.0,180.0,1.0,1.0,1.0,0.0,19.0,1,1716720720.5296516,synthetic_005,val
13.647106,29.73266,1.6154583,0.4888889,0.6666667,2.1353214,5.465642,5.0,4.0,0.0,23.960768,0.0,3.0,3.0,169.0,1.0,1.0,1.0,0.0,23.0,1,1716720725.5296516,synthetic_005,val
14.127651,27.14941,0.6508443,0.35,0.6,1.9293363,5.465642,5.0,4.0,1.0,27.697117,0.0,3.0,3.0,208.0,1.0,1.0,1.0,1.0,23.0,1,1716720730.5296516,synthetic_005,val
15.009756,27.857338,-0.22687314,0.4,0.6,2.1128004,5.465642,5.0,4.0,1.0,26.49824,0.0,2.0,2.0,195.0,1.0,1.0,1.0,1.0,23.0,1,1716720735.5296516,synthetic_005,val
16.49279,29.641165,-2.1751077,0.26666668,0.6,2.2858272,5.465642,5.0,4.0,1.0,28.665388,0.0,2.0,2.0,169.0,1.0,1.0,1.0,1.0,23.0,1,1716720740.5296516,synthetic_005,val
28.774162,78.74905,7.761741,0.36666667,0.5,2.172189,5.465642,4.0,4.0,1.0,29.041975,0.0,2.0,2.0,182.0,1.0,1.0,1.0,1.0,10.0,1,1716720745.5296516,synthetic_005,val
31.39993,78.7849,6.431755,0.4,0.6,2.1487684,5.465642,5.0,4.0,1.0,26.765884,0.0,2.0,2.0,195.0,1.0,1.0,1.0,1.0,10.0,1,1716720750.5296516,synthetic_005,val
33.64278,81.26048,4.8105183,0.36666667,0.5,2.1176186,5.245588,5.0,4.0,1.0,27.060799,0.0,2.0,2.0,182.0,1.0,1.0,1.0,1.0,2.0,1,1716720755.5296516,synthetic_005,val
34.655388,81.261856,-0.18486325,0.35,0.4,1.9968778,5.245588,5.0,4.0,1.0,23.799313,0.0,2.0,2.0,182.0,1.0,1.0,1.0,1.0,2.0,1,1716720760.5296516,synthetic_005,val
37.099133,84.042885,-1.4529512,0.37777779,0.4,1.8307164,5.245588,4.0,3.0,1.0,18.553724,0.0,2.0,2.0,169.0,1.0,1.0,1.0,1.0,19.0,1,1716720765.5296516,synthetic_005,val
30.092821,76.6632,-4.2471642,0.6,1.0,1.886977,8.086038,4.0,4.0,1.0,28.529951,0.0,2.0,2.0,209.0,1.0,1.0,1.0,1.0,19.0,1,1716720770.5296516,synthetic_005,val
14.412105,30.275257,-2.6882317,0.6,1.0,2.016773,8.086038,4.0,4.0,1.0,23.932451,0.0,2.0,2.0,157.0,1.0,1.0,1.0,1.0,16.0,1,1716720775.5296516,synthetic_005,val
8.424178,13.759438,-0.12440482,0.51111114,0.8,2.4016025,8.924055,4.0,4.0,1.0,27.48532,0.0,2.0,2.0,174.0,1.0,1.0,1.0,0.0,16.0,1,1716720780.5296516,synthetic_005,val
21.699455,48.58343,3.2977426,0.45,0.8,1.6290245,8.924055,3.0,4.0,1.0,28.767216,0.0,2.0,2.0,273.0,1.0,1.0,1.0,1.0,16.0,1,1716720785.5296516,synthetic_005,val
21.648434,52.4973,4.4505787,0.525,0.8,1.694145,8.924055,2.0,4.0,1.0,20.714426,0.0,2.0,2.0,235.0,1.0,1.0,1.0,1.0,15.0,1,1716720790.5296516,synthetic_005,val
16.864368,46.708107,1.0335747,0.64,1.0,1.7054856,8.924055,4.0,4.0,1.0,29.434647,0.0,2.0,2.0,305.0,1.0,1.0,1.0,1.0,8.0,1,1716720795.5296516,synthetic_005,val
19.051016,48.603836,-0.1148356,0.5,0.6,1.5311066,8.924055,4.0,4.0,1.0,21.698076,0.0,2.0,2.0,280.0,1.0,1.0,1.0,1.0,25.0,1,1716720800.5296516,synthetic_005,val
17.481441,46.513023,-0.4741798,0.5,0.6,1.6245849,8.924055,5.0,4.0,1.0,26.816813,0.0,2.0,2.0,308.0,1.0,1.0,1.0,1.0,21.0,1,1716720805.5296516,synthetic_005,val
16.310818,47.737907,-1.656821,0.64,1.0,1.4236133,4.0097117,5.0,4.0,1.0,28.640795,0.0,3.0,3.0,294.0,1.0,1.0,1.0,1.0,21.0,1,1716720810.5296516,synthetic_005,val
1.3886452,2.4229217,-0.0026478053,0.73333335,1.0,1.9077468,4.0097117,5.0,4.0,1.0,23.362495,0.0,3.0,3.0,182.0,1.0,1.0,1.0,1.0,8.0,1,1716720815.5296516,synthetic_005,val
4.741487,13.108324,0.9097775,0.575,0.8,1.9577488,5.6395316,6.0,2.0,1.0,29.272018,0.0,3.0,3.0,238.0,1.0,1.0,1.0,1.0,8.0,0,1716720820.5296516,synthetic_005,val
5.9701962,14.886014,0.89172226,0.5555556,0.6666667,2.01177,5.6395316,4.0,2.0,1.0,24.598743,0.0,3.0,3.0,182.0,1.0,1.0,1.0,1.0,21.0,0,1716720825.5296516,synthetic_005,val
6.0113,16.282465,1.4666462,0.73333335,1.0,1.9466959,5.6395316,3.0,2.0,0.0,19.654942,0.0,3.0,3.0,154.0,1.0,1.0,1.0,1.0,21.0,0,1716720830.5296516,synthetic_005,val
5.4826984,15.625443,0.2591023,0.6333333,0.8,2.497311,9.652353,4.0,3.0,1.0,28.99096,0.0,3.0,3.0,168.0,1.0,0.0,1.0,1.0,6.0,0,1716720835.5296516,synthetic_005,val
6.914329,16.929815,-0.96307915,0.5,0.6,2.8764665,9.652353,4.0,3.0,1.0,23.125134,0.0,3.0,3.0,140.0,1.0,0.0,1.0,1.0,6.0,0,1716720840.5296516,synthetic_005,val
6.2857537,16.19577,-1.036597,0.6666667,1.0,2.8435647,9.652353,4.0,3.0,1.0,25.63968,0.0,3.0,3.0,154.0,1.0,1.0,1.0,1.0,6.0,0,1716720845.5296516,synthetic_005,val
2.2158406,5.3289657,0.7189943,0.53333336,1.0,2.725042,9.652353,4.0,3.0,1.0,28.38396,0.0,3.0,3.0,154.0,1.0,1.0,1.0,0.0,14.0,0,1716720850.5296516,synthetic_005,val
2.4374247,5.5635505,0.81093633,0.7,0.8,2.838396,9.652353,4.0,3.0,1.0,18.731607,0.0,3.0,3.0,140.0,1.0,1.0,1.0,0.0,14.0,0,1716720855.5296516,synthetic_005,val
3.7586231,5.976656,0.88370365,0.46666667,0.8,2.9681737,9.652353,5.0,3.0,1.0,28.933907,0.0,3.0,3.0,182.0,1.0,1.0,1.0,0.0,14.0,0,1716720860.5296516,synthetic_005,val
4.457552,6.283858,0.9054459,0.33333334,0.8,2.5847306,8.05302,4.0,3.0,0.0,24.85092,0.0,3.0,3.0,154.0,0.0,1.0,1.0,0.0,14.0,0,1716720865.5296516,synthetic_005,val
4.939914,5.930461,0.55997586,0.41666666,1.0,2.1795678,8.05302,3.0,4.0,0.0,27.999401,0.0,3.0,3.0,196.0,1.0,1.0,1.0,0.0,3.0,0,1716720870.5296516,synthetic_005,val
6.3219275,9.059864,0.5262488,0.425,0.8,1.9281029,8.05302,4.0,4.0,1.0,28.567734,0.0,3.0,3.0,238.0,1.0,1.0,1.0,0.0,3.0,0,1716720875.5296516,synthetic_005,val
7.246503,9.193318,0.24105424,0.24444444,0.4,2.0630546,8.05302,3.0,4.0,1.0,17.3231,1.0,2.0,2.0,182.0,1.0,1.0,1.0,0.0,3.0,0,1716720880.5296516,synthetic_005,val
6.847875,8.957704,0.03339238,0.21666667,0.4,2.4302723,8.05302,4.0,4.0,1.0,22.260681,1.0,2.0,2.0,196.0,1.0,1.0,1.0,1.0,3.0,0,1716720885.5296516,synthetic_005,val
6.5885777,9.418989,0.22738868,0.31111112,0.4,2.183921,7.2041035,4.0,4.0,1.0,17.219341,1.0,2.0,2.0,182.0,1.0,1.0,1.0,1.0,3.0,0,1716720890.5296516,synthetic_005,val
40.970863,67.62383,3.5331326,0.2,0.4,1.2957244,7.2041035,4.0,4.0,1.0,19.299776,1.0,3.0,3.0,336.0,1.0,1.0,1.0,1.0,0.0,0,1716720895.5296516,synthetic_005,val
45.705906,71.20358,2.4551241,0.36,1.0,1.3602061,7.2041035,5.0,4.0,1.0,20.690603,1.0,3.0,3.0,294.0,1.0,1.0,1.0,1.0,0.0,0,1716720900.5296516,synthetic_005,val
48.50053,74.304565,-0.98173195,0.2875,0.75,1.4113069,7.2041035,4.0,4.0,1.0,24.157387,0.0,3.0,3.0,266.0,1.0,1.0,1.0,1.0,0.0,0,1716720905.5296516,synthetic_005,val
46.04124,73.152016,-2.79406,0.3,0.8,1.6659245,7.2041035,6.0,4.0,0.0,26.11439,0.0,3.0,3.0,280.0,1.0,1.0,1.0,1.0,0.0,1,1716720910.5296516,synthetic_005,val
44.254505,71.778244,-4.0640187,0.44,1.0,1.3982568,6.0282454,5.0,4.0,0.0,25.63491,0.0,3.0,3.0,294.0,1.0,1.0,1.0,1.0,0.0,1,1716720915.5296516,synthetic_005,val
45.879383,73.22437,-6.540783,0.3,0.6,1.478538,6.0282454,5.0,3.0,0.0,26.37379,0.0,3.0,3.0,280.0,1.0,1.0,1.0,1.0,0.0,1,1716720920.5296516,synthetic_005,val
4.9802732,11.0231495,1.0413775,0.56666666,0.8,2.5269058,6.0282454,4.0,3.0,0.0,27.1929,0.0,3.0,3.0,168.0,1.0,1.0,1.0,1.0,16.0,1,1716720925.5296516,synthetic_005,val
15.059031,41.78504,3.1143677,0.525,0.6,1.9166448,6.0282454,3.0,4.0,0.0,29.878649,0.0,3.0,3.0,238.0,1.0,1.0,1.0,1.0,26.0,1,1716720930.5296516,synthetic_005,val
18.952278,44.980824,1.7827442,0.5,0.6,1.7287683,6.0282454,3.0,4.0,1.0,28.547121,0.0,3.0,3.0,280.0,1.0,1.0,1.0,1.0,26.0,1,1716720935.5296516,synthetic_005,val
18.943932,42.493626,0.5498403,0.50666666,0.8,1.2780275,4.776828,1.0,4.0,1.0,28.21649,0.0,1.0,1.0,322.0,1.0,1.0,1.0,1.0,26.0,1,1716720940.5296516,synthetic_005,val
18.926502,42.47612,-0.07691265,0.44,0.8,1.3926787,4.776828,2.0,4.0,1.0,27.254782,0.0,1.0,1.0,322.0,1.0,1.0,1.0,1.0,26.0,1,1716720945.5296516,synthetic_005,val
18.033226,41.765755,-0.6081725,0.54,0.6,1.1784816,4.1440496,1.0,4.0,1.0,25.643064,0.0,2.0,2.0,336.0,1.0,1.0,1.0,1.0,26.0,1,1716720950.5296516,synthetic_005,val
17.99084,40.91067,-1.0264635,0.48,0.8,1.1955267,5.126203,2.0,4.0,1.0,28.014597,0.0,3.0,3.0,350.0,1.0,1.0,1.0,1.0,26.0,1,1716720955.5296516,synthetic_005,val
13.343724,28.597158,-0.84615433,0.4625,0.6,1.2893741,5.126203,2.0,4.0,1.0,23.939922,0.0,3.0,3.0,266.0,1.0,0.0,1.0,1.0,22.0,1,1716720960.5296516,synthetic_005,val
8.835738,14.884179,0.4064006,0.4,0.6,1.6892041,5.86121,3.0,4.0,1.0,24.412432,0.0,3.0,3.0,210.0,1.0,0.0,1.0,1.0,3.0,0,1716720965.5296516,synthetic_005,val
6.549167,11.96855,0.84540206,0.53333336,1.0,2.4855933,5.9838386,4.0,4.0,1.0,23.197477,0.0,3.0,3.0,154.0,0.0,0.0,1.0,1.0,3.0,0,1716720970.5296516,synthetic_005,val
6.3928647,12.660248,0.59600115,0.4,0.4,2.8630712,7.1751637,4.0,4.0,1.0,27.76764,0.0,3.0,3.0,140.0,1.0,1.0,1.0,1.0,22.0,0,1716720975.5296516,synthetic_005,val
7.1031833,13.215178,-0.7787146,0.35,0.5,3.5829706,7.1751637,5.0,4.0,1.0,27.120533,0.0,3.0,3.0,126.0,1.0,1.0,1.0,1.0,26.0,0,1716720980.5296516,synthetic_005,val
0.7439589,1.0272956,-0.40947178,0.6,0.6,5.479037,7.1751637,5.0,4.0,1.0,21.533974,0.0,3.0,3.0,70.0,1.0,1.0,0.0,0.0,18.0,0,1716720985.5296516,synthetic_005,val
1.1732618,1.3964508,0.13399,0.3,0.6,5.168314,7.1751637,6.0,4.0,1.0,25.148676,0.0,3.0,3.0,84.0,1.0,1.0,0.0,0.0,18.0,0,1716720990.5296516,synthetic_005,val
0.9921264,1.3379513,0.1385804,0.55,0.6,4.9306192,7.1751637,7.0,4.0,1.0,28.530495,0.0,3.0,3.0,98.0,1.0,1.0,0.0,0.0,9.0,0,1716720995.5296516,synthetic_005,val
2.182811,3.5883455,0.72082233,0.53333336,0.6666667,3.8958406,7.1751637,6.0,4.0,0.0,23.99156,0.0,3.0,3.0,112.0,1.0,1.0,0.0,0.0,9.0,0,1716721000.5296516,synthetic_005,val
1.9960659,3.4337287,0.31611004,0.55,0.6,3.4584136,6.145422,6.0,4.0,0.0,26.480923,0.0,3.0,3.0,126.0,1.0,1.0,0.0,0.0,9.0,0,1716721005.5296516,synthetic_005,val
3.576597,5.386947,0.5806291,0.6,1.0,2.8495176,6.145422,5.0,4.0,1.0,22.5937,1.0,3.0,3.0,154.0,1.0,1.0,1.0,1.0,26.0,0,1716721010.5296516,synthetic_005,val
4.3575616,5.8051662,0.53196,0.43333334,0.5,2.4482057,6.145422,4.0,4.0,1.0,17.175846,2.0,3.0,3.0,168.0,0.0,1.0,1.0,1.0,26.0,0,1716721015.5296516,synthetic_005,val
3.8155057,5.571172,0.11115118,0.5,0.6,2.448622,6.145422,4.0,4.0,1.0,14.067644,2.0,3.0,3.0,196.0,1.0,1.0,1.0,1.0,26.0,0,1716721020.5296516,synthetic_005,val
4.2887006,5.898985,-0.094301656,0.5,0.6,2.0762541,5.5184083,2.0,3.0,1.0,9.758236,2.0,3.0,3.0,168.0,1.0,1.0,1.0,1.0,6.0,0,1716721025.5296516,synthetic_005,val
3.4164512,5.3840685,-0.22477803,0.5833333,0.75,2.2430353,6.3803196,3.0,3.0,1.0,16.63977,2.0,3.0,3.0,196.0,1.0,1.0,1.0,1.0,2.0,0,1716721030.5296516,synthetic_005,val
3.804648,5.7352476,-0.5780299,0.56666666,0.8,2.0223613,6.3803196,2.0,3.0,0.0,16.278221,2.0,3.0,3.0,168.0,1.0,1.0,1.0,1.0,2.0,0,1716721035.5296516,synthetic_005,val
2.5373065,4.3668723,-0.3079294,0.6,0.6,3.0360813,10.95625,3.0,3.0,0.0,29.523636,0.0,2.0,2.0,140.0,1.0,1.0,1.0,1.0,2.0,0,1716721040.5296516,synthetic_005,val
1.8980954,3.1653216,0.28293583,0.46666667,0.8,2.9419718,10.95625,3.0,3.0,1.0,22.973156,1.0,2.0,2.0,154.0,1.0,1.0,1.0,1.0,23.0,0,1716721045.5296516,synthetic_005,val
2.5601933,3.7138176,0.42252257,0.46666667,0.8,2.520374,10.95625,2.0,4.0,1.0,11.932084,1.0,2.0,2.0,168.0,0.0,1.0,1.0,1.0,23.0,0,1716721050.5296516,synthetic_005,val
2.4387858,3.5404816,0.17676447,0.6,0.8,2.252209,10.95625,2.0,4.0,1.0,10.961125,2.0,2.0,2.0,210.0,0.0,1.0,1.0,1.0,23.0,0,1716721055.5296516,synthetic_005,val
2.6998432,3.7032669,0.2228643,0.6666667,1.0,2.241769,10.95625,1.0,4.0,0.0,7.4744782,2.0,2.0,2.0,154.0,0.0,1.0,1.0,1.0,23.0,0,1716721060.5296516,synthetic_005,val
2.2844827,3.5293689,-0.02847913,0.6666667,1.0,2.6718667,10.95625,2.0,4.0,0.0,10.974469,2.0,2.0,2.0,182.0,0.0,1.0,1.0,1.0,17.0,0,1716721065.5296516,synthetic_005,val
2.9743361,4.491453,0.19001713,0.65,0.8,2.0278347,7.9689336,2.0,4.0,0.0,13.052993,2.0,2.0,2.0,196.0,1.0,1.0,1.0,1.0,17.0,0,1716721070.5296516,synthetic_005,val
3.004786,4.532717,0.17334454,0.6333333,0.8,2.1205764,7.9689336,3.0,4.0,1.0,19.824545,1.0,2.0,2.0,196.0,1.0,1.0,1.0,1.0,17.0,0,1716721075.5296516,synthetic_005,val
2.525238,4.6155415,0.22837855,0.8,1.0,2.6592853,7.9689336,4.0,4.0,0.0,28.619118,0.0,2.0,2.0,154.0,1.0,1.0,1.0,1.0,6.0,0,1716721080.5296516,synthetic_005,val
2.7507164,4.7658114,0.22926915,0.7,0.8,2.9160614,7.9689336,4.0,4.0,0.0,21.191679,0.0,2.0,2.0,140.0,1.0,1.0,1.0,1.0,10.0,1,1716721085.5296516,synthetic_005,val
2.7507164,4.7658114,0.22926915,0.7,0.8,2.9160614,7.9689336,4.0,4.0,0.0,21.191679,0.0,2.0,2.0,140.0,1.0,1.0,1.0,1.0,10.0,1,1716721090.5296516,synthetic_005,val
3.1987455,4.8687224,-0.2869977,0.55,0.6,3.1610558,9.363696,4.0,4.0,0.0,24.758244,0.0,1.0,1.0,126.0,1.0,1.0,1.0,1.0,22.0,1,1716721095.5296516,synthetic_005,val
1.9333974,3.1784575,-0.077668555,0.525,0.8,3.4852414,9.363696,4.0,4.0,0.0,27.658043,0.0,1.0,1.0,126.0,1.0,1.0,1.0,1.0,10.0,1,1716721100.5296516,synthetic_005,val
3.7880788,8.602272,0.16281088,0.6666667,1.0,2.6346033,9.363696,3.0,4.0,0.0,25.651432,0.0,1.0,1.0,168.0,1.0,1.0,1.0,1.0,10.0,1,1716721105.5296516,synthetic_005,val
4.023285,8.279594,-0.058652055,0.5555556,0.6666667,2.1981046,9.363696,2.0,4.0,1.0,27.275307,0.0,2.0,2.0,182.0,1.0,1.0,1.0,1.0,22.0,1,1716721110.5296516,synthetic_005,val
3.8928072,8.633783,-0.3692317,0.6666667,1.0,2.4308558,9.363696,3.0,4.0,1.0,19.806574,0.0,2.0,2.0,168.0,1.0,1.0,0.0,0.0,22.0,1,1716721115.5296516,synthetic_005,val
3.6188967,7.733342,-0.28558075,0.53333336,0.8,2.485117,9.363696,4.0,4.0,1.0,27.913055,0.0,2.0,2.0,210.0,1.0,1.0,0.0,0.0,22.0,1,1716721120.5296516,synthetic_005,val
9.549521,23.615356,1.8131884,0.53333336,0.8,1.8697356,7.2746534,3.0,4.0,1.0,20.771381,0.0,2.0,2.0,210.0,1.0,1.0,0.0,0.0,22.0,1,1716721125.5296516,synthetic_005,val
10.229751,24.353703,1.3951689,0.48333332,0.6,1.9935192,7.392573,3.0,3.0,1.0,26.165974,0.0,2.0,2.0,196.0,0.0,1.0,1.0,0.0,22.0,1,1716721130.5296516,synthetic_005,val
13.284962,31.197298,4.9666166,0.36666667,0.4,2.8247495,7.392573,3.0,3.0,1.0,20.845085,0.0,2.0,2.0,112.0,0.0,1.0,1.0,0.0,22.0,1,1716721135.5296516,synthetic_005,val
14.368936,33.501274,3.1018925,0.2,0.4,4.303061,10.447361,4.0,1.0,1.0,26.079395,0.0,2.0,2.0,98.0,0.0,1.0,1.0,0.0,26.0,1,1716721140.5296516,synthetic_005,val
14.368936,33.501274,-0.4903415,0.35,0.5,4.396198,10.447361,4.0,1.0,1.0,25.993496,0.0,2.0,2.0,99.0,0.0,1.0,1.0,0.0,26.0,1,1716721145.5296516,synthetic_005,val
14.226522,30.110703,-5.634797,0.475,0.75,3.2648818,10.447361,3.0,3.0,0.0,29.250957,0.0,2.0,2.0,132.0,1.0,1.0,1.0,0.0,23.0,1,1716721150.5296516,synthetic_005,val
4.4479523,9.735811,-0.09978015,0.475,0.75,3.847001,10.447361,4.0,3.0,0.0,27.230436,0.0,2.0,2.0,133.0,1.0,1.0,1.0,0.0,23.0,1,1716721155.5296516,synthetic_005,val
6.374622,9.19736,0.52215296,0.33333334,0.6,2.5901458,10.447361,3.0,4.0,0.0,20.63439,0.0,2.0,2.0,179.0,1.0,1.0,1.0,0.0,23.0,1,1716721160.5296516,synthetic_005,val
5.744254,8.645068,0.08683497,0.41666666,0.6,2.5996935,10.447361,4.0,4.0,1.0,25.948349,0.0,2.0,2.0,209.0,1.0,1.0,1.0,0.0,3.0,1,1716721165.5296516,synthetic_005,val
6.6959233,8.96262,0.089082606,0.425,0.6,1.8729831,5.3720517,3.0,4.0,0.0,27.146725,0.0,2.0,2.0,255.0,1.0,1.0,1.0,0.0,3.0,1,1716721170.5296516,synthetic_005,val
7.2757635,9.12235,0.038225893,0.4,0.6,1.5887684,5.3720517,2.0,4.0,0.0,29.367224,0.0,2.0,2.0,300.0,1.0,1.0,1.0,1.0,3.0,1,1716721175.5296516,synthetic_005,val
6.858923,7.7057557,-0.023750953,0.375,0.6,1.7321786,5.3720517,2.0,4.0,0.0,24.074984,0.0,2.0,2.0,255.0,1.0,1.0,1.0,1.0,3.0,1,1716721180.5296516,synthetic_005,val
6.548154,7.6129274,-0.28303504,0.38333333,0.6,1.543724,3.429682,2.0,4.0,0.0,26.776646,0.0,2.0,2.0,270.0,1.0,1.0,1.0,1.0,4.0,1,1716721185.5296516,synthetic_005,val
14.427875,23.080387,2.4250436,0.35,0.6,1.6305447,4.75871,3.0,4.0,0.0,26.291777,0.0,2.0,2.0,271.0,1.0,1.0,1.0,1.0,4.0,1,1716721190.5296516,synthetic_005,val
15.045743,23.636774,2.0211325,0.425,0.6,1.7013055,4.8863497,3.0,4.0,1.0,26.75324,0.0,2.0,2.0,257.0,1.0,1.0,1.0,1.0,4.0,0,1716721195.5296516,synthetic_005,val
17.01676,26.469893,3.4294555,0.44444445,0.6,1.7715255,4.8863497,3.0,4.0,1.0,21.713667,0.0,2.0,2.0,197.0,1.0,1.0,1.0,1.0,4.0,0,1716721200.5296516,synthetic_005,val
17.91586,28.439451,1.9471902,0.26666668,0.6,2.5891192,8.0987425,4.0,4.0,0.0,26.054852,0.0,2.0,2.0,169.0,1.0,1.0,0.0,0.0,19.0,0,1716721205.5296516,synthetic_005,val
16.877869,27.362423,-1.2532623,0.26666668,0.4,2.5885797,8.0987425,4.0,4.0,0.0,27.633274,0.0,2.0,2.0,187.0,1.0,1.0,1.0,1.0,19.0,0,1716721210.5296516,synthetic_005,val
18.317192,28.208397,-4.056894,0.2,0.4,2.9310699,8.0987425,4.0,4.0,1.0,27.483059,0.0,3.0,3.0,173.0,1.0,1.0,1.0,1.0,22.0,0,1716721215.5296516,synthetic_005,val
3.0154488,2.709135,0.3701855,0.2,0.4,3.9401817,8.0987425,4.0,4.0,1.0,26.635103,0.0,3.0,3.0,128.0,1.0,1.0,1.0,1.0,22.0,0,1716721220.5296516,synthetic_005,val
3.0154488,2.709135,-0.20418571,0.26666668,0.33333334,3.6339848,8.0987425,3.0,4.0,1.0,20.973135,0.0,3.0,3.0,128.0,1.0,1.0,1.0,1.0,22.0,0,1716721225.5296516,synthetic_005,val
2.72383,2.573978,-0.264217,0.3,0.4,3.5200872,8.0987425,4.0,4.0,1.0,27.10213,0.0,3.0,3.0,162.0,1.0,1.0,1.0,1.0,22.0,0,1716721230.5296516,synthetic_005,val
2.583509,2.4359756,-0.15416983,0.35,0.5,3.1664243,4.8908615,4.0,4.0,1.0,26.059652,0.0,3.0,3.0,147.0,1.0,1.0,1.0,1.0,13.0,0,1716721235.5296516,synthetic_005,val
1.4599093,1.5964575,-0.2667764,0.53333336,0.6666667,3.5058446,4.8908615,5.0,4.0,0.0,23.155895,0.0,3.0,3.0,133.0,1.0,1.0,0.0,0.0,5.0,0,1716721240.5296516,synthetic_005,val
2.130343,3.7912028,0.40340722,0.6,0.8,2.8898861,4.69377,5.0,3.0,0.0,24.205091,0.0,3.0,3.0,168.0,1.0,1.0,0.0,0.0,12.0,0,1716721245.5296516,synthetic_005,val
2.0829833,4.0180387,0.5902047,0.675,0.75,2.6894546,4.0335526,4.0,3.0,0.0,21.768316,0.0,3.0,3.0,152.0,1.0,1.0,0.0,0.0,12.0,0,1716721250.5296516,synthetic_005,val
1.8746849,3.845084,0.08838798,0.7,0.8,2.8921075,6.8097277,5.0,3.0,0.0,25.068388,0.0,2.0,2.0,170.0,1.0,1.0,0.0,0.0,12.0,1,1716721255.5296516,synthetic_005,val
5.8528724,10.686969,1.1105869,0.51111114,0.8,2.4527864,6.8097277,5.0,2.0,0.0,28.510155,0.0,2.0,2.0,221.0,1.0,1.0,1.0,1.0,19.0,1,1716721260.5296516,synthetic_005,val
6.5931067,10.95377,0.60624206,0.65,1.0,1.9416382,6.8097277,4.0,4.0,0.0,27.23985,0.0,2.0,2.0,272.0,1.0,1.0,1.0,1.0,19.0,1,1716721265.5296516,synthetic_005,val
7.2457933,11.077584,0.2509574,0.46666667,0.8,1.8866148,6.8097277,4.0,4.0,0.0,24.265669,0.0,1.0,1.0,255.0,1.0,1.0,1.0,1.0,19.0,1,1716721270.5296516,synthetic_005,val
7.0882635,11.310722,-0.42382687,0.43333334,0.5,2.171356,6.8097277,5.0,4.0,0.0,23.589256,0.0,1.0,1.0,238.0,1.0,1.0,1.0,1.0,19.0,1,1716721275.5296516,synthetic_005,val
6.6157126,11.051876,-0.5215659,0.46666667,0.6,2.1985514,6.8097277,5.0,4.0,0.0,26.168545,0.0,1.0,1.0,255.0,1.0,1.0,1.0,1.0,19.0,1,1716721280.5296516,synthetic_005,val
7.633515,11.579484,-1.3476602,0.42222223,0.6666667,1.9865781,5.420154,4.0,4.0,0.0,20.405361,0.0,1.0,1.0,221.0,1.0,1.0,1.0,1.0,19.0,1,1716721285.5296516,synthetic_005,val
4.8475614,8.628686,-2.2408297,0.53333336,0.6666667,2.0914211,4.5688195,3.0,4.0,0.0,16.253452,0.0,1.0,1.0,136.0,1.0,1.0,1.0,0.0,20.0,1,1716721290.5296516,synthetic_005,val
3.677716,5.888837,1.3881129,0.46666667,0.6,4.0540547,15.261767,4.0,1.0,0.0,25.094252,1.0,1.0,1.0,136.0,1.0,1.0,1.0,0.0,20.0,1,1716721295.5296516,synthetic_005,val
3.4069908,5.65644,0.7984605,0.525,0.8,3.5956264,15.261767,3.0,2.0,0.0,18.527878,2.0,1.0,1.0,153.0,1.0,1.0,1.0,0.0,20.0,1,1716721300.5296516,synthetic_005,val
3.7501225,5.9146843,0.5532135,0.46666667,0.6,3.8282676,15.261767,2.0,3.0,0.0,14.023426,2.0,2.0,2.0,136.0,0.0,1.0,1.0,0.0,15.0,1,1716721305.5296516,synthetic_005,val
4.2858543,6.17538,0.29408848,0.3,0.6,4.006693,15.261767,2.0,3.0,0.0,5.4793215,2.0,2.0,2.0,119.0,0.0,0.0,1.0,0.0,15.0,1,1716721310.5296516,synthetic_005,val
3.9580648,5.791976,-0.022467313,0.3,0.6,4.407549,15.261767,3.0,3.0,0.0,7.499483,2.0,2.0,2.0,136.0,1.0,0.0,1.0,0.0,15.0,1,1716721315.5296516,synthetic_005,val
7.858013,10.231664,1.1389011,0.37777779,0.6,3.332106,15.261767,4.0,3.0,1.0,17.264992,2.0,4.0,4.0,222.0,1.0,0.0,1.0,0.0,17.0,1,1716721320.5296516,synthetic_005,val
8.305982,10.247079,0.77670556,0.26666668,0.4,2.3705006,7.213538,3.0,3.0,1.0,25.179186,1.0,4.0,4.0,208.0,1.0,1.0,0.0,0.0,15.0,1,1716721325.5296516,synthetic_005,val
11.423817,13.187581,1.0440457,0.36666667,0.5,2.1034787,7.213538,4.0,4.0,1.0,23.340471,0.0,4.0,4.0,246.0,1.0,1.0,0.0,0.0,17.0,1,1716721330.5296516,synthetic_005,val
10.531259,13.148708,0.047631197,0.46666667,0.6,2.0084684,7.213538,4.0,4.0,1.0,21.385921,1.0,4.0,4.0,265.0,1.0,1.0,1.0,0.0,17.0,1,1716721335.5296516,synthetic_005,val
9.581698,12.618203,-0.25801998,0.475,0.6,2.040621,7.213538,4.0,4.0,1.0,22.628134,1.0,4.0,4.0,301.0,1.0,1.0,1.0,0.0,17.0,1,1716721340.5296516,synthetic_005,val
9.94802,11.501506,-0.29842094,0.4,0.6,1.6505125,6.411018,3.0,4.0,1.0,17.289501,1.0,4.0,4.0,356.0,1.0,1.0,1.0,0.0,17.0,1,1716721345.5296516,synthetic_005,val
8.029421,10.839162,-0.1782824,0.55,1.0,1.6177901,4.3555584,2.0,4.0,1.0,12.596473,1.0,4.0,4.0,288.0,1.0,1.0,1.0,0.0,14.0,1,1716721350.5296516,synthetic_005,val
9.149396,13.021962,-0.0014724302,0.55,1.0,1.9416556,4.968515,4.0,4.0,1.0,18.666452,1.0,3.0,3.0,291.0,1.0,1.0,1.0,0.0,22.0,1,1716721355.5296516,synthetic_005,val
10.130291,16.094294,1.2033708,0.35,0.6,1.7489512,4.968515,3.0,3.0,1.0,27.436228,1.0,3.0,3.0,333.0,1.0,1.0,1.0,0.0,0.0,1,1716721360.5296516,synthetic_005,val
10.726191,16.383656,0.7586159,0.375,0.5,1.6330171,4.968515,3.0,3.0,1.0,25.636784,0.0,3.0,3.0,316.0,1.0,1.0,0.0,0.0,0.0,1,1716721365.5296516,synthetic_005,val
11.697375,16.90974,0.30722097,0.41666666,0.6666667,1.5756652,4.968515,4.0,3.0,1.0,27.478502,0.0,3.0,3.0,337.0,1.0,1.0,0.0,0.0,0.0,1,1716721370.5296516,synthetic_005,val
11.52118,18.79521,-0.049096838,0.53333336,0.8,1.6837043,4.968515,4.0,3.0,1.0,24.324183,0.0,2.0,2.0,284.0,0.0,1.0,0.0,0.0,0.0,1,1716721375.5296516,synthetic_005,val
20.075687,39.88409,1.5064106,0.5,0.8,1.6348112,5.122691,5.0,4.0,1.0,22.182167,1.0,2.0,2.0,380.0,1.0,1.0,1.0,0.0,0.0,1,1716721380.5296516,synthetic_005,val
20.276968,41.687466,1.3051182,0.51666665,0.6666667,1.6064091,5.122691,4.0,4.0,1.0,19.93842,1.0,2.0,2.0,342.0,1.0,1.0,1.0,0.0,0.0,1,1716721385.5296516,synthetic_005,val
16.520655,43.27034,-0.45272696,0.75,1.0,1.8954673,5.122691,4.0,4.0,1.0,15.334172,1.0,2.0,2.0,304.0,1.0,1.0,1.0,0.0,15.0,1,1716721390.5296516,synthetic_005,val
16.731707,40.54447,-0.82093114,0.5,0.8,1.7260826,5.122691,3.0,4.0,1.0,18.545364,1.0,3.0,3.0,345.0,1.0,1.0,1.0,0.0,15.0,1,1716721395.5296516,synthetic_005,val
17.975496,41.411175,-1.108455,0.56666666,0.8,1.6978959,5.122691,3.0,4.0,1.0,23.446089,1.0,3.0,3.0,348.0,1.0,1.0,1.0,0.0,15.0,1,1716721400.5296516,synthetic_005,val
16.937761,38.505177,-1.4222558,0.6,1.0,1.5528054,5.122691,3.0,4.0,1.0,24.868488,1.0,3.0,3.0,409.0,1.0,1.0,1.0,0.0,6.0,1,1716721405.5296516,synthetic_005,val
25.174967,45.11039,3.295709,0.36,0.8,1.310804,4.7867413,2.0,4.0,1.0,25.36175,0.0,3.0,3.0,466.0,1.0,1.0,0.0,0.0,0.0,1,1716721410.5296516,synthetic_005,val
25.154095,45.121464,2.7753081,0.36,0.8,1.3600966,5.920472,2.0,4.0,1.0,29.32337,0.0,3.0,3.0,469.0,1.0,1.0,0.0,0.0,0.0,1,1716721415.5296516,synthetic_005,val
27.916384,46.388065,1.4834782,0.4,1.0,1.4288374,5.920472,3.0,4.0,1.0,27.741745,0.0,3.0,3.0,437.0,1.0,1.0,0.0,0.0,0.0,0,1716721420.5296516,synthetic_005,val
28.185793,46.335136,0.2527779,0.24,0.6,1.433666,5.920472,3.0,4.0,1.0,26.380512,0.0,3.0,3.0,443.0,1.0,1.0,0.0,0.0,0.0,1,1716721425.5296516,synthetic_005,val
28.353863,47.88336,-0.62711275,0.2,0.6,1.6096795,5.920472,3.0,3.0,1.0,28.668701,0.0,3.0,3.0,405.0,1.0,1.0,0.0,0.0,0.0,1,1716721430.5296516,synthetic_005,val
31.92394,51.347527,-3.9092257,0.1,0.2,1.8107337,5.920472,3.0,3.0,1.0,26.391544,0.0,3.0,3.0,348.0,1.0,0.0,0.0,0.0,0.0,1,1716721435.5296516,synthetic_005,val
6.831654,7.3655624,0.051433947,0.3,0.5,2.5368268,5.920472,4.0,3.0,1.0,24.521452,0.0,3.0,3.0,269.0,1.0,0.0,0.0,0.0,13.0,1,1716721440.5296516,synthetic_005,val
9.278763,11.139527,0.7691812,0.2,0.4,2.2644665,5.1337805,4.0,3.0,1.0,27.8796,0.0,3.0,3.0,293.0,1.0,1.0,0.0,0.0,13.0,1,1716721445.5296516,synthetic_005,val
9.97931,11.283935,0.38011572,0.13333334,0.4,2.163443,5.1337805,3.0,3.0,0.0,25.401197,0.0,3.0,3.0,272.0,1.0,1.0,0.0,0.0,13.0,1,1716721450.5296516,synthetic_005,val
7.9862685,11.607091,1.3061138,0.2,0.4,2.6650965,5.1337805,4.0,2.0,0.0,21.517185,0.0,3.0,3.0,229.0,1.0,1.0,0.0,0.0,4.0,1,1716721455.5296516,synthetic_005,val
20.129192,50.4069,4.644128,0.42222223,0.6666667,2.2116208,5.2286415,4.0,4.0,0.0,25.889637,0.0,3.0,3.0,299.0,1.0,1.0,1.0,1.0,20.0,1,1716721460.5296516,synthetic_005,val
18.859499,47.094406,1.904531,0.46666667,0.6,2.1210406,5.2286415,5.0,4.0,0.0,27.68514,0.0,3.0,3.0,345.0,1.0,1.0,1.0,1.0,20.0,1,1716721465.5296516,synthetic_005,val
21.639034,52.61208,-0.067404546,0.5,0.8,2.2727468,5.2286415,4.0,4.0,0.0,22.671614,0.0,2.0,2.0,276.0,1.0,1.0,1.0,1.0,25.0,1,1716721470.5296516,synthetic_005,val
18.466642,52.679382,-1.7503264,0.56666666,0.8,2.4444382,5.2286415,4.0,4.0,0.0,22.979757,1.0,2.0,2.0,276.0,1.0,1.0,1.0,1.0,20.0,1,1716721475.5296516,synthetic_005,val
20.595766,51.461525,-0.6595984,0.6666667,0.8,2.073711,5.2286415,4.0,4.0,0.0,15.903527,1.0,2.0,2.0,348.0,1.0,1.0,1.0,1.0,17.0,1,1716721480.5296516,synthetic_005,val
20.598858,51.46037,-1.6220256,0.6666667,0.8,2.0683553,5.2286415,4.0,4.0,0.0,13.758234,1.0,2.0,2.0,349.0,1.0,1.0,1.0,1.0,17.0,1,1716721485.5296516,synthetic_005,val
11.348052,28.477549,1.9722462,0.46666667,0.8,2.1628585,4.611431,3.0,3.0,0.0,12.592043,1.0,2.0,2.0,257.0,1.0,1.0,1.0,1.0,6.0,1,1716721490.5296516,synthetic_005,val
9.6444025,28.086014,0.23335317,0.4,0.8,2.8307743,9.355698,3.0,3.0,0.0,25.726692,1.0,2.0,2.0,262.0,1.0,1.0,1.0,1.0,6.0,1,1716721495.5296516,synthetic_005,val
10.608843,29.41263,-0.33182257,0.5,0.6,2.829936,9.355698,3.0,3.0,0.0,23.68793,0.0,2.0,2.0,239.0,1.0,1.0,1.0,1.0,6.0,1,1716721500.5296516,synthetic_005,val
11.207255,27.805079,-1.6695954,0.26666668,0.6,2.8000429,9.355698,4.0,3.0,0.0,28.896345,0.0,2.0,2.0,268.0,1.0,1.0,1.0,1.0,6.0,1,1716721505.5296516,synthetic_005,val
3.9026732,4.2563415,0.59211373,0.225,0.25,3.441019,9.355698,4.0,2.0,0.0,26.44972,0.0,2.0,2.0,223.0,0.0,1.0,1.0,1.0,11.0,1,1716721510.5296516,synthetic_005,val
3.6076522,4.441605,0.22797856,0.35,0.5,3.324649,9.355698,4.0,2.0,0.0,20.566143,0.0,2.0,2.0,224.0,0.0,1.0,1.0,1.0,11.0,1,1716721515.5296516,synthetic_005,val
3.246887,4.3402057,-0.03097844,0.4,0.6,3.8047326,9.355698,5.0,2.0,0.0,28.691628,0.0,2.0,2.0,249.0,0.0,1.0,1.0,1.0,11.0,1,1716721520.5296516,synthetic_005,val
2.8669262,4.6145744,-0.7971658,0.6,1.0,3.3597026,8.125484,5.0,4.0,0.0,24.710537,0.0,2.0,2.0,225.0,0.0,1.0,0.0,0.0,11.0,1,1716721525.5296516,synthetic_005,val
4.0563874,6.908817,-0.080531925,0.5555556,0.8,2.7034268,8.125484,6.0,4.0,1.0,29.617762,0.0,2.0,2.0,325.0,1.0,1.0,0.0,0.0,17.0,1,1716721530.5296516,synthetic_005,val
4.159145,7.7393517,0.46698034,0.6333333,0.8,2.340497,8.125484,4.0,4.0,1.0,26.384407,0.0,2.0,2.0,300.0,1.0,1.0,0.0,0.0,17.0,1,1716721535.5296516,synthetic_005,val
6.993907,16.970232,0.8356901,0.75,1.0,1.9886208,8.125484,5.0,4.0,1.0,28.345812,0.0,2.0,2.0,400.0,1.0,1.0,0.0,0.0,17.0,1,1716721540.5296516,synthetic_005,val
10.009168,19.78879,1.4151033,0.5,0.8,1.8233764,8.125484,4.0,4.0,1.0,22.871914,0.0,2.0,2.0,425.0,1.0,1.0,0.0,0.0,17.0,1,1716721545.5296516,synthetic_005,val
9.604746,19.27447,0.71275496,0.53333336,0.6,1.6772238,4.4515786,4.0,4.0,1.0,25.865068,0.0,2.0,2.0,450.0,1.0,1.0,0.0,0.0,17.0,1,1716721550.5296516,synthetic_005,val
11.403734,18.618168,0.47347426,0.45,0.6,1.4549103,4.4515786,3.0,3.0,1.0,28.575214,0.0,2.0,2.0,500.0,1.0,1.0,0.0,0.0,3.0,1,1716721555.5296516,synthetic_005,val
11.545559,19.235083,0.027564656,0.43333334,0.6,1.5330602,4.4515786,2.0,3.0,1.0,26.887966,0.0,2.0,2.0,450.0,1.0,1.0,0.0,0.0,12.0,1,1716721560.5296516,synthetic_005,val
11.382763,19.198837,-0.21621646,0.46666667,0.6666667,1.6773982,4.4515786,3.0,3.0,1.0,25.741589,0.0,2.0,2.0,450.0,1.0,1.0,0.0,0.0,12.0,1,1716721565.5296516,synthetic_005,val
10.809623,15.330845,-0.98873234,0.31111112,0.4,2.0047765,4.3962827,3.0,2.0,0.0,23.635612,0.0,2.0,2.0,325.0,1.0,1.0,1.0,1.0,12.0,1,1716721570.5296516,synthetic_005,val
8.665412,11.82999,0.56347847,0.33333334,0.4,2.1624534,6.0034146,4.0,3.0,1.0,29.514969,0.0,4.0,4.0,375.0,0.0,1.0,1.0,1.0,12.0,1,1716721575.5296516,synthetic_005,val
9.823137,12.726323,0.060514048,0.5,1.0,1.6393862,6.0034146,3.0,3.0,1.0,24.505884,0.0,5.0,5.0,400.0,1.0,1.0,1.0,1.0,12.0,1,1716721580.5296516,synthetic_005,val
8.498412,13.127817,0.70682114,0.53333336,1.0,1.8215798,6.0034146,3.0,3.0,1.0,20.061497,0.0,5.0,5.0,300.0,1.0,1.0,1.0,1.0,19.0,1,1716721585.5296516,synthetic_005,val
7.3311434,12.971597,-0.5520234,0.6,1.0,2.5003538,10.159152,5.0,3.0,1.0,28.341782,0.0,5.0,5.0,325.0,1.0,1.0,1.0,1.0,19.0,1,1716721590.5296516,synthetic_005,val
7.2454743,12.46053,-0.29155737,0.45,0.8,1.9689014,10.159152,4.0,3.0,1.0,28.202875,0.0,6.0,6.0,400.0,1.0,1.0,1.0,1.0,19.0,1,1716721595.5296516,synthetic_005,val
7.486048,12.859354,-0.45713714,0.6,1.0,1.8801917,10.159152,3.0,3.0,1.0,22.19946,0.0,6.0,6.0,375.0,1.0,1.0,0.0,0.0,10.0,1,1716721600.5296516,synthetic_005,val
19.456322,55.071613,4.507181,0.7,0.8,1.9334688,10.159152,3.0,4.0,0.0,26.667477,0.0,6.0,6.0,350.0,1.0,1.0,0.0,0.0,13.0,1,1716721605.5296516,synthetic_005,val
18.651531,57.234604,3.3718674,0.8,1.0,2.6171184,10.159152,4.0,4.0,0.0,23.863386,0.0,6.0,6.0,325.0,1.0,0.0,1.0,0.0,8.0,1,1716721610.5296516,synthetic_005,val
17.319279,55.214706,2.164593,0.8,1.0,2.6965756,10.159152,5.0,4.0,0.0,27.592907,0.0,6.0,6.0,350.0,1.0,1.0,1.0,0.0,8.0,1,1716721615.5296516,synthetic_005,val
17.864054,53.063725,-0.78103065,0.6666667,0.8,1.8504183,7.2185297,3.0,4.0,0.0,27.674534,0.0,6.0,6.0,375.0,1.0,1.0,1.0,0.0,8.0,1,1716721620.5296516,synthetic_005,val
19.658325,59.48924,-6.1016054,0.6333333,0.8,2.5785024,7.2185297,4.0,4.0,0.0,24.742186,0.0,2.0,2.0,300.0,1.0,1.0,1.0,0.0,26.0,1,1716721625.5296516,synthetic_005,val
18.54972,57.09669,-5.269234,0.5777778,0.8,2.5560982,7.2185297,4.0,4.0,1.0,27.02943,0.0,2.0,2.0,325.0,1.0,1.0,1.0,0.0,26.0,1,1716721630.5296516,synthetic_005,val
3.3339188,5.7600713,0.36395857,0.6,0.8,2.5337293,7.2185297,3.0,4.0,1.0,18.118761,0.0,2.0,2.0,250.0,1.0,1.0,1.0,0.0,26.0,1,1716721635.5296516,synthetic_005,val
8.701859,17.55593,1.8434955,0.5,0.6,2.086203,8.896855,3.0,4.0,1.0,25.477322,0.0,2.0,2.0,350.0,1.0,1.0,1.0,0.0,26.0,1,1716721640.5296516,synthetic_005,val
9.371234,18.085886,1.9696825,0.44444445,0.6,1.9597939,8.896855,2.0,4.0,0.0,23.922344,0.0,2.0,2.0,325.0,1.0,0.0,1.0,0.0,26.0,1,1716721645.5296516,synthetic_005,val
9.6335125,20.448702,2.8489983,0.5,0.6,2.852897,8.896855,3.0,4.0,1.0,25.940088,0.0,2.0,2.0,250.0,1.0,0.0,0.0,0.0,14.0,1,1716721650.5296516,synthetic_005,val
11.716667,22.634926,3.5813162,0.53333336,0.6666667,2.6659842,8.896855,2.0,4.0,0.0,19.040627,0.0,2.0,2.0,200.0,1.0,0.0,0.0,0.0,14.0,1,1716721655.5296516,synthetic_005,val
11.427193,20.441574,1.2160298,0.4,0.6,3.1167974,9.046768,3.0,4.0,0.0,22.27112,0.0,1.0,1.0,250.0,1.0,1.0,1.0,0.0,26.0,1,1716721660.5296516,synthetic_005,val
32.393623,76.91756,6.803835,0.33333334,0.6,2.4128597,9.046768,3.0,4.0,0.0,27.296038,0.0,1.0,1.0,375.0,1.0,1.0,1.0,1.0,6.0,1,1716721665.5296516,synthetic_005,val
32.146046,79.30668,0.77419555,0.38333333,0.75,2.17792,9.046768,2.0,4.0,0.0,23.38527,0.0,1.0,1.0,353.0,1.0,1.0,1.0,1.0,16.0,1,1716721670.5296516,synthetic_005,val
30.002977,76.87123,-0.17461728,0.4,0.8,2.2900097,9.046768,3.0,4.0,0.0,27.244534,0.0,1.0,1.0,379.0,1.0,1.0,1.0,1.0,16.0,1,1716721675.5296516,synthetic_005,val
46.287575,88.23166,3.1424248,0.24,0.6,1.546497,9.046768,3.0,4.0,1.0,23.429668,0.0,3.0,3.0,536.0,1.0,1.0,1.0,1.0,0.0,1,1716721680.5296516,synthetic_005,val
68.182526,101.95003,2.1461284,0.16666667,0.5,1.0417728,9.046768,3.0,4.0,1.0,23.1207,2.0,3.0,3.0,966.0,1.0,1.0,1.0,1.0,0.0,1,1716721685.5296516,synthetic_005,val
77.21615,106.21146,1.9786685,0.16666667,0.6666667,0.73146576,3.8592644,2.0,4.0,1.0,17.21758,2.0,3.0,3.0,974.0,1.0,1.0,1.0,1.0,0.0,0,1716721690.5296516,synthetic_005,val
60.0802,79.9071,-0.870899,0.2,0.7,0.4847628,4.5053916,1.0,4.0,0.0,29.93264,0.0,2.0,2.0,0.0,1.0,0.0,1.0,0.0,0.0,1,1716720030.1226518,synthetic_006,train
60.711113,87.93753,-2.4216378,0.30357143,1.0,0.60021985,4.5053916,2.0,4.0,1.0,29.743008,0.0,3.0,3.0,0.0,1.0,1.0,1.0,0.0,0.0,1,1716720035.1226518,synthetic_006,train
39.84945,73.397255,-3.2402947,0.37142858,1.0,0.781915,4.5053916,2.0,4.0,1.0,25.662296,0.0,3.0,3.0,0.0,1.0,1.0,1.0,0.0,0.0,1,1716720040.1226518,synthetic_006,train
30.721241,62.513058,-4.1054125,0.36666667,0.8,1.0351981,6.106487,3.0,4.0,1.0,26.434614,0.0,3.0,3.0,0.0,1.0,1.0,1.0,0.0,0.0,1,1716720045.1226518,synthetic_006,train
1.9154564,4.4377813,0.09632462,0.64444447,0.8,2.275856,7.7533703,4.0,4.0,1.0,29.062193,0.0,3.0,3.0,0.0,1.0,1.0,1.0,0.0,18.0,1,1716720050.1226518,synthetic_006,train
2.4504251,4.939403,0.13231471,0.6,0.8,2.8911376,7.7533703,4.0,4.0,1.0,24.405983,0.0,3.0,3.0,0.0,1.0,1.0,1.0,0.0,18.0,1,1716720055.1226518,synthetic_006,train
1.6186665,1.9409448,0.70198756,0.3,0.6,3.8163645,7.7533703,4.0,3.0,0.0,22.955156,0.0,3.0,3.0,0.0,1.0,1.0,1.0,0.0,4.0,1,1716720060.1226518,synthetic_006,train
2.308163,1.7504495,0.5117391,0.1,0.2,4.405754,7.7533703,4.0,3.0,0.0,25.723629,0.0,1.0,1.0,0.0,1.0,1.0,1.0,0.0,4.0,1,1716720065.1226518,synthetic_006,train
2.7697954,1.4939234,0.20309453,0.0,0.0,5.144726,7.7533703,4.0,0.0,0.0,19.617142,0.0,1.0,1.0,0.0,1.0,1.0,1.0,0.0,4.0,1,1716720070.1226518,synthetic_006,train
3.844564,3.3162293,0.8482717,0.0,0.0,5.071519,9.604005,4.0,2.0,0.0,22.675743,0.0,1.0,1.0,0.0,1.0,1.0,1.0,1.0,4.0,1,1716720075.1226518,synthetic_006,train
10.02039,16.392843,4.6521916,0.0,0.0,4.1155643,9.604005,4.0,4.0,1.0,26.56409,0.0,3.0,3.0,0.0,1.0,1.0,1.0,1.0,4.0,0,1716720080.1226518,synthetic_006,train
11.147624,15.481219,3.0686584,0.0,0.0,3.6698976,9.604005,4.0,4.0,1.0,24.505367,0.0,3.0,3.0,0.0,1.0,0.0,1.0,1.0,8.0,0,1716720085.1226518,synthetic_006,train
11.293581,14.503198,1.0818182,0.0,0.0,3.4084191,9.604005,4.0,4.0,1.0,25.910675,0.0,3.0,3.0,0.0,1.0,0.0,1.0,1.0,25.0,0,1716720090.1226518,synthetic_006,train
11.354764,14.462655,-0.19776204,0.0,0.0,3.3134212,9.604005,4.0,4.0,1.0,20.216785,0.0,3.0,3.0,0.0,1.0,0.0,1.0,1.0,25.0,0,1716720095.1226518,synthetic_006,train
10.219288,14.100373,-0.7631777,0.1,0.2,3.4415088,9.604005,5.0,4.0,1.0,24.81108,0.0,3.0,3.0,0.0,1.0,1.0,1.0,1.0,25.0,0,1716720100.1226518,synthetic_006,train
33.893177,84.8156,9.838764,0.23333333,0.5,2.5475616,5.875591,5.0,4.0,1.0,24.695148,0.0,4.0,4.0,0.0,1.0,1.0,1.0,1.0,25.0,1,1716720105.1226518,synthetic_006,train
33.833897,81.92298,6.3533716,0.24444444,0.4,2.3655279,5.3362665,5.0,4.0,1.0,28.594328,0.0,4.0,4.0,0.0,1.0,1.0,1.0,1.0,25.0,1,1716720110.1226518,synthetic_006,train
32.155483,82.46096,2.5588078,0.31111112,0.4,2.5985875,5.3362665,6.0,4.0,1.0,28.560978,0.0,4.0,4.0,0.0,1.0,1.0,0.0,0.0,10.0,1,1716720115.1226518,synthetic_006,train
33.590645,85.98863,-0.433304,0.53333336,1.0,2.374435,5.3362665,5.0,4.0,1.0,24.583103,0.0,4.0,4.0,0.0,1.0,1.0,0.0,0.0,19.0,1,1716720120.1226518,synthetic_006,train
33.445503,86.04629,-3.0615532,0.43333334,0.5,2.8020306,9.041262,5.0,4.0,1.0,29.03007,0.0,4.0,4.0,0.0,1.0,1.0,0.0,0.0,19.0,1,1716720125.1226518,synthetic_006,train
31.697403,82.59633,-5.38261,0.26666668,0.4,2.5964928,9.041262,4.0,4.0,1.0,28.834671,0.0,4.0,4.0,2.0,1.0,1.0,0.0,0.0,19.0,1,1716720130.1226518,synthetic_006,train
12.354119,20.089537,-0.9101009,0.2,0.4,2.5804555,9.041262,3.0,4.0,0.0,23.048744,0.0,4.0,4.0,4.0,1.0,1.0,1.0,0.0,19.0,1,1716720135.1226518,synthetic_006,train
8.031795,10.531077,1.3151312,0.3,0.5,2.4489782,9.041262,3.0,4.0,0.0,24.708334,0.0,2.0,2.0,8.0,1.0,1.0,1.0,0.0,19.0,1,1716720140.1226518,synthetic_006,train
7.8180923,10.677117,0.10163565,0.46666667,1.0,2.343097,9.041262,3.0,4.0,0.0,27.235176,0.0,2.0,2.0,10.0,1.0,1.0,1.0,0.0,19.0,1,1716720145.1226518,synthetic_006,train
7.4552546,9.920061,-0.51714516,0.3,0.5,2.438051,9.041262,4.0,4.0,0.0,25.091454,0.0,2.0,2.0,13.0,1.0,1.0,1.0,0.0,19.0,1,1716720150.1226518,synthetic_006,train
7.654952,9.814794,-0.81437427,0.28333333,0.6,2.000139,4.596446,3.0,4.0,0.0,25.099874,0.0,2.0,2.0,14.0,1.0,1.0,1.0,0.0,4.0,1,1716720155.1226518,synthetic_006,train
26.600248,76.25387,5.1766996,0.33333334,0.4,1.9593102,4.6974554,4.0,4.0,1.0,28.198734,0.0,2.0,2.0,15.0,1.0,1.0,1.0,0.0,4.0,1,1716720160.1226518,synthetic_006,train
58.165344,98.8294,5.477804,0.24,0.4,1.3514507,4.6974554,4.0,4.0,1.0,29.589989,0.0,2.0,2.0,25.0,1.0,1.0,1.0,0.0,0.0,0,1716720165.1226518,synthetic_006,train
64.89966,103.65412,4.748564,0.2,0.6,1.2374713,4.6974554,3.0,4.0,1.0,22.790741,0.0,2.0,2.0,22.0,1.0,0.0,1.0,0.0,0.0,0,1716720170.1226518,synthetic_006,train
65.40392,103.3499,1.6552827,0.22,0.5,1.4460691,8.061757,3.0,4.0,1.0,27.217073,0.0,2.0,2.0,24.0,1.0,0.0,1.0,0.0,0.0,0,1716720175.1226518,synthetic_006,train
68.16844,105.06396,-2.5585723,0.16,0.4,1.4277112,8.061757,3.0,4.0,1.0,27.071444,0.0,2.0,2.0,25.0,0.0,0.0,1.0,0.0,0.0,0,1716720180.1226518,synthetic_006,train
65.17213,103.49489,-4.5206995,0.26,0.5,1.3898907,8.061757,3.0,4.0,1.0,25.880138,0.0,2.0,2.0,28.0,0.0,1.0,1.0,0.0,0.0,1,1716720185.1226518,synthetic_006,train
51.76407,89.835686,-5.0231156,0.3,0.6,1.3077861,8.061757,2.0,4.0,0.0,27.310442,0.0,2.0,2.0,34.0,1.0,1.0,1.0,1.0,0.0,1,1716720190.1226518,synthetic_006,train
4.012886,5.5386124,-0.7894331,0.6666667,1.0,2.500775,8.061757,3.0,4.0,0.0,26.753366,0.0,2.0,2.0,25.0,1.0,1.0,1.0,1.0,26.0,1,1716720195.1226518,synthetic_006,train
2.892357,3.8996139,-0.1619194,0.4,0.6,2.7381423,8.061757,4.0,4.0,1.0,22.057808,0.0,2.0,2.0,27.0,1.0,1.0,1.0,1.0,27.0,1,1716720200.1226518,synthetic_006,train
1.8838317,2.8632832,-0.13527554,0.73333335,1.0,2.6313396,7.610753,4.0,4.0,1.0,27.620117,0.0,2.0,2.0,29.0,1.0,1.0,1.0,1.0,27.0,1,1716720205.1226518,synthetic_006,train
1.7514741,2.9824836,-0.34330657,0.7,0.8,2.9299347,7.610753,4.0,4.0,0.0,27.676254,0.0,2.0,2.0,28.0,1.0,1.0,1.0,1.0,27.0,1,1716720210.1226518,synthetic_006,train
1.9877884,2.765052,0.08225669,0.6,0.6,3.1294003,7.610753,4.0,4.0,0.0,28.748383,0.0,2.0,2.0,30.0,1.0,1.0,1.0,1.0,27.0,1,1716720215.1226518,synthetic_006,train
4.649029,8.367376,1.5730779,0.4,0.8,3.4650068,7.610753,5.0,4.0,0.0,26.452988,0.0,1.0,1.0,27.0,1.0,1.0,1.0,0.0,22.0,1,1716720220.1226518,synthetic_006,train
4.649029,8.367376,0.8757236,0.425,0.6,3.321326,7.610753,5.0,4.0,0.0,26.525734,0.0,1.0,1.0,27.0,1.0,1.0,0.0,0.0,22.0,1,1716720225.1226518,synthetic_006,train
4.572947,8.381568,0.66744804,0.425,0.6,3.410248,7.610753,5.0,4.0,0.0,23.081478,0.0,1.0,1.0,27.0,1.0,1.0,0.0,0.0,23.0,1,1716720230.1226518,synthetic_006,train
5.8795033,9.20355,-0.039630055,0.35,0.5,3.2462313,5.4205675,4.0,4.0,0.0,17.303051,0.0,1.0,1.0,21.0,1.0,1.0,0.0,0.0,22.0,1,1716720235.1226518,synthetic_006,train
6.0176406,9.10735,-1.4059029,0.1,0.2,4.2447233,12.410011,4.0,4.0,0.0,26.870705,0.0,1.0,1.0,21.0,1.0,1.0,0.0,0.0,22.0,1,1716720240.1226518,synthetic_006,train
5.2262387,9.416003,-2.7876956,0.35,0.5,4.2934465,12.410011,5.0,4.0,0.0,29.598423,0.0,2.0,2.0,21.0,0.0,1.0,0.0,0.0,26.0,0,1716720245.1226518,synthetic_006,train
1.4086049,1.5429939,0.03158285,0.4,0.4,5.1714644,12.410011,4.0,4.0,0.0,22.418375,0.0,2.0,2.0,15.0,0.0,1.0,0.0,0.0,10.0,0,1716720250.1226518,synthetic_006,train
1.7607561,1.5322219,-0.6411367,0.25,0.25,5.6045938,12.410011,3.0,3.0,0.0,18.251879,0.0,2.0,2.0,12.0,0.0,1.0,0.0,0.0,23.0,0,1716720255.1226518,synthetic_006,train
9.020562,17.340559,7.577929,0.2,0.2,6.1829925,12.410011,3.0,3.0,0.0,18.504951,0.0,3.0,3.0,15.0,0.0,1.0,0.0,0.0,11.0,0,1716720260.1226518,synthetic_006,train
28.194859,60.39166,15.075067,0.26666668,0.33333334,4.44412,12.410011,3.0,3.0,1.0,23.142948,0.0,3.0,3.0,24.0,1.0,1.0,0.0,0.0,16.0,0,1716720265.1226518,synthetic_006,train
28.289516,60.343456,9.951906,0.2,0.4,3.762822,12.362853,3.0,3.0,1.0,26.347818,0.0,3.0,3.0,24.0,1.0,1.0,0.0,0.0,16.0,0,1716720270.1226518,synthetic_006,train
30.555956,56.854797,1.2086607,0.225,0.25,3.2837894,12.362853,3.0,2.0,0.0,17.19125,0.0,3.0,3.0,27.0,1.0,1.0,0.0,0.0,8.0,1,1716720275.1226518,synthetic_006,train
25.362183,52.15644,-1.6960211,0.46666667,1.0,3.0181878,12.362853,4.0,2.0,0.0,20.837212,0.0,3.0,3.0,33.0,1.0,1.0,0.0,0.0,8.0,1,1716720280.1226518,synthetic_006,train
26.459787,48.911057,-0.4979159,0.2,0.2,2.5924897,12.362853,4.0,4.0,1.0,26.52449,0.0,3.0,3.0,45.0,1.0,1.0,0.0,0.0,8.0,1,1716720285.1226518,synthetic_006,train
25.687742,48.21328,-1.0877836,0.25,0.4,1.9612519,6.9596276,4.0,4.0,1.0,28.637949,0.0,3.0,3.0,48.0,1.0,1.0,0.0,0.0,16.0,1,1716720290.1226518,synthetic_006,train
16.932592,29.317778,0.92500997,0.3,0.5,2.0418415,6.9596276,4.0,4.0,1.0,21.626154,0.0,3.0,3.0,42.0,1.0,1.0,0.0,0.0,8.0,1,1716720295.1226518,synthetic_006,train
16.809433,29.390112,-0.06015298,0.36666667,0.5,1.9551609,5.7460966,4.0,4.0,1.0,23.610155,0.0,3.0,3.0,42.0,1.0,1.0,0.0,0.0,13.0,1,1716720300.1226518,synthetic_006,train
13.103475,28.284075,-1.4249492,0.53333336,1.0,2.172567,5.7460966,5.0,4.0,1.0,27.401173,0.0,3.0,3.0,42.0,1.0,1.0,0.0,0.0,13.0,1,1716720305.1226518,synthetic_006,train
13.999741,29.220875,-3.0348086,0.4888889,0.6666667,2.424312,5.7460966,5.0,4.0,0.0,29.293316,0.0,3.0,3.0,39.0,1.0,1.0,0.0,0.0,13.0,1,1716720310.1226518,synthetic_006,train
6.408384,17.218359,-1.6791601,0.7,0.8,2.9253361,5.7460966,6.0,3.0,0.0,25.713306,0.0,1.0,1.0,30.0,1.0,1.0,0.0,0.0,13.0,1,1716720315.1226518,synthetic_006,train
4.93396,10.438333,1.9119452,0.525,0.8,3.1289234,5.7460966,6.0,2.0,0.0,26.316559,0.0,1.0,1.0,27.0,1.0,1.0,0.0,0.0,13.0,1,1716720320.1226518,synthetic_006,train
4.4846687,10.449108,1.8785475,0.525,0.8,3.4650004,5.7460966,7.0,2.0,0.0,25.438908,0.0,1.0,1.0,27.0,1.0,1.0,0.0,0.0,13.0,1,1716720325.1226518,synthetic_006,train
4.4846687,10.449108,1.2058473,0.525,0.8,3.2777972,4.8684444,7.0,2.0,0.0,24.785473,0.0,1.0,1.0,27.0,0.0,1.0,0.0,0.0,13.0,1,1716720330.1226518,synthetic_006,train
5.7660027,11.702947,-0.29904294,0.6,1.0,3.9763281,6.6712017,6.0,1.0,0.0,23.088215,0.0,2.0,2.0,21.0,0.0,1.0,0.0,0.0,9.0,0,1716720335.1226518,synthetic_006,train
4.7292023,11.1430025,-1.3699625,0.7,1.0,3.6139026,6.6712017,6.0,1.0,0.0,25.486637,0.0,2.0,2.0,24.0,1.0,1.0,0.0,0.0,24.0,0,1716720340.1226518,synthetic_006,train
4.70089,10.423671,-1.6810944,0.575,0.75,3.4032133,6.6712017,5.0,3.0,1.0,26.939848,0.0,3.0,3.0,27.0,1.0,1.0,0.0,0.0,24.0,0,1716720345.1226518,synthetic_006,train
1.2853267,1.8538486,0.23300926,0.56666666,0.8,3.7694247,6.6712017,5.0,3.0,1.0,25.286953,0.0,3.0,3.0,24.0,1.0,1.0,0.0,0.0,9.0,0,1716720350.1226518,synthetic_006,train
0.97722006,1.8345349,0.2522765,0.73333335,0.8,3.740608,6.6712017,5.0,3.0,1.0,25.863598,0.0,3.0,3.0,24.0,1.0,1.0,0.0,0.0,23.0,0,1716720355.1226518,synthetic_006,train
1.415594,1.9808381,0.35838866,0.56666666,0.8,3.6606667,6.6712017,5.0,4.0,1.0,22.614132,0.0,3.0,3.0,24.0,1.0,1.0,0.0,0.0,23.0,0,1716720360.1226518,synthetic_006,train
1.4990658,1.8697493,0.076095246,0.55,0.6,3.2197654,5.538019,5.0,4.0,1.0,25.139727,0.0,3.0,3.0,27.0,1.0,1.0,0.0,0.0,24.0,0,1716720365.1226518,synthetic_006,train
5.9776235,12.868704,2.1219354,0.4,0.4,2.9994226,5.538019,5.0,4.0,1.0,27.312298,0.0,3.0,3.0,30.0,1.0,1.0,0.0,0.0,21.0,0,1716720370.1226518,synthetic_006,train
6.741702,13.451537,2.2289264,0.325,0.4,3.0094595,5.538019,5.0,4.0,1.0,23.495937,0.0,3.0,3.0,27.0,1.0,1.0,0.0,0.0,21.0,0,1716720375.1226518,synthetic_006,train
7.166494,14.3156185,2.8200731,0.3,0.6,2.9369922,5.538019,4.0,4.0,1.0,18.858027,0.0,3.0,3.0,24.0,1.0,0.0,0.0,0.0,21.0,0,1716720380.1226518,synthetic_006,train
9.061458,14.148405,1.5005323,0.2,0.4,3.2315433,10.452794,4.0,4.0,1.0,28.893698,0.0,3.0,3.0,30.0,1.0,1.0,0.0,0.0,15.0,0,1716720385.1226518,synthetic_006,train
8.710758,14.343501,0.6359732,0.3,0.4,3.2987592,10.452794,4.0,4.0,0.0,27.449574,0.0,3.0,3.0,30.0,1.0,1.0,0.0,0.0,15.0,0,1716720390.1226518,synthetic_006,train
9.973477,14.72119,-0.76517254,0.225,0.25,3.2347975,10.452794,3.0,4.0,0.0,25.51516,0.0,3.0,3.0,27.0,1.0,1.0,0.0,0.0,15.0,0,1716720395.1226518,synthetic_006,train
5.6288095,9.089454,-1.2878615,0.26666668,0.33333334,3.803351,10.452794,3.0,2.0,0.0,28.193617,0.0,2.0,2.0,24.0,1.0,1.0,0.0,0.0,15.0,0,1716720400.1226518,synthetic_006,train
5.6652856,9.8171,-1.9682682,0.35,0.5,4.0276594,10.452794,3.0,2.0,0.0,17.740824,0.0,2.0,2.0,21.0,1.0,1.0,0.0,0.0,3.0,0,1716720405.1226518,synthetic_006,train
5.6652856,9.8171,-1.9682682,0.35,0.5,4.0276594,10.452794,3.0,2.0,0.0,17.740824,0.0,2.0,2.0,21.0,1.0,1.0,0.0,0.0,3.0,0,1716720410.1226518,synthetic_006,train
1.593593,2.272584,-0.3266729,0.5,0.5,3.6840525,7.722895,2.0,2.0,0.0,10.642316,0.0,2.0,2.0,12.0,0.0,0.0,0.0,0.0,3.0,0,1716720415.1226518,synthetic_006,train
20.187979,41.624863,17.793612,0.4,0.4,6.0303545,19.38256,2.0,2.0,0.0,27.66243,0.0,3.0,3.0,15.0,0.0,0.0,1.0,1.0,15.0,1,1716720420.1226518,synthetic_006,train
19.708714,41.859173,9.630632,0.4,0.4,6.522494,19.38256,3.0,2.0,0.0,24.889572,0.0,3.0,3.0,15.0,0.0,0.0,1.0,1.0,15.0,1,1716720425.1226518,synthetic_006,train
17.936558,34.10898,-4.9730687,0.2,0.4,4.333969,19.38256,2.0,4.0,0.0,10.955223,0.0,3.0,3.0,21.0,0.0,1.0,1.0,1.0,15.0,1,1716720430.1226518,synthetic_006,train
13.927471,28.681519,-3.5068583,0.3,0.4,3.589244,19.38256,3.0,4.0,0.0,16.50988,0.0,3.0,3.0,30.0,0.0,1.0,1.0,1.0,15.0,1,1716720435.1226518,synthetic_006,train
12.661337,27.53181,-3.2632108,0.53333336,1.0,3.509422,19.38256,3.0,4.0,0.0,19.221083,0.0,3.0,3.0,33.0,0.0,1.0,1.0,1.0,15.0,1,1716720440.1226518,synthetic_006,train
13.245406,25.97222,-0.8605477,0.33333334,0.4,3.0533988,19.38256,4.0,4.0,1.0,26.418423,0.0,3.0,3.0,45.0,1.0,1.0,1.0,1.0,4.0,1,1716720445.1226518,synthetic_006,train
6.9410386,13.120567,0.42217362,0.4,0.6,2.0088046,4.9500384,4.0,4.0,1.0,25.182032,0.0,3.0,3.0,45.0,1.0,1.0,1.0,1.0,4.0,1,1716720450.1226518,synthetic_006,train
6.512535,12.372463,-0.01806718,0.425,0.6,1.8342366,4.0781407,4.0,4.0,1.0,29.27889,0.0,2.0,2.0,51.0,1.0,1.0,1.0,1.0,23.0,1,1716720455.1226518,synthetic_006,train
6.089241,13.132599,-0.047323298,0.46666667,0.6,1.8836069,4.0781407,4.0,4.0,1.0,27.023567,0.0,2.0,2.0,45.0,1.0,1.0,1.0,1.0,23.0,1,1716720460.1226518,synthetic_006,train
26.972843,79.746895,8.064899,0.5,0.6,1.8225685,4.0781407,3.0,4.0,1.0,22.804756,0.0,2.0,2.0,42.0,1.0,1.0,1.0,1.0,4.0,1,1716720465.1226518,synthetic_006,train
26.972843,79.746895,6.405032,0.5,0.6,2.2333684,8.462403,4.0,4.0,1.0,26.541065,1.0,2.0,2.0,42.0,1.0,1.0,1.0,1.0,4.0,1,1716720470.1226518,synthetic_006,train
28.116598,85.73784,5.803183,0.4,0.6,2.263868,8.462403,3.0,4.0,0.0,17.822092,1.0,2.0,2.0,36.0,1.0,1.0,0.0,0.0,23.0,1,1716720475.1226518,synthetic_006,train
30.98398,89.33024,3.098905,0.26666668,0.4,2.4390829,8.462403,3.0,4.0,0.0,15.726878,2.0,2.0,2.0,33.0,1.0,1.0,0.0,0.0,23.0,1,1716720480.1226518,synthetic_006,train
41.475254,104.57672,-2.819463,0.3,0.6,2.60374,8.462403,2.0,2.0,0.0,9.59254,2.0,2.0,2.0,24.0,1.0,1.0,0.0,0.0,16.0,0,1716720485.1226518,synthetic_006,train
46.087196,112.07357,-20.691208,0.45,0.5,4.0834246,10.70442,3.0,2.0,0.0,11.050431,2.0,2.0,2.0,21.0,0.0,1.0,0.0,0.0,6.0,0,1716720490.1226518,synthetic_006,train
7.6254406,11.964668,1.5701928,0.325,0.4,3.8503363,10.70442,4.0,2.0,0.0,17.460417,1.0,2.0,2.0,27.0,0.0,1.0,0.0,0.0,16.0,0,1716720495.1226518,synthetic_006,train
8.578621,12.42009,1.426121,0.26666668,0.33333334,3.273828,10.70442,3.0,2.0,0.0,17.972837,1.0,2.0,2.0,24.0,0.0,1.0,0.0,0.0,16.0,0,1716720500.1226518,synthetic_006,train
19.810911,34.92448,2.4732397,0.36666667,0.5,2.7322133,10.70442,4.0,3.0,1.0,29.282522,0.0,2.0,2.0,36.0,1.0,1.0,0.0,0.0,16.0,1,1716720505.1226518,synthetic_006,train
18.023563,34.024277,0.11565493,0.4888889,0.6666667,2.3805957,10.70442,3.0,3.0,1.0,20.243324,0.0,2.0,2.0,39.0,1.0,1.0,0.0,0.0,24.0,1,1716720510.1226518,synthetic_006,train
18.023563,34.024277,0.11565493,0.4888889,0.6666667,2.3805957,10.70442,3.0,3.0,1.0,20.243324,0.0,2.0,2.0,39.0,1.0,1.0,0.0,0.0,24.0,1,1716720515.1226518,synthetic_006,train
18.098618,33.982254,-1.1395763,0.42222223,0.6666667,2.503242,12.298822,3.0,3.0,1.0,25.944668,0.0,2.0,2.0,39.0,1.0,1.0,0.0,0.0,24.0,1,1716720520.1226518,synthetic_006,train
17.205767,36.63598,-5.404177,0.6666667,1.0,2.5395722,12.298822,2.0,4.0,1.0,22.323378,0.0,2.0,2.0,33.0,1.0,1.0,0.0,0.0,24.0,1,1716720525.1226518,synthetic_006,train
14.035458,31.527931,-3.0983086,0.46666667,0.6,2.2940474,12.298822,2.0,4.0,1.0,23.039034,1.0,2.0,2.0,49.0,1.0,1.0,1.0,1.0,24.0,1,1716720530.1226518,synthetic_006,train
4.9238095,10.702639,1.4612986,0.56666666,0.8,2.2184863,12.298822,1.0,4.0,0.0,12.912222,1.0,2.0,2.0,43.0,1.0,1.0,1.0,1.0,22.0,1,1716720535.1226518,synthetic_006,train
5.9085717,11.555786,1.816727,0.5,0.6,2.4956613,12.298822,1.0,4.0,0.0,7.5946736,1.0,2.0,2.0,37.0,1.0,1.0,1.0,1.0,22.0,1,1716720540.1226518,synthetic_006,train
5.9085717,11.555786,1.816727,0.5,0.6,2.4956613,12.298822,1.0,4.0,0.0,7.5946736,1.0,2.0,2.0,37.0,1.0,1.0,1.0,1.0,22.0,1,1716720545.1226518,synthetic_006,train
6.4566684,12.118112,2.0869272,0.575,0.75,1.4064211,2.986564,0.0,4.0,0.0,6.9650316,1.0,2.0,2.0,34.0,1.0,1.0,1.0,1.0,22.0,1,1716720550.1226518,synthetic_006,train
6.4566684,12.118112,0.14992678,0.575,0.75,3.4796112,20.67524,1.0,3.0,0.0,25.660122,1.0,2.0,2.0,36.0,1.0,1.0,1.0,1.0,22.0,1,1716720555.1226518,synthetic_006,train
5.2630825,13.924808,-1.3157706,0.9,1.0,3.9844663,20.67524,1.0,3.0,0.0,26.819235,0.0,2.0,2.0,28.0,1.0,1.0,0.0,0.0,22.0,0,1716720560.1226518,synthetic_006,train
0.0,0.0,0.0,1.0,1.0,6.1762366,20.67524,2.0,3.0,0.0,8.164755,1.0,2.0,2.0,20.0,1.0,1.0,0.0,0.0,11.0,0,1716720565.1226518,synthetic_006,train
0.66228884,1.8732357,0.44152588,0.8333333,1.0,4.737714,20.67524,3.0,3.0,0.0,8.6132345,1.0,2.0,2.0,32.0,1.0,1.0,0.0,0.0,15.0,0,1716720570.1226518,synthetic_006,train
0.52983105,1.675473,0.16055487,0.9,1.0,4.0418525,20.67524,3.0,4.0,0.0,7.8973136,2.0,2.0,2.0,40.0,1.0,1.0,0.0,0.0,3.0,0,1716720575.1226518,synthetic_006,train
47.361904,95.30413,4.2804356,0.5,1.0,2.1889856,20.67524,4.0,4.0,1.0,17.488827,2.0,2.0,2.0,88.0,1.0,1.0,1.0,0.0,0.0,0,1716720580.1226518,synthetic_006,train
42.28257,88.38962,0.12435942,0.53333336,1.0,1.1713971,4.8935776,3.0,4.0,1.0,22.473793,2.0,2.0,2.0,104.0,1.0,1.0,1.0,1.0,0.0,1,1716720585.1226518,synthetic_006,train
42.689625,88.198616,-1.2920536,0.33333334,0.8,1.2287389,4.8935776,3.0,4.0,1.0,22.891537,1.0,2.0,2.0,104.0,1.0,1.0,1.0,1.0,0.0,1,1716720590.1226518,synthetic_006,train
42.782818,88.15297,-2.0302713,0.3,0.8,1.2310114,4.952661,3.0,4.0,1.0,23.637537,2.0,2.0,2.0,104.0,1.0,1.0,1.0,1.0,0.0,1,1716720595.1226518,synthetic_006,train
44.5455,89.50581,-4.3094497,0.32,0.6,1.1608025,4.952661,2.0,4.0,1.0,24.450497,1.0,2.0,2.0,100.0,1.0,1.0,1.0,1.0,0.0,1,1716720600.1226518,synthetic_006,train
45.17929,89.21931,-5.8781157,0.24,0.4,1.3208058,5.6421223,3.0,3.0,1.0,23.272142,1.0,3.0,3.0,100.0,1.0,1.0,1.0,1.0,0.0,1,1716720605.1226518,synthetic_006,train
9.066967,10.942151,0.3130389,0.2,0.4,1.7534566,5.6421223,2.0,3.0,1.0,13.1337595,1.0,4.0,4.0,64.0,1.0,1.0,1.0,1.0,20.0,1,1716720610.1226518,synthetic_006,train
7.390022,7.95846,0.30295748,0.2888889,0.6666667,2.2355773,5.6421223,3.0,3.0,1.0,22.602022,1.0,4.0,4.0,52.0,1.0,1.0,1.0,1.0,21.0,1,1716720615.1226518,synthetic_006,train
7.1048965,8.190381,-0.09094731,0.35555556,0.6666667,2.1999688,5.6421223,3.0,3.0,1.0,23.646935,0.0,4.0,4.0,52.0,1.0,1.0,1.0,1.0,17.0,1,1716720620.1226518,synthetic_006,train
24.384916,70.010124,6.2461963,0.4,0.6,1.9903512,5.6421223,3.0,3.0,1.0,27.643944,0.0,4.0,4.0,63.0,1.0,1.0,1.0,1.0,17.0,1,1716720625.1226518,synthetic_006,train
25.656506,72.47296,5.4929423,0.45,0.75,1.9228575,5.6421223,3.0,3.0,1.0,21.277884,0.0,4.0,4.0,60.0,1.0,1.0,1.0,1.0,17.0,1,1716720630.1226518,synthetic_006,train
23.348549,70.29185,1.8883017,0.53333336,0.8,2.0014453,6.2486,3.0,3.0,1.0,27.600422,1.0,4.0,4.0,67.0,1.0,1.0,1.0,1.0,26.0,1,1716720635.1226518,synthetic_006,train
24.141869,75.78689,1.9218848,0.5777778,0.8,2.1541197,6.2486,3.0,4.0,1.0,22.071978,2.0,2.0,2.0,60.0,1.0,1.0,1.0,1.0,26.0,1,1716720640.1226518,synthetic_006,train
27.910433,82.3795,-1.9222609,0.4,0.6,2.6801264,7.721099,3.0,4.0,0.0,24.680195,2.0,2.0,2.0,53.0,1.0,1.0,1.0,1.0,22.0,1,1716720645.1226518,synthetic_006,train
38.30211,83.32831,-1.2966079,0.33333334,0.8,2.2499752,7.721099,3.0,4.0,1.0,26.537312,2.0,2.0,2.0,70.0,1.0,1.0,1.0,1.0,22.0,1,1716720650.1226518,synthetic_006,train
20.393076,49.444885,1.7778022,0.31111112,0.6,2.353169,7.721099,2.0,4.0,1.0,27.223537,2.0,2.0,2.0,65.0,1.0,1.0,1.0,1.0,22.0,1,1716720655.1226518,synthetic_006,train
18.936426,47.816746,-0.32573608,0.38333333,0.75,2.3517122,7.721099,2.0,4.0,1.0,24.769987,2.0,2.0,2.0,70.0,1.0,1.0,1.0,1.0,22.0,1,1716720660.1226518,synthetic_006,train
17.977959,46.23027,-3.1638856,0.33333334,0.6,2.0105634,7.721099,2.0,4.0,1.0,29.402252,0.0,2.0,2.0,75.0,1.0,1.0,1.0,1.0,7.0,1,1716720665.1226518,synthetic_006,train
16.57561,41.160206,-1.9241818,0.3125,0.6,1.7911295,7.721099,2.0,4.0,1.0,22.156096,1.0,2.0,2.0,95.0,0.0,1.0,1.0,1.0,13.0,1,1716720670.1226518,synthetic_006,train
16.49381,41.19325,-2.4494357,0.375,0.6,1.6281923,4.625293,2.0,4.0,1.0,22.830675,1.0,2.0,2.0,95.0,1.0,1.0,1.0,1.0,7.0,1,1716720675.1226518,synthetic_006,train
6.423064,8.146636,0.8577715,0.35,0.6,1.6860087,4.625293,2.0,4.0,1.0,15.138843,1.0,2.0,2.0,80.0,1.0,1.0,1.0,1.0,13.0,1,1716720680.1226518,synthetic_006,train
6.128471,8.296424,0.37108502,0.6,1.0,1.9015864,5.442788,4.0,4.0,1.0,14.154489,1.0,2.0,2.0,80.0,1.0,1.0,1.0,1.0,13.0,1,1716720685.1226518,synthetic_006,train
7.003967,8.53325,0.12357523,0.43333334,0.5,1.9281127,5.442788,4.0,4.0,1.0,13.620631,1.0,2.0,2.0,70.0,1.0,1.0,1.0,1.0,21.0,1,1716720690.1226518,synthetic_006,train
21.631805,26.988407,2.1122615,0.25,0.6,1.4904183,5.442788,4.0,4.0,0.0,23.995848,1.0,1.0,1.0,101.0,1.0,1.0,1.0,1.0,0.0,0,1716720695.1226518,synthetic_006,train
21.866768,29.612423,1.164499,0.5,1.0,1.832434,5.442788,5.0,4.0,0.0,21.606945,1.0,1.0,1.0,88.0,1.0,0.0,1.0,1.0,0.0,0,1716720700.1226518,synthetic_006,train
18.774141,28.041452,-0.73189014,0.4375,0.75,1.5759943,5.442788,4.0,4.0,0.0,19.505363,1.0,1.0,1.0,107.0,1.0,1.0,1.0,1.0,0.0,1,1716720705.1226518,synthetic_006,train
18.393526,28.122026,-1.2459943,0.4125,0.8,1.6100721,5.442788,4.0,4.0,0.0,14.559705,1.0,2.0,2.0,110.0,1.0,1.0,1.0,1.0,0.0,1,1716720710.1226518,synthetic_006,train
18.522442,28.038513,-2.437852,0.3625,0.8,1.4228625,5.2627482,3.0,4.0,0.0,11.458758,1.0,2.0,2.0,114.0,1.0,1.0,1.0,1.0,0.0,1,1716720715.1226518,synthetic_006,train
18.522442,28.038513,-2.437852,0.3625,0.8,1.4228625,5.2627482,3.0,4.0,0.0,11.458758,1.0,2.0,2.0,114.0,1.0,1.0,1.0,1.0,0.0,1,1716720720.1226518,synthetic_006,train
3.167746,4.8662906,0.426084,0.62222224,1.0,2.311611,8.523631,3.0,4.0,1.0,22.267372,1.0,3.0,3.0,84.0,1.0,1.0,1.0,1.0,10.0,1,1716720725.1226518,synthetic_006,train
3.431725,4.9845085,0.110323355,0.6666667,1.0,2.2633948,8.523631,2.0,4.0,1.0,18.958668,1.0,3.0,3.0,79.0,1.0,1.0,1.0,1.0,10.0,1,1716720730.1226518,synthetic_006,train
5.4742727,5.8430896,0.26215586,0.26666668,0.4,2.643558,8.523631,3.0,4.0,1.0,14.923529,1.0,3.0,3.0,76.0,1.0,1.0,1.0,1.0,17.0,1,1716720735.1226518,synthetic_006,train
3.8154964,5.79019,0.22601658,0.6666667,1.0,2.8413155,8.523631,4.0,3.0,0.0,14.375616,2.0,3.0,3.0,77.0,1.0,1.0,1.0,1.0,3.0,1,1716720740.1226518,synthetic_006,train
4.478324,6.0305033,0.0615376,0.4,0.6,2.8995736,8.523631,4.0,4.0,1.0,12.748188,3.0,3.0,3.0,77.0,1.0,1.0,1.0,1.0,17.0,1,1716720745.1226518,synthetic_006,train
4.184614,5.7247367,-0.06965507,0.56666666,0.6,2.6463003,8.523631,5.0,4.0,1.0,12.224817,4.0,3.0,3.0,101.0,1.0,1.0,1.0,1.0,17.0,1,1716720750.1226518,synthetic_006,train
3.951154,5.2553744,-0.11942753,0.5,0.6,2.5587862,4.939501,5.0,4.0,0.0,13.982717,3.0,2.0,2.0,88.0,1.0,1.0,1.0,1.0,17.0,1,1716720755.1226518,synthetic_006,train
3.3867035,5.0426745,-0.49189377,0.5833333,0.75,2.4144332,4.939501,6.0,4.0,0.0,18.554504,3.0,2.0,2.0,105.0,1.0,1.0,0.0,0.0,17.0,1,1716720760.1226518,synthetic_006,train
1.9811628,3.631001,-0.056018624,0.71666664,0.8,2.256326,4.851205,5.0,4.0,1.0,21.533312,3.0,2.0,2.0,108.0,1.0,1.0,0.0,0.0,4.0,1,1716720765.1226518,synthetic_006,train
2.3113565,3.8404052,-0.28308052,0.6333333,0.8,2.2190707,4.851205,4.0,4.0,0.0,16.520878,3.0,2.0,2.0,94.0,1.0,0.0,0.0,0.0,4.0,1,1716720770.1226518,synthetic_006,train
1.7995782,3.318001,-0.17750376,0.7,0.8,2.0795867,4.851205,3.0,4.0,0.0,13.95698,2.0,2.0,2.0,80.0,1.0,0.0,0.0,0.0,4.0,1,1716720775.1226518,synthetic_006,train
1.7080564,2.5476942,0.36865664,0.525,0.8,3.325952,12.191016,3.0,3.0,0.0,16.721575,1.0,1.0,1.0,72.0,1.0,1.0,0.0,0.0,18.0,1,1716720780.1226518,synthetic_006,train
2.0060756,3.0388806,0.45735767,0.6,0.8,2.7104998,12.191016,2.0,3.0,0.0,11.737,1.0,1.0,1.0,80.0,1.0,1.0,1.0,1.0,18.0,1,1716720785.1226518,synthetic_006,train
4.3416142,4.6211796,0.7607026,0.3,0.4,2.8583164,12.191016,2.0,3.0,0.0,20.607685,1.0,1.0,1.0,80.0,0.0,1.0,1.0,1.0,24.0,1,1716720790.1226518,synthetic_006,train
4.6093793,4.5997,0.14136754,0.225,0.25,3.1785243,12.191016,2.0,2.0,0.0,16.415703,0.0,1.0,1.0,72.0,0.0,1.0,1.0,1.0,24.0,0,1716720795.1226518,synthetic_006,train
4.1484413,4.575049,-0.14860792,0.3,0.4,3.5303147,12.191016,3.0,2.0,0.0,23.112131,0.0,1.0,1.0,80.0,0.0,1.0,1.0,1.0,24.0,0,1716720800.1226518,synthetic_006,train
3.4570343,4.442177,-0.37583613,0.53333336,1.0,3.2519279,12.191016,4.0,4.0,1.0,24.596107,1.0,2.0,2.0,98.0,1.0,1.0,1.0,1.0,24.0,0,1716720805.1226518,synthetic_006,train
4.0942955,4.516561,-0.065591104,0.41666666,0.8,2.1242013,6.696428,3.0,4.0,1.0,18.040678,1.0,4.0,4.0,118.0,1.0,1.0,1.0,1.0,6.0,1,1716720810.1226518,synthetic_006,train
5.7786674,8.952238,0.41720462,0.55,1.0,2.099607,6.696428,3.0,4.0,1.0,16.348549,1.0,4.0,4.0,138.0,1.0,1.0,0.0,0.0,10.0,1,1716720815.1226518,synthetic_006,train
5.1238,9.275522,0.74322194,0.5,0.8,2.2029872,6.696428,3.0,4.0,1.0,20.482243,1.0,4.0,4.0,123.0,1.0,1.0,0.0,0.0,25.0,1,1716720820.1226518,synthetic_006,train
4.7632265,9.036952,0.17066032,0.53333336,0.6,2.0688357,6.696428,4.0,4.0,1.0,21.091295,1.0,4.0,4.0,134.0,1.0,1.0,1.0,1.0,25.0,1,1716720825.1226518,synthetic_006,train
11.701226,19.844875,1.8678532,0.35,0.6,1.5374382,4.5629063,3.0,4.0,1.0,23.146608,1.0,4.0,4.0,162.0,1.0,1.0,1.0,1.0,25.0,1,1716720830.1226518,synthetic_006,train
18.611206,37.73656,2.4639618,0.35,0.6,1.4549758,4.5629063,2.0,4.0,1.0,27.457867,0.0,4.0,4.0,180.0,1.0,1.0,1.0,1.0,25.0,1,1716720835.1226518,synthetic_006,train
20.56992,40.787827,2.3167427,0.5,1.0,1.5942473,4.5629063,3.0,4.0,0.0,25.418972,0.0,4.0,4.0,153.0,0.0,1.0,1.0,1.0,16.0,1,1716720840.1226518,synthetic_006,train
21.956303,44.52697,1.9552575,0.45,0.75,1.8443801,4.596643,4.0,4.0,0.0,21.258415,0.0,2.0,2.0,126.0,0.0,1.0,1.0,1.0,16.0,1,1716720845.1226518,synthetic_006,train
20.127237,41.753963,-0.08976497,0.3,0.6,1.8365668,4.886284,4.0,4.0,0.0,27.251745,0.0,2.0,2.0,144.0,1.0,1.0,1.0,1.0,16.0,1,1716720850.1226518,synthetic_006,train
22.861874,44.11826,-2.7589223,0.26666668,0.8,2.1554875,5.9611673,4.0,4.0,0.0,28.51436,0.0,2.0,2.0,126.0,1.0,1.0,1.0,0.0,22.0,1,1716720855.1226518,synthetic_006,train
16.717978,46.775646,-3.9144285,0.26666668,0.6,2.802921,5.9611673,5.0,4.0,0.0,27.902313,0.0,2.0,2.0,99.0,1.0,1.0,1.0,0.0,22.0,1,1716720860.1226518,synthetic_006,train
2.9307086,2.923357,0.12942845,0.325,0.4,3.4714189,5.9611673,5.0,4.0,1.0,25.096714,1.0,3.0,3.0,81.0,1.0,1.0,1.0,0.0,22.0,1,1716720865.1226518,synthetic_006,train
2.9307086,2.923357,-0.31017783,0.35,0.5,3.7594428,5.9611673,5.0,4.0,1.0,22.740934,1.0,3.0,3.0,81.0,1.0,1.0,1.0,0.0,22.0,1,1716720870.1226518,synthetic_006,train
3.2970471,2.895944,-0.7571157,0.33333334,0.6666667,3.6547928,5.9611673,4.0,4.0,1.0,18.264044,1.0,3.0,3.0,72.0,1.0,1.0,0.0,0.0,22.0,1,1716720875.1226518,synthetic_006,train
3.6714036,5.2795095,1.1510732,0.2,0.4,4.317463,8.318912,4.0,4.0,1.0,13.86347,1.0,3.0,3.0,63.0,0.0,1.0,0.0,0.0,22.0,1,1716720880.1226518,synthetic_006,train
3.3838282,5.4373617,0.52079785,0.45,0.5,3.7524555,8.318912,3.0,4.0,0.0,15.910076,1.0,3.0,3.0,63.0,0.0,1.0,0.0,0.0,3.0,1,1716720885.1226518,synthetic_006,train
2.915725,4.786084,-0.03932086,0.5,0.6,2.9741118,8.318912,3.0,4.0,0.0,21.440351,2.0,3.0,3.0,90.0,1.0,1.0,1.0,0.0,3.0,1,1716720890.1226518,synthetic_006,train
2.8343384,4.770969,-0.2860616,0.5,0.6,3.0119233,8.318912,4.0,4.0,0.0,17.162636,2.0,1.0,1.0,90.0,1.0,1.0,1.0,0.0,24.0,1,1716720895.1226518,synthetic_006,train
2.5766714,4.6061096,-0.6010469,0.6666667,1.0,2.5511293,8.318912,3.0,4.0,0.0,10.769189,2.0,1.0,1.0,99.0,1.0,1.0,1.0,0.0,11.0,1,1716720900.1226518,synthetic_006,train
3.0715096,4.5478644,-0.15214643,0.44444445,0.6,2.5988262,8.318912,4.0,4.0,0.0,11.753459,2.0,1.0,1.0,117.0,1.0,1.0,1.0,0.0,11.0,1,1716720905.1226518,synthetic_006,train
5.5565987,10.650954,1.3194554,0.53333336,0.6,1.891703,4.997204,3.0,4.0,1.0,17.57962,2.0,1.0,1.0,135.0,1.0,1.0,1.0,1.0,11.0,1,1716720910.1226518,synthetic_006,train
5.3297577,9.503697,0.40168437,0.475,0.6,1.7823138,4.997204,3.0,4.0,1.0,22.789545,2.0,1.0,1.0,171.0,1.0,1.0,1.0,1.0,11.0,1,1716720915.1226518,synthetic_006,train
5.836772,9.953268,0.14649694,0.475,0.6,1.8255178,4.364341,2.0,4.0,1.0,27.360512,0.0,1.0,1.0,153.0,1.0,1.0,1.0,1.0,11.0,1,1716720920.1226518,synthetic_006,train
6.2627482,10.145726,-0.07702807,0.35,0.6,1.7453648,4.364341,1.0,4.0,1.0,26.196959,0.0,1.0,1.0,144.0,1.0,1.0,1.0,1.0,1.0,1,1716720925.1226518,synthetic_006,train
6.8042045,10.283784,-0.5838637,0.33333334,0.4,2.0557475,6.4547496,2.0,4.0,1.0,26.471872,0.0,2.0,2.0,135.0,0.0,1.0,1.0,1.0,1.0,1,1716720930.1226518,synthetic_006,train
22.73263,67.89794,3.8652217,0.3625,0.4,1.5897695,6.4547496,1.0,4.0,1.0,19.446789,1.0,3.0,3.0,171.0,1.0,1.0,1.0,1.0,1.0,1,1716720935.1226518,synthetic_006,train
21.152746,67.84706,2.3533194,0.375,0.5,1.7224566,6.4547496,1.0,4.0,1.0,15.655995,1.0,4.0,4.0,171.0,1.0,1.0,1.0,1.0,15.0,1,1716720940.1226518,synthetic_006,train
25.265368,71.28246,0.70051533,0.25,0.4,1.7334502,6.4547496,2.0,4.0,1.0,21.108912,1.0,4.0,4.0,153.0,1.0,1.0,1.0,1.0,15.0,1,1716720945.1226518,synthetic_006,train
25.606796,71.178085,-1.0306748,0.2,0.4,1.7992688,6.4547496,3.0,4.0,1.0,24.495144,1.0,4.0,4.0,153.0,1.0,1.0,1.0,1.0,15.0,1,1716720950.1226518,synthetic_006,train
25.357052,71.265114,-2.0039701,0.325,0.5,1.8957865,6.4547496,4.0,4.0,1.0,24.257526,1.0,4.0,4.0,153.0,1.0,1.0,1.0,1.0,15.0,1,1716720955.1226518,synthetic_006,train
26.825674,73.33612,-2.992213,0.45,1.0,1.6108513,4.502436,3.0,4.0,1.0,24.127481,0.0,4.0,4.0,144.0,1.0,1.0,1.0,1.0,15.0,1,1716720960.1226518,synthetic_006,train
7.4499536,8.590003,-0.6348413,0.36666667,0.5,2.4286666,7.353849,4.0,4.0,1.0,26.883434,0.0,4.0,4.0,108.0,1.0,1.0,1.0,1.0,15.0,1,1716720965.1226518,synthetic_006,train
5.8785677,8.070986,-1.2067125,0.53333336,1.0,2.3874958,7.353849,5.0,4.0,1.0,25.602396,0.0,4.0,4.0,108.0,1.0,1.0,0.0,0.0,3.0,1,1716720970.1226518,synthetic_006,train
3.0619688,4.25958,-0.15674819,0.5,0.6,2.6555395,7.353849,4.0,4.0,0.0,25.302061,0.0,3.0,3.0,90.0,1.0,1.0,0.0,0.0,3.0,0,1716720975.1226518,synthetic_006,train
2.0422213,3.8849516,0.19852816,0.675,0.75,3.0538492,7.353849,4.0,1.0,0.0,23.017433,0.0,3.0,3.0,81.0,1.0,1.0,0.0,0.0,4.0,0,1716720980.1226518,synthetic_006,train
2.351106,3.8121138,0.07752567,0.55,0.6,3.0371158,7.353849,4.0,3.0,0.0,19.980192,0.0,3.0,3.0,81.0,1.0,1.0,0.0,0.0,4.0,1,1716720985.1226518,synthetic_006,train
4.009931,6.335946,0.86721826,0.33333334,0.6,2.9227521,7.353849,5.0,3.0,0.0,24.796423,0.0,3.0,3.0,99.0,1.0,1.0,0.0,0.0,13.0,1,1716720990.1226518,synthetic_006,train
6.6745105,10.599355,1.142898,0.43333334,0.6,2.3756177,6.685017,5.0,3.0,0.0,24.413628,0.0,3.0,3.0,111.0,0.0,1.0,0.0,0.0,0.0,1,1716720995.1226518,synthetic_006,train
7.6609216,11.821387,0.68699855,0.35,0.5,3.2164097,6.685017,5.0,3.0,0.0,26.805733,0.0,2.0,2.0,85.0,0.0,0.0,0.0,0.0,0.0,1,1716721000.1226518,synthetic_006,train
7.918242,12.6106205,0.76086646,0.43333334,0.6666667,3.3507166,6.685017,5.0,3.0,0.0,20.120716,0.0,2.0,2.0,76.0,0.0,0.0,0.0,0.0,0.0,1,1716721005.1226518,synthetic_006,train
6.787713,11.4240675,-0.9560763,0.4,0.8,3.2139888,8.838445,5.0,3.0,0.0,27.82328,0.0,2.0,2.0,99.0,0.0,1.0,1.0,0.0,0.0,1,1716721010.1226518,synthetic_006,train
7.1176033,10.773275,-0.9395971,0.26666668,0.6,2.8728282,8.838445,4.0,3.0,0.0,27.381739,0.0,2.0,2.0,112.0,0.0,1.0,1.0,0.0,18.0,1,1716721015.1226518,synthetic_006,train
7.3259506,11.374088,-0.042343806,0.43333334,0.6,2.4669771,8.838445,3.0,3.0,1.0,25.853798,0.0,2.0,2.0,127.0,1.0,1.0,1.0,1.0,18.0,1,1716721020.1226518,synthetic_006,train
4.9656343,7.873064,0.5665402,0.33333334,0.6,2.9659972,8.838445,3.0,3.0,0.0,26.457333,0.0,2.0,2.0,119.0,1.0,1.0,1.0,1.0,18.0,1,1716721025.1226518,synthetic_006,train
4.5518317,7.642311,-0.13715765,0.6,1.0,2.549069,8.838445,2.0,3.0,1.0,21.750381,0.0,2.0,2.0,131.0,1.0,1.0,1.0,1.0,8.0,1,1716721030.1226518,synthetic_006,train
4.3964276,7.040996,-0.14353049,0.43333334,0.5,2.6798103,8.838445,4.0,4.0,1.0,28.678898,0.0,2.0,2.0,153.0,1.0,1.0,1.0,1.0,8.0,1,1716721035.1226518,synthetic_006,train
5.1835265,7.739464,-0.8478164,0.26666668,0.6,2.3180156,5.068363,3.0,4.0,0.0,23.24499,0.0,2.0,2.0,121.0,1.0,0.0,1.0,1.0,18.0,1,1716721040.1226518,synthetic_006,train
4.382232,8.2475605,-1.2228074,0.5,0.6,2.7161777,5.441436,4.0,4.0,0.0,24.992414,0.0,2.0,2.0,110.0,1.0,0.0,1.0,1.0,16.0,1,1716721045.1226518,synthetic_006,train
1.6078944,2.0259526,0.06256413,0.55,0.6,3.4775617,5.441436,4.0,4.0,0.0,19.274569,0.0,2.0,2.0,77.0,1.0,0.0,1.0,0.0,16.0,1,1716721050.1226518,synthetic_006,train
1.154668,1.7888268,0.00081647735,0.8,1.0,4.475336,10.35057,4.0,4.0,0.0,24.14748,0.0,2.0,2.0,66.0,1.0,0.0,1.0,0.0,16.0,1,1716721055.1226518,synthetic_006,train
2.6755626,4.3426294,0.22486176,0.55,0.6,4.023866,10.35057,5.0,4.0,0.0,24.688517,0.0,2.0,2.0,77.0,1.0,1.0,1.0,0.0,26.0,1,1716721060.1226518,synthetic_006,train
2.0723293,4.4067974,0.19324104,0.65,0.8,3.923875,10.35057,4.0,2.0,0.0,22.02569,0.0,2.0,2.0,77.0,1.0,1.0,1.0,0.0,18.0,1,1716721065.1226518,synthetic_006,train
1.8132882,4.145168,-0.043866746,0.73333335,0.8,3.8731096,10.35057,5.0,2.0,0.0,25.543442,0.0,2.0,2.0,88.0,1.0,1.0,1.0,0.0,18.0,1,1716721070.1226518,synthetic_006,train
1.8132882,4.145168,-0.38925496,0.8,1.0,3.9802973,10.35057,5.0,2.0,0.0,21.491808,0.0,2.0,2.0,88.0,1.0,1.0,1.0,0.0,21.0,1,1716721075.1226518,synthetic_006,train
2.1212528,4.1834016,0.05481095,0.53333336,1.0,3.5756545,10.35057,6.0,3.0,0.0,28.98163,0.0,2.0,2.0,121.0,1.0,1.0,1.0,0.0,21.0,1,1716721080.1226518,synthetic_006,train
2.3333778,4.346886,-0.068335585,0.7,0.8,2.898163,6.298937,5.0,3.0,0.0,24.593178,0.0,2.0,2.0,110.0,1.0,1.0,1.0,0.0,21.0,1,1716721085.1226518,synthetic_006,train
1.3506042,2.8066494,0.072727375,0.7,0.8,3.1523464,6.298937,5.0,3.0,0.0,27.08785,0.0,2.0,2.0,110.0,1.0,1.0,0.0,0.0,18.0,1,1716721090.1226518,synthetic_006,train
3.7082143,8.399902,1.3919939,0.7,0.8,3.183904,6.298937,5.0,4.0,0.0,28.32129,0.0,1.0,1.0,110.0,1.0,1.0,0.0,0.0,24.0,1,1716721095.1226518,synthetic_006,train
7.669286,10.08539,2.046669,0.4,0.6,2.5318465,6.298937,4.0,4.0,0.0,22.076286,1.0,1.0,1.0,132.0,1.0,1.0,0.0,0.0,24.0,1,1716721100.1226518,synthetic_006,train
7.2862253,9.754301,0.9234837,0.44444445,0.6,2.2580788,6.087558,4.0,4.0,0.0,18.269016,1.0,1.0,1.0,143.0,1.0,1.0,0.0,0.0,24.0,1,1716721105.1226518,synthetic_006,train
8.589346,10.626079,0.9035605,0.4,0.6,2.18652,6.087558,3.0,4.0,0.0,11.048582,1.0,1.0,1.0,110.0,1.0,1.0,0.0,0.0,22.0,1,1716721110.1226518,synthetic_006,train
7.9882793,9.943286,0.30393496,0.43333334,0.6,2.7763681,10.24711,4.0,4.0,0.0,15.887029,1.0,1.0,1.0,132.0,1.0,1.0,1.0,0.0,22.0,1,1716721115.1226518,synthetic_006,train
9.971339,10.026502,-0.92188406,0.26666668,0.6,2.5495071,10.24711,3.0,4.0,0.0,13.972649,1.0,1.0,1.0,121.0,1.0,1.0,1.0,0.0,3.0,1,1716721120.1226518,synthetic_006,train
13.717243,15.613354,0.7492915,0.28333333,0.4,2.1310127,10.24711,3.0,1.0,0.0,24.813345,1.0,1.0,1.0,154.0,1.0,1.0,1.0,0.0,3.0,1,1716721125.1226518,synthetic_006,train
12.462919,17.443226,2.384728,0.53333336,1.0,2.5248463,10.24711,3.0,1.0,0.0,23.311512,0.0,1.0,1.0,121.0,0.0,1.0,1.0,0.0,3.0,1,1716721130.1226518,synthetic_006,train
13.1172285,16.509056,0.22802283,0.31111112,0.4,2.3449795,10.24711,3.0,3.0,0.0,20.237623,0.0,1.0,1.0,143.0,0.0,1.0,1.0,0.0,16.0,1,1716721135.1226518,synthetic_006,train
11.571745,15.829732,-0.39539495,0.33333334,0.4,2.4923298,10.24711,4.0,3.0,1.0,25.328646,1.0,2.0,2.0,165.0,0.0,1.0,1.0,0.0,16.0,1,1716721140.1226518,synthetic_006,train
11.54228,15.736873,-1.1335536,0.26666668,0.4,2.0862904,5.915778,4.0,4.0,0.0,23.469906,1.0,2.0,2.0,165.0,0.0,1.0,1.0,0.0,21.0,1,1716721145.1226518,synthetic_006,train
11.751519,16.014694,-1.8105506,0.21666667,0.25,2.1605582,5.915778,4.0,4.0,0.0,17.925898,1.0,2.0,2.0,154.0,0.0,1.0,1.0,0.0,16.0,1,1716721150.1226518,synthetic_006,train
5.5883126,7.888921,-0.7328838,0.3,0.4,2.7283683,5.915778,4.0,4.0,0.0,10.683952,1.0,2.0,2.0,110.0,0.0,0.0,1.0,0.0,12.0,1,1716721155.1226518,synthetic_006,train
5.2437057,7.5708556,-0.72196627,0.2,0.4,3.0871918,6.675428,5.0,4.0,0.0,15.296363,1.0,2.0,2.0,121.0,0.0,0.0,1.0,0.0,12.0,1,1716721160.1226518,synthetic_006,train
2.39549,2.7523005,-0.40106887,0.475,0.75,3.2973218,6.675428,4.0,4.0,0.0,22.883833,1.0,2.0,2.0,99.0,1.0,1.0,1.0,1.0,12.0,0,1716721165.1226518,synthetic_006,train
2.8186724,2.6224718,-0.41147,0.35,0.5,3.3098712,6.675428,5.0,4.0,0.0,27.764095,0.0,2.0,2.0,99.0,1.0,1.0,1.0,1.0,12.0,0,1716721170.1226518,synthetic_006,train
4.360104,6.491643,1.1474057,0.3,0.6,3.2445962,6.675428,5.0,1.0,0.0,27.531372,0.0,2.0,2.0,99.0,1.0,1.0,1.0,1.0,12.0,0,1716721175.1226518,synthetic_006,train
4.3321614,7.5197024,0.4569576,0.5,0.6,2.4063659,6.675428,5.0,3.0,0.0,28.319504,0.0,2.0,2.0,154.0,1.0,1.0,1.0,1.0,12.0,0,1716721180.1226518,synthetic_006,train
41.594017,74.01295,4.3670235,0.28,0.6,1.3335104,6.675428,4.0,3.0,1.0,26.66233,0.0,2.0,2.0,286.0,1.0,1.0,1.0,1.0,0.0,0,1716721185.1226518,synthetic_006,train
46.861496,78.869316,2.1684084,0.22857143,0.6,0.9117765,4.1886973,3.0,3.0,1.0,27.642925,0.0,2.0,2.0,390.0,1.0,1.0,1.0,1.0,0.0,0,1716721190.1226518,synthetic_006,train
49.88482,80.49357,1.9925195,0.17142858,0.6,0.85124546,4.1886973,3.0,3.0,0.0,22.709724,0.0,2.0,2.0,368.0,1.0,1.0,1.0,1.0,0.0,0,1716721195.1226518,synthetic_006,train
51.364517,81.44147,1.2241292,0.2,0.6,0.9384665,8.778542,2.0,4.0,0.0,23.166454,1.0,2.0,2.0,359.0,1.0,1.0,1.0,1.0,0.0,0,1716721200.1226518,synthetic_006,train
52.32892,82.733894,0.39095762,0.24166666,0.8,1.0002221,8.778542,2.0,4.0,0.0,25.574223,1.0,2.0,2.0,350.0,1.0,1.0,1.0,1.0,0.0,1,1716721205.1226518,synthetic_006,train
62.03932,88.01037,-3.5591316,0.18,0.5,1.1479014,8.778542,3.0,4.0,0.0,23.837353,1.0,2.0,2.0,297.0,1.0,1.0,1.0,0.0,0.0,1,1716721210.1226518,synthetic_006,train
39.21104,80.0082,-6.2292943,0.4,1.0,2.3236396,8.778542,4.0,4.0,0.0,20.683283,1.0,2.0,2.0,168.0,1.0,1.0,1.0,0.0,0.0,1,1716721215.1226518,synthetic_006,train
0.19528137,0.51666594,-0.14646104,0.9,1.0,3.9934227,8.778542,4.0,4.0,0.0,19.175417,0.0,2.0,2.0,95.0,1.0,1.0,1.0,0.0,6.0,1,1716721220.1226518,synthetic_006,train
1.4216824,2.6718113,0.5499707,0.7,0.8,3.5924022,8.778542,5.0,4.0,0.0,24.430931,1.0,2.0,2.0,137.0,1.0,1.0,1.0,0.0,6.0,1,1716721225.1226518,synthetic_006,train
15.912536,48.246113,3.3280642,0.6333333,1.0,2.2951357,7.675939,4.0,3.0,0.0,15.146458,1.0,2.0,2.0,194.0,1.0,1.0,1.0,0.0,6.0,1,1716721230.1226518,synthetic_006,train
32.67347,84.35005,7.5340695,0.5,1.0,1.8207903,7.675939,3.0,3.0,1.0,13.742831,1.0,2.0,2.0,223.0,1.0,1.0,0.0,0.0,5.0,1,1716721235.1226518,synthetic_006,train
32.67347,84.35005,5.9964943,0.7,1.0,1.8463358,7.675939,3.0,3.0,1.0,13.665895,1.0,2.0,2.0,224.0,0.0,1.0,0.0,0.0,5.0,1,1716721240.1226518,synthetic_006,train
32.8551,84.27811,4.5230236,0.45,0.8,1.6246705,5.1096706,3.0,3.0,1.0,17.731567,1.0,2.0,2.0,224.0,0.0,1.0,0.0,0.0,6.0,1,1716721245.1226518,synthetic_006,train
38.173565,84.32693,1.5168366,0.3,0.8,2.0431361,5.1096706,4.0,3.0,0.0,24.899849,1.0,2.0,2.0,224.0,1.0,1.0,0.0,0.0,11.0,1,1716721250.1226518,synthetic_006,train
40.0147,86.96716,-3.1727095,0.4,0.6,2.053969,5.2324624,4.0,3.0,1.0,29.47756,0.0,2.0,2.0,212.0,1.0,1.0,0.0,0.0,11.0,1,1716721255.1226518,synthetic_006,train
31.888363,80.27283,-4.6960707,0.35,0.6,2.1461031,5.2324624,4.0,3.0,1.0,28.686794,0.0,4.0,4.0,202.0,1.0,1.0,0.0,0.0,11.0,1,1716721260.1226518,synthetic_006,train
13.312463,24.607231,0.5635299,0.2,0.4,2.4926455,5.2324624,4.0,3.0,1.0,22.30943,0.0,4.0,4.0,160.0,1.0,1.0,0.0,0.0,11.0,1,1716721265.1226518,synthetic_006,train
13.41351,24.549313,-0.71719265,0.13333334,0.4,3.0095851,10.796006,4.0,3.0,1.0,28.97614,0.0,4.0,4.0,161.0,1.0,1.0,0.0,0.0,22.0,1,1716721270.1226518,synthetic_006,train
13.835073,23.37023,-1.2637203,0.13333334,0.2,2.700361,10.796006,3.0,3.0,1.0,22.917307,1.0,4.0,4.0,177.0,1.0,1.0,0.0,0.0,22.0,1,1716721275.1226518,synthetic_006,train
8.092543,12.832992,0.46722472,0.3,0.4,2.7549684,10.796006,3.0,4.0,1.0,15.622055,1.0,4.0,4.0,150.0,1.0,1.0,0.0,0.0,22.0,1,1716721280.1226518,synthetic_006,train
8.736895,13.438768,-1.1513642,0.35,0.5,3.0760722,10.796006,3.0,4.0,1.0,14.647241,1.0,4.0,4.0,135.0,0.0,1.0,1.0,1.0,22.0,1,1716721285.1226518,synthetic_006,train
3.7483099,6.697834,-1.7392082,0.7,1.0,4.322646,10.796006,3.0,4.0,0.0,10.093247,2.0,2.0,2.0,90.0,0.0,1.0,1.0,1.0,22.0,1,1716721290.1226518,synthetic_006,train
3.0723119,5.824253,-1.1358193,0.53333336,0.6666667,4.048758,10.796006,4.0,4.0,1.0,10.797028,2.0,2.0,2.0,120.0,1.0,1.0,1.0,1.0,22.0,1,1716721295.1226518,synthetic_006,train
3.2447875,5.402057,-0.9801521,0.425,0.6,3.3310068,6.2243843,5.0,4.0,1.0,16.262142,1.0,2.0,2.0,135.0,1.0,1.0,1.0,1.0,1.0,1,1716721300.1226518,synthetic_006,train
17.873875,51.390144,6.669858,0.6,1.0,2.7897437,6.2243843,6.0,4.0,1.0,22.641907,1.0,2.0,2.0,165.0,1.0,1.0,1.0,1.0,14.0,1,1716721305.1226518,synthetic_006,train
19.66126,53.80835,7.7015524,0.4,0.6,2.7673442,6.2243843,5.0,4.0,1.0,19.304152,1.0,2.0,2.0,150.0,1.0,1.0,1.0,1.0,14.0,1,1716721310.1226518,synthetic_006,train
21.845846,56.600056,8.951196,0.325,0.4,2.3832288,5.745376,4.0,4.0,1.0,18.975502,0.0,2.0,2.0,135.0,1.0,1.0,1.0,0.0,14.0,1,1716721315.1226518,synthetic_006,train
22.756428,49.2452,2.813656,0.13333334,0.2,2.8520963,12.083163,5.0,4.0,1.0,28.47978,0.0,2.0,2.0,180.0,1.0,1.0,1.0,0.0,25.0,1,1716721320.1226518,synthetic_006,train
22.789692,49.230103,-0.81777287,0.23333333,0.5,2.7671869,12.083163,5.0,4.0,1.0,28.825132,0.0,2.0,2.0,180.0,1.0,1.0,1.0,0.0,25.0,1,1716721325.1226518,synthetic_006,train
26.77402,53.44479,-4.3167295,0.2,0.2,2.4821239,12.083163,3.0,4.0,0.0,21.769184,0.0,2.0,2.0,150.0,1.0,1.0,1.0,0.0,25.0,1,1716721330.1226518,synthetic_006,train
10.661068,16.511557,-1.518772,0.25,0.5,3.2352567,12.083163,3.0,4.0,0.0,17.034145,0.0,2.0,2.0,135.0,1.0,1.0,1.0,0.0,7.0,1,1716721335.1226518,synthetic_006,train
9.594961,15.928118,-1.6860741,0.3,0.6,3.4917657,12.083163,4.0,4.0,1.0,22.834494,0.0,2.0,2.0,150.0,1.0,1.0,1.0,1.0,7.0,1,1716721340.1226518,synthetic_006,train
9.594961,15.928118,-1.6860741,0.3,0.6,3.4917657,12.083163,4.0,4.0,1.0,22.834494,0.0,2.0,2.0,150.0,1.0,1.0,1.0,1.0,7.0,1,1716721345.1226518,synthetic_006,train
16.897396,43.079105,6.12303,0.45,0.5,3.3644302,7.8292117,4.0,4.0,0.0,25.45636,0.0,2.0,2.0,135.0,1.0,0.0,1.0,1.0,7.0,1,1716721350.1226518,synthetic_006,train
21.369822,48.671173,8.133726,0.45,0.5,3.5492287,7.8292117,3.0,4.0,0.0,18.566307,0.0,2.0,2.0,105.0,1.0,0.0,1.0,1.0,1.0,1,1716721355.1226518,synthetic_006,train
18.698593,45.689766,3.6416655,0.53333336,0.6666667,3.9890816,7.8292117,4.0,4.0,1.0,25.634361,0.0,2.0,2.0,120.0,1.0,0.0,1.0,1.0,1.0,1,1716721360.1226518,synthetic_006,train
26.518293,58.44366,-0.15327214,0.6,0.6,4.696054,7.8292117,3.0,3.0,0.0,17.679924,0.0,2.0,2.0,75.0,1.0,0.0,1.0,1.0,1.0,1,1716721365.1226518,synthetic_006,train
40.63783,68.6463,6.649215,0.45,0.5,4.0800147,8.803145,3.0,3.0,0.0,17.769335,1.0,2.0,2.0,105.0,1.0,0.0,1.0,1.0,19.0,0,1716721370.1226518,synthetic_006,train
53.575832,99.13806,7.562332,0.6,1.0,3.267274,8.803145,3.0,3.0,1.0,15.333164,1.0,3.0,3.0,165.0,1.0,1.0,1.0,1.0,19.0,0,1716721375.1226518,synthetic_006,train
47.82825,100.14846,3.603488,0.5,0.6,2.9546397,8.803145,3.0,3.0,1.0,15.734839,1.0,3.0,3.0,150.0,1.0,1.0,1.0,1.0,17.0,0,1716721380.1226518,synthetic_006,train
44.346073,95.708534,0.96152675,0.33333334,0.6,2.8005757,8.803145,3.0,3.0,1.0,17.264202,1.0,3.0,3.0,165.0,1.0,1.0,1.0,1.0,17.0,0,1716721385.1226518,synthetic_006,train
37.5236,88.942535,-4.7793717,0.6,1.0,2.3638175,8.803145,3.0,3.0,1.0,18.553179,1.0,3.0,3.0,195.0,1.0,1.0,1.0,1.0,17.0,0,1716721390.1226518,synthetic_006,train
32.355865,80.45377,-4.068634,0.4,0.8,2.3526504,8.803145,4.0,3.0,1.0,25.234356,1.0,3.0,3.0,240.0,1.0,1.0,1.0,1.0,17.0,0,1716721395.1226518,synthetic_006,train
25.271832,76.39597,-4.896734,0.46666667,0.8,2.0694764,5.296262,3.0,3.0,1.0,28.13929,0.0,3.0,3.0,225.0,1.0,1.0,1.0,1.0,17.0,0,1716721400.1226518,synthetic_006,train
6.5068207,8.377695,-0.04254504,0.33333334,0.6,2.2300005,5.296262,4.0,3.0,1.0,26.202898,0.0,2.0,2.0,180.0,1.0,1.0,1.0,1.0,25.0,1,1716721405.1226518,synthetic_006,train
5.093296,6.9137425,0.17117012,0.43333334,0.8,2.5043817,5.296262,4.0,3.0,1.0,23.99387,1.0,2.0,2.0,180.0,1.0,1.0,1.0,1.0,25.0,1,1716721410.1226518,synthetic_006,train
4.271324,6.5531015,0.046528112,0.5,0.8,2.4553673,5.296262,4.0,3.0,1.0,18.693565,1.0,2.0,2.0,212.0,1.0,1.0,1.0,1.0,16.0,1,1716721415.1226518,synthetic_006,train
5.436231,6.9900007,-0.71920604,0.53333336,1.0,2.4894357,4.889322,3.0,3.0,1.0,12.542598,1.0,2.0,2.0,167.0,1.0,1.0,1.0,1.0,16.0,1,1716721420.1226518,synthetic_006,train
3.7389398,3.6414993,-0.67586935,0.43333334,0.6666667,2.5588765,4.889322,2.0,2.0,0.0,10.932018,1.0,2.0,2.0,122.0,0.0,0.0,1.0,1.0,16.0,1,1716721425.1226518,synthetic_006,train
5.0812035,10.289621,0.9284838,0.5,0.6,3.1275365,13.554205,3.0,2.0,0.0,25.359837,1.0,2.0,2.0,156.0,0.0,1.0,1.0,1.0,16.0,1,1716721430.1226518,synthetic_006,train
4.926896,10.321262,0.6979589,0.5,0.6,3.33263,13.554205,3.0,2.0,0.0,28.436977,0.0,2.0,2.0,157.0,0.0,1.0,1.0,1.0,16.0,1,1716721435.1226518,synthetic_006,train
4.965716,10.946578,0.109429315,0.55,0.6,3.0617945,13.554205,2.0,2.0,1.0,26.09332,0.0,2.0,2.0,143.0,0.0,1.0,1.0,1.0,16.0,1,1716721440.1226518,synthetic_006,train
4.561021,11.630185,-1.2343227,0.7,1.0,3.7062662,13.554205,3.0,4.0,0.0,16.095924,0.0,2.0,2.0,128.0,0.0,1.0,1.0,1.0,15.0,1,1716721445.1226518,synthetic_006,train
10.007261,21.552685,2.3238034,0.4,0.8,3.0861769,13.554205,3.0,4.0,0.0,20.393742,0.0,2.0,2.0,176.0,0.0,1.0,1.0,1.0,15.0,1,1716721450.1226518,synthetic_006,train
9.173323,20.75174,1.4026463,0.56666666,0.8,3.2416236,13.554205,4.0,4.0,1.0,25.345278,0.0,2.0,2.0,192.0,1.0,1.0,1.0,1.0,15.0,1,1716721455.1226518,synthetic_006,train
6.902035,20.285318,0.51065385,0.8,1.0,2.5067487,6.6552644,3.0,4.0,1.0,22.425531,0.0,2.0,2.0,176.0,1.0,1.0,1.0,0.0,6.0,1,1716721460.1226518,synthetic_006,train
7.6122108,18.728264,0.27021712,0.53333336,0.8,2.2470307,6.6552644,3.0,4.0,1.0,27.470722,0.0,2.0,2.0,208.0,1.0,1.0,1.0,1.0,6.0,1,1716721465.1226518,synthetic_006,train
7.503149,17.998161,-0.26243445,0.55,0.8,2.350011,6.6552644,4.0,4.0,1.0,26.244892,0.0,2.0,2.0,224.0,1.0,1.0,1.0,1.0,6.0,1,1716721470.1226518,synthetic_006,train
12.095367,27.210957,0.64839643,0.525,0.6,1.7704659,4.951537,3.0,4.0,1.0,28.058064,0.0,2.0,2.0,272.0,1.0,1.0,1.0,1.0,6.0,1,1716721475.1226518,synthetic_006,train
8.22665,23.199139,0.9273573,0.575,0.8,1.7814946,4.951537,3.0,4.0,1.0,25.333872,0.0,2.0,2.0,272.0,1.0,1.0,1.0,1.0,6.0,1,1716721480.1226518,synthetic_006,train
8.22665,23.199139,0.58458024,0.575,0.8,1.5809596,3.6712615,2.0,4.0,1.0,25.066278,0.0,2.0,2.0,272.0,0.0,1.0,1.0,1.0,6.0,1,1716721485.1226518,synthetic_006,train
9.057395,23.769444,-0.21510099,0.4,0.8,1.9853438,6.2791376,3.0,4.0,1.0,28.094238,0.0,2.0,2.0,256.0,0.0,1.0,1.0,1.0,16.0,1,1716721490.1226518,synthetic_006,train
15.200325,27.805103,1.0964357,0.45,0.6,1.5846485,6.2791376,2.0,4.0,1.0,25.248161,1.0,2.0,2.0,304.0,1.0,1.0,1.0,1.0,16.0,1,1716721495.1226518,synthetic_006,train
15.625254,27.650976,0.3939867,0.4,0.8,1.5602801,6.2791376,2.0,4.0,1.0,22.46653,1.0,1.0,1.0,304.0,1.0,0.0,1.0,1.0,16.0,1,1716721500.1226518,synthetic_006,train
13.25503,20.539652,0.69574577,0.3,0.8,1.7630076,6.2791376,3.0,4.0,0.0,17.647913,1.0,1.0,1.0,272.0,1.0,1.0,1.0,1.0,22.0,1,1716721505.1226518,synthetic_006,train
14.5008,21.582996,-0.37220955,0.33333334,0.6,2.0022414,6.2791376,4.0,4.0,0.0,15.195296,1.0,1.0,1.0,240.0,1.0,1.0,1.0,1.0,7.0,1,1716721510.1226518,synthetic_006,train
14.696437,21.455088,-1.0756742,0.26666668,0.4,2.1720257,6.2791376,5.0,4.0,0.0,14.027332,1.0,1.0,1.0,240.0,1.0,1.0,1.0,1.0,7.0,1,1716721515.1226518,synthetic_006,train
32.738323,74.18373,3.5235307,0.15,0.2,1.8850821,4.547797,5.0,4.0,0.0,19.44828,1.0,2.0,2.0,257.0,1.0,1.0,1.0,1.0,21.0,0,1716721520.1226518,synthetic_006,train
30.59927,85.12967,5.0344825,0.13333334,0.2,2.5392969,4.547797,6.0,4.0,0.0,29.387354,0.0,2.0,2.0,195.0,1.0,1.0,1.0,1.0,21.0,0,1716721525.1226518,synthetic_006,train
27.130903,75.86661,-0.614495,0.2,0.4,1.9937466,4.547797,5.0,4.0,1.0,28.745586,0.0,2.0,2.0,248.0,1.0,1.0,1.0,1.0,21.0,0,1716721530.1226518,synthetic_006,train
26.99505,78.81283,-4.256535,0.31666666,0.75,2.1629074,4.547797,5.0,4.0,1.0,22.056778,1.0,2.0,2.0,235.0,1.0,1.0,1.0,1.0,6.0,0,1716721535.1226518,synthetic_006,train
26.99505,78.81283,-5.9177685,0.31666666,0.75,1.8664157,4.29134,4.0,4.0,1.0,17.317627,1.0,2.0,2.0,238.0,1.0,1.0,1.0,1.0,6.0,0,1716721540.1226518,synthetic_006,train
26.785439,78.88561,-7.482259,0.4,1.0,2.0246308,6.3042135,4.0,4.0,1.0,17.383625,1.0,2.0,2.0,241.0,1.0,1.0,1.0,1.0,6.0,0,1716721545.1226518,synthetic_006,train
5.7194877,6.848041,-0.9092849,0.43333334,0.8,2.3261597,6.3042135,4.0,3.0,0.0,13.825837,1.0,2.0,2.0,211.0,1.0,1.0,1.0,1.0,6.0,0,1716721550.1226518,synthetic_006,train
9.3704605,15.784533,0.883341,0.33333334,0.8,2.4482346,6.6842556,4.0,3.0,1.0,16.516495,1.0,2.0,2.0,215.0,1.0,1.0,1.0,1.0,6.0,0,1716721555.1226518,synthetic_006,train
7.5074387,17.77563,2.3803139,0.4,0.8,3.3644936,6.6842556,4.0,3.0,0.0,28.99723,0.0,1.0,1.0,168.0,1.0,1.0,1.0,1.0,6.0,0,1716721560.1226518,synthetic_006,train
13.652641,20.080679,1.6813804,0.37777779,0.4,2.2298076,6.6842556,3.0,3.0,0.0,28.590584,0.0,1.0,1.0,248.0,1.0,1.0,1.0,1.0,0.0,0,1716721565.1226518,synthetic_006,train
11.832289,19.201727,-0.17484798,0.46666667,0.8,2.236543,6.6842556,3.0,3.0,0.0,27.24393,0.0,2.0,2.0,289.0,1.0,1.0,1.0,1.0,0.0,0,1716721570.1226518,synthetic_006,train
11.559454,18.134886,-0.5511395,0.43333334,1.0,1.8570228,6.6842556,3.0,3.0,0.0,27.628183,0.0,2.0,2.0,350.0,1.0,1.0,1.0,1.0,20.0,0,1716721575.1226518,synthetic_006,train
11.444476,18.205017,-0.9400125,0.51666665,0.8,1.5967113,6.6842556,2.0,3.0,0.0,22.056547,0.0,2.0,2.0,351.0,1.0,1.0,1.0,1.0,20.0,0,1716721580.1226518,synthetic_006,train
8.425241,14.809885,-0.64743006,0.56666666,0.6666667,1.5647736,5.7186275,2.0,3.0,1.0,25.490952,0.0,2.0,2.0,353.0,1.0,1.0,1.0,0.0,20.0,1,1716721585.1226518,synthetic_006,train
8.912602,15.693841,-1.129118,0.7,1.0,1.4289515,5.7186275,2.0,3.0,1.0,21.118921,0.0,2.0,2.0,315.0,1.0,0.0,1.0,0.0,0.0,1,1716721590.1226518,synthetic_006,train
3.268425,8.377749,0.22890542,0.7,0.8,1.8581616,5.7186275,2.0,3.0,0.0,16.357533,0.0,2.0,2.0,200.0,0.0,0.0,1.0,0.0,26.0,1,1716721595.1226518,synthetic_006,train
7.0144544,12.149007,0.9708995,0.425,0.6,3.4540007,17.058487,3.0,3.0,0.0,25.858667,1.0,2.0,2.0,180.0,0.0,1.0,0.0,0.0,20.0,1,1716721600.1226518,synthetic_006,train
7.1725035,11.754954,3.8882642,0.2,0.4,4.341232,17.058487,2.0,3.0,0.0,16.62318,1.0,2.0,2.0,120.0,1.0,1.0,0.0,0.0,6.0,1,1716721605.1226518,synthetic_006,train
9.7498455,12.261771,2.7753274,0.1,0.2,4.837493,17.058487,3.0,3.0,0.0,16.082186,1.0,2.0,2.0,140.0,1.0,1.0,0.0,0.0,6.0,1,1716721610.1226518,synthetic_006,train
12.740192,11.791026,0.600298,0.0,0.0,4.783267,17.058487,2.0,3.0,0.0,9.70093,1.0,2.0,2.0,120.0,1.0,1.0,0.0,0.0,19.0,1,1716721615.1226518,synthetic_006,train
9.881924,11.305065,-1.4142942,0.16666667,0.33333334,4.6350665,17.058487,4.0,3.0,0.0,17.51929,1.0,2.0,2.0,160.0,1.0,1.0,0.0,0.0,19.0,1,1716721620.1226518,synthetic_006,train
9.83223,10.605966,-0.4882677,0.13333334,0.4,3.8741314,17.058487,5.0,3.0,0.0,23.233599,1.0,2.0,2.0,220.0,1.0,1.0,0.0,0.0,19.0,1,1716721625.1226518,synthetic_006,train
39.924828,88.50677,11.537802,0.36666667,0.6,2.0664654,8.423252,4.0,3.0,0.0,27.786654,0.0,2.0,2.0,280.0,1.0,1.0,1.0,1.0,22.0,1,1716721630.1226518,synthetic_006,train
36.90632,86.038155,6.7899365,0.4,0.6,2.25836,8.423252,5.0,4.0,0.0,25.452147,0.0,2.0,2.0,300.0,1.0,1.0,1.0,1.0,19.0,1,1716721635.1226518,synthetic_006,train
36.2748,86.19287,3.8984835,0.46666667,0.6,1.7618201,4.590257,4.0,4.0,1.0,25.261192,0.0,2.0,2.0,300.0,1.0,1.0,1.0,1.0,19.0,1,1716721640.1226518,synthetic_006,train
35.73916,86.39062,2.3056107,0.46666667,0.6,2.03868,5.3190074,5.0,4.0,1.0,25.989943,0.0,2.0,2.0,300.0,1.0,1.0,1.0,1.0,12.0,1,1716721645.1226518,synthetic_006,train
37.271538,85.96389,-0.7995587,0.46666667,0.6,1.8814746,5.554097,4.0,4.0,1.0,24.776003,0.0,2.0,2.0,300.0,1.0,1.0,1.0,1.0,19.0,1,1716721650.1226518,synthetic_006,train
40.767227,92.27522,-6.13795,0.5555556,0.6666667,2.2187982,6.1571684,4.0,4.0,1.0,28.366634,0.0,2.0,2.0,261.0,1.0,1.0,1.0,1.0,19.0,1,1716721655.1226518,synthetic_006,train
5.5961814,8.287667,0.098427266,0.33333334,0.6,2.8297808,6.1571684,5.0,4.0,1.0,20.939653,1.0,2.0,2.0,224.0,1.0,1.0,1.0,0.0,19.0,0,1716721660.1226518,synthetic_006,train
4.7016716,8.200206,-0.7310031,0.6666667,1.0,2.3732765,6.1571684,4.0,4.0,1.0,13.858492,1.0,2.0,2.0,247.0,1.0,1.0,1.0,0.0,19.0,0,1716721665.1226518,synthetic_006,train
5.4497075,8.850335,0.21275261,0.51111114,0.6,2.3730297,6.1571684,4.0,4.0,1.0,17.674877,1.0,2.0,2.0,270.0,1.0,1.0,1.0,0.0,19.0,0,1716721670.1226518,synthetic_006,train
5.7468038,8.767786,0.116463274,0.55,0.8,2.1288743,6.1571684,4.0,4.0,1.0,19.053682,1.0,1.0,1.0,292.0,1.0,1.0,1.0,0.0,19.0,0,1716721675.1226518,synthetic_006,train
4.3599052,6.8470144,0.5272106,0.51111114,0.6,2.3355727,6.581054,4.0,4.0,0.0,22.343332,1.0,1.0,1.0,273.0,0.0,1.0,1.0,1.0,22.0,0,1716721680.1226518,synthetic_006,train
4.3599052,6.8470144,0.21578877,0.51111114,0.6,2.1509197,6.581054,4.0,4.0,0.0,26.446806,0.0,1.0,1.0,273.0,0.0,1.0,1.0,1.0,22.0,0,1716721685.1226518,synthetic_006,train
51.815098,109.95932,9.533175,0.5125,0.8,1.5654764,6.581054,4.0,3.0,0.0,19.53356,2.0,1.0,1.0,399.0,1.0,1.0,1.0,1.0,0.0,0,1716721690.1226518,synthetic_006,train
72.697624,101.70736,1.3663388,0.35714287,0.6666667,0.8302833,6.581054,4.0,2.0,0.0,11.772281,4.0,1.0,1.0,798.0,1.0,1.0,1.0,1.0,0.0,0,1716721695.1226518,synthetic_006,train
83.36845,104.058426,0.6909862,0.24489796,0.5714286,0.69739926,6.581054,4.0,0.0,0.0,9.419767,5.0,1.0,1.0,987.0,1.0,1.0,1.0,1.0,0.0,0,1716721700.1226518,synthetic_006,train
80.10897,98.96522,-0.3958636,0.2777778,0.5,0.58971155,6.581054,3.0,0.0,0.0,7.5550833,5.0,1.0,1.0,1176.0,1.0,1.0,1.0,1.0,0.0,0,1716721705.1226518,synthetic_006,train
80.23089,98.871185,-0.6826877,0.22222222,0.44444445,0.4969632,3.7566803,2.0,0.0,0.0,7.307953,5.0,1.0,1.0,1176.0,1.0,1.0,0.0,0.0,0.0,0,1716721710.1226518,synthetic_006,train
61.687317,77.16126,0.58993584,0.16666667,0.6666667,0.5975092,7.149554,1.0,0.0,0.0,12.919841,3.0,0.0,0.0,55.0,1.0,1.0,1.0,0.0,0.0,0,1716720030.5224288,synthetic_007,val
61.397644,74.98748,0.6782729,0.15238096,0.4,0.6221884,7.149554,1.0,0.0,0.0,12.968266,1.0,0.0,0.0,57.0,1.0,1.0,1.0,0.0,0.0,0,1716720035.5224288,synthetic_007,val
58.179417,80.72631,1.3019491,0.21428572,0.5,0.8347734,7.149554,2.0,0.0,0.0,17.757442,1.0,0.0,0.0,52.0,1.0,1.0,1.0,0.0,0.0,0,1716720040.5224288,synthetic_007,val
68.925224,92.44324,-4.924594,0.12,0.6,1.1888661,7.149554,3.0,3.0,0.0,27.144958,0.0,1.0,1.0,46.0,1.0,1.0,1.0,0.0,0.0,0,1716720045.5224288,synthetic_007,val
37.7507,62.64648,-10.161828,0.2,0.4,2.1678634,7.149554,4.0,3.0,0.0,25.546036,0.0,1.0,1.0,24.0,1.0,1.0,1.0,0.0,0.0,0,1716720050.5224288,synthetic_007,val
4.632734,7.832614,-0.5946865,0.6666667,1.0,2.808303,7.149554,5.0,4.0,1.0,26.550083,0.0,3.0,3.0,24.0,1.0,1.0,1.0,0.0,26.0,0,1716720055.5224288,synthetic_007,val
5.5592804,8.322252,-1.704642,0.5,0.8,2.4532514,5.6759934,4.0,4.0,1.0,24.04325,0.0,3.0,3.0,20.0,1.0,1.0,1.0,0.0,26.0,0,1716720060.5224288,synthetic_007,val
17.249052,31.260427,3.7589738,0.33333334,0.8,2.421425,6.086064,6.0,4.0,1.0,28.223957,0.0,4.0,4.0,28.0,1.0,1.0,1.0,1.0,26.0,0,1716720065.5224288,synthetic_007,val
18.575903,32.12394,4.035292,0.26666668,0.6,2.1710737,6.086064,5.0,4.0,1.0,24.026394,0.0,4.0,4.0,26.0,1.0,1.0,1.0,1.0,26.0,0,1716720070.5224288,synthetic_007,val
21.473433,36.857132,2.9952407,0.51666665,0.8,2.2663555,6.086064,5.0,4.0,1.0,28.0037,0.0,5.0,5.0,28.0,1.0,1.0,1.0,1.0,26.0,0,1716720075.5224288,synthetic_007,val
19.84754,34.588276,0.70277685,0.35,0.8,2.1024015,6.086064,4.0,4.0,1.0,28.070843,0.0,5.0,5.0,32.0,1.0,1.0,1.0,1.0,26.0,1,1716720080.5224288,synthetic_007,val
26.463387,37.95248,-2.7704697,0.2,0.6,2.0929925,6.086064,3.0,3.0,0.0,19.029848,0.0,5.0,5.0,24.0,1.0,0.0,1.0,1.0,9.0,1,1716720085.5224288,synthetic_007,val
23.572363,35.72518,-2.787955,0.2,0.6,2.4579203,8.20303,4.0,3.0,0.0,28.324821,0.0,5.0,5.0,28.0,1.0,0.0,1.0,1.0,9.0,1,1716720090.5224288,synthetic_007,val
11.787588,25.309244,-0.8853742,0.53333336,1.0,2.6052449,8.20303,2.0,3.0,0.0,22.702534,0.0,5.0,5.0,22.0,1.0,0.0,0.0,0.0,2.0,1,1716720095.5224288,synthetic_007,val
17.966816,37.48587,1.6633376,0.45,0.75,2.2988338,8.20303,2.0,3.0,0.0,26.228516,0.0,5.0,5.0,28.0,1.0,0.0,0.0,0.0,16.0,1,1716720100.5224288,synthetic_007,val
12.657633,33.08747,0.5875751,0.53333336,1.0,2.3185437,8.20303,2.0,4.0,1.0,27.915447,0.0,3.0,3.0,27.0,1.0,1.0,0.0,0.0,16.0,1,1716720105.5224288,synthetic_007,val
12.03295,34.823715,-1.0747093,0.73333335,1.0,2.4880242,8.20303,3.0,4.0,1.0,21.653261,0.0,3.0,3.0,27.0,1.0,1.0,0.0,0.0,24.0,1,1716720110.5224288,synthetic_007,val
11.242734,32.10618,-0.95827883,0.56666666,0.8,2.4254813,8.20303,3.0,4.0,1.0,25.753708,0.0,3.0,3.0,33.0,1.0,1.0,1.0,0.0,24.0,1,1716720115.5224288,synthetic_007,val
12.966457,30.300163,-0.563883,0.4,1.0,1.8997052,4.215484,2.0,4.0,1.0,27.378511,1.0,3.0,3.0,41.0,1.0,1.0,1.0,0.0,16.0,1,1716720120.5224288,synthetic_007,val
14.09945,32.316956,-1.3783729,0.46666667,0.8,1.8779839,4.215484,2.0,4.0,1.0,22.154882,1.0,3.0,3.0,37.0,1.0,1.0,1.0,0.0,16.0,1,1716720125.5224288,synthetic_007,val
6.4469056,9.591711,1.5091536,0.33333334,1.0,2.4398859,6.5128355,3.0,4.0,1.0,20.885954,1.0,3.0,3.0,34.0,1.0,1.0,1.0,0.0,3.0,1,1716720130.5224288,synthetic_007,val
7.032988,9.831933,0.2036526,0.53333336,1.0,2.5656576,6.5128355,3.0,3.0,0.0,16.742065,1.0,3.0,3.0,33.0,1.0,1.0,1.0,1.0,3.0,1,1716720135.5224288,synthetic_007,val
7.9102654,9.933474,-1.0401634,0.2,0.4,2.9769688,6.8973994,3.0,3.0,0.0,13.5359955,1.0,2.0,2.0,30.0,1.0,1.0,1.0,1.0,3.0,1,1716720140.5224288,synthetic_007,val
6.8888493,9.962208,-1.5642911,0.53333336,1.0,2.7619064,6.8973994,3.0,3.0,0.0,20.728186,1.0,2.0,2.0,33.0,1.0,1.0,1.0,1.0,3.0,1,1716720145.5224288,synthetic_007,val
11.371726,25.105156,3.7854495,0.26666668,0.4,2.66214,6.8973994,3.0,4.0,0.0,22.770702,0.0,2.0,2.0,33.0,1.0,1.0,1.0,1.0,20.0,1,1716720150.5224288,synthetic_007,val
10.452891,22.351528,1.4992561,0.35,0.4,2.5021756,6.8973994,3.0,4.0,1.0,28.517622,0.0,2.0,2.0,42.0,1.0,1.0,1.0,1.0,20.0,1,1716720155.5224288,synthetic_007,val
9.824429,21.681797,0.5585336,0.4,0.6,2.2473152,6.8973994,3.0,4.0,1.0,28.925426,0.0,2.0,2.0,45.0,1.0,1.0,1.0,1.0,20.0,1,1716720160.5224288,synthetic_007,val
11.334621,21.461763,0.007851025,0.26666668,0.4,2.0296524,6.8973994,2.0,4.0,1.0,23.547386,0.0,2.0,2.0,45.0,1.0,1.0,1.0,1.0,7.0,1,1716720165.5224288,synthetic_007,val
11.356009,21.451677,-0.4981377,0.26666668,0.4,1.9580626,5.8235536,2.0,4.0,1.0,28.130957,0.0,2.0,2.0,45.0,1.0,1.0,1.0,1.0,20.0,1,1716720170.5224288,synthetic_007,val
45.67437,79.25048,3.4913642,0.16666667,0.4,1.1666325,5.8235536,2.0,4.0,1.0,26.13079,1.0,2.0,2.0,78.0,1.0,1.0,1.0,1.0,0.0,0,1716720175.5224288,synthetic_007,val
47.043243,88.58213,1.6349835,0.26666668,0.6,1.0442265,5.8235536,2.0,4.0,1.0,19.13337,1.0,3.0,3.0,90.0,1.0,1.0,1.0,1.0,0.0,1,1716720180.5224288,synthetic_007,val
51.483177,92.42166,1.1483642,0.28333333,0.5,0.94740283,5.8235536,2.0,4.0,1.0,15.470754,1.0,3.0,3.0,81.0,1.0,1.0,1.0,1.0,0.0,1,1716720185.5224288,synthetic_007,val
53.44288,93.67762,-0.09306294,0.2,0.6,0.9815902,5.8235536,2.0,4.0,1.0,14.339846,1.0,3.0,3.0,78.0,1.0,1.0,1.0,1.0,0.0,1,1716720190.5224288,synthetic_007,val
52.571617,94.11536,-1.7718235,0.4,1.0,1.227283,6.9934244,3.0,4.0,1.0,13.042902,1.0,3.0,3.0,78.0,1.0,1.0,1.0,1.0,0.0,1,1716720195.5224288,synthetic_007,val
52.697495,94.047264,-2.6418242,0.26666668,0.6,1.0898371,6.9934244,2.0,4.0,1.0,14.00136,1.0,3.0,3.0,78.0,1.0,1.0,1.0,1.0,0.0,1,1716720200.5224288,synthetic_007,val
23.53168,76.59748,-3.33738,0.46666667,0.6,2.0111053,6.9934244,3.0,4.0,1.0,28.85765,0.0,3.0,3.0,45.0,1.0,1.0,1.0,1.0,15.0,1,1716720205.5224288,synthetic_007,val
2.5164094,3.5169792,0.43000805,0.55,0.6,3.1487107,6.9934244,3.0,4.0,1.0,23.204823,0.0,2.0,2.0,27.0,1.0,1.0,0.0,0.0,27.0,1,1716720210.5224288,synthetic_007,val
2.0588806,3.3062837,0.028661804,0.73333335,1.0,3.0943532,6.9934244,4.0,4.0,1.0,28.90431,0.0,3.0,3.0,33.0,1.0,1.0,0.0,0.0,26.0,1,1716720215.5224288,synthetic_007,val
2.0630438,3.3066983,0.058610614,0.46666667,0.8,3.0853858,6.9934244,4.0,4.0,1.0,26.94582,0.0,3.0,3.0,33.0,1.0,1.0,0.0,0.0,26.0,1,1716720220.5224288,synthetic_007,val
2.0630438,3.3066983,-0.35399812,0.73333335,1.0,2.4505568,6.221095,3.0,4.0,1.0,24.706161,0.0,3.0,3.0,33.0,1.0,1.0,0.0,0.0,26.0,1,1716720225.5224288,synthetic_007,val
5.999206,12.377559,1.2039175,0.55,0.8,2.325992,6.221095,4.0,4.0,1.0,20.69791,2.0,3.0,3.0,42.0,1.0,1.0,1.0,0.0,26.0,1,1716720230.5224288,synthetic_007,val
6.7525024,13.782773,1.874328,0.4,0.6,2.2781672,5.207045,3.0,4.0,1.0,17.117552,2.0,3.0,3.0,33.0,1.0,1.0,1.0,0.0,26.0,1,1716720235.5224288,synthetic_007,val
7.092855,14.430178,1.6041561,0.5,0.8,2.7519417,6.261833,4.0,4.0,1.0,13.961591,2.0,3.0,3.0,30.0,1.0,1.0,1.0,0.0,26.0,1,1716720240.5224288,synthetic_007,val
8.061852,14.978592,0.5410422,0.3,0.6,3.2433774,7.370469,4.0,4.0,1.0,10.735762,2.0,3.0,3.0,27.0,1.0,1.0,1.0,0.0,8.0,1,1716720245.5224288,synthetic_007,val
7.4747295,13.546208,-0.43417096,0.26666668,0.6,2.7983894,7.370469,3.0,4.0,1.0,18.78846,2.0,3.0,3.0,33.0,1.0,0.0,1.0,0.0,8.0,1,1716720250.5224288,synthetic_007,val
9.13578,14.570616,-2.1663473,0.225,0.25,3.1240945,7.370469,3.0,4.0,1.0,17.818739,2.0,3.0,3.0,27.0,1.0,0.0,1.0,0.0,8.0,1,1716720255.5224288,synthetic_007,val
3.1186392,2.8789043,0.8984929,0.2,0.2,4.051825,7.370469,2.0,4.0,0.0,13.997292,0.0,2.0,2.0,15.0,1.0,0.0,1.0,0.0,15.0,1,1716720260.5224288,synthetic_007,val
3.9363017,5.116951,0.93848103,0.26666668,0.33333334,4.2832932,13.192668,3.0,4.0,0.0,28.004513,0.0,2.0,2.0,24.0,1.0,0.0,1.0,0.0,15.0,1,1716720265.5224288,synthetic_007,val
9.381963,11.388549,2.1562293,0.2,0.4,2.7012026,13.192668,2.0,4.0,1.0,25.043964,0.0,3.0,3.0,36.0,1.0,0.0,0.0,0.0,15.0,1,1716720270.5224288,synthetic_007,val
19.16062,41.213932,4.2219667,0.36666667,0.5,2.1978319,13.192668,1.0,4.0,1.0,22.222372,1.0,3.0,3.0,42.0,1.0,1.0,1.0,1.0,15.0,1,1716720275.5224288,synthetic_007,val
18.552885,41.45396,1.2098486,0.45,0.75,2.124099,13.192668,2.0,4.0,1.0,9.454124,1.0,3.0,3.0,45.0,1.0,1.0,1.0,1.0,25.0,1,1716720280.5224288,synthetic_007,val
17.316027,40.23224,0.5191799,0.46666667,0.8,2.136587,13.192668,2.0,4.0,1.0,10.056605,1.0,3.0,3.0,49.0,1.0,1.0,1.0,1.0,25.0,1,1716720285.5224288,synthetic_007,val
17.316027,40.23224,0.5191799,0.46666667,0.8,2.136587,13.192668,2.0,4.0,1.0,10.056605,1.0,3.0,3.0,49.0,1.0,1.0,1.0,1.0,25.0,1,1716720290.5224288,synthetic_007,val
17.519264,41.730057,-1.6487314,0.51666665,0.75,1.9981465,8.412024,2.0,4.0,0.0,16.061613,1.0,3.0,3.0,48.0,1.0,1.0,1.0,1.0,25.0,1,1716720295.5224288,synthetic_007,val
16.489304,49.4904,-6.507666,0.6,0.6,2.8121939,8.412024,3.0,4.0,0.0,25.20692,0.0,3.0,3.0,37.0,1.0,1.0,1.0,1.0,21.0,1,1716720300.5224288,synthetic_007,val
1.136331,1.3832707,0.08719891,0.46666667,0.6,3.8056626,8.412024,4.0,4.0,0.0,28.82481,0.0,2.0,2.0,32.0,0.0,1.0,1.0,1.0,18.0,1,1716720305.5224288,synthetic_007,val
2.0481725,1.8603958,0.75055146,0.2,0.4,4.337344,8.412024,4.0,4.0,0.0,24.042852,1.0,2.0,2.0,28.0,0.0,1.0,1.0,1.0,18.0,1,1716720310.5224288,synthetic_007,val
1.792151,1.8684244,-0.011675491,0.43333334,0.6666667,4.074146,8.412024,5.0,4.0,0.0,15.113214,1.0,2.0,2.0,32.0,0.0,1.0,1.0,1.0,18.0,1,1716720315.5224288,synthetic_007,val
2.221282,2.1707175,0.24930573,0.35,0.5,3.8572702,8.412024,5.0,4.0,0.0,14.613006,1.0,2.0,2.0,36.0,0.0,1.0,1.0,1.0,18.0,1,1716720320.5224288,synthetic_007,val
2.0617278,2.1543899,-0.24990769,0.4,0.6,3.2986412,8.049045,5.0,4.0,1.0,19.900024,1.0,1.0,1.0,40.0,0.0,1.0,1.0,1.0,18.0,0,1716720325.5224288,synthetic_007,val
1.9982702,2.2751415,-0.29602996,0.45,0.5,3.1587338,8.049045,4.0,4.0,0.0,15.850769,1.0,1.0,1.0,36.0,0.0,1.0,0.0,0.0,18.0,0,1716720330.5224288,synthetic_007,val
1.8145626,2.234282,-0.37280634,0.5,0.6,2.8910742,7.2636824,4.0,4.0,0.0,23.308332,1.0,1.0,1.0,40.0,0.0,1.0,0.0,0.0,23.0,0,1716720335.5224288,synthetic_007,val
1.1698316,1.9987313,-0.12803553,0.6333333,0.6666667,2.9250088,7.2636824,3.0,4.0,0.0,19.28276,0.0,1.0,1.0,32.0,0.0,1.0,0.0,0.0,16.0,0,1716720340.5224288,synthetic_007,val
1.3369504,2.0976367,-0.6934097,0.7,1.0,3.8269296,7.931607,3.0,3.0,0.0,24.666239,0.0,1.0,1.0,28.0,1.0,1.0,0.0,0.0,16.0,0,1716720345.5224288,synthetic_007,val
14.859768,26.15929,6.0037313,0.4,0.6,3.3275592,7.931607,4.0,3.0,0.0,27.428406,0.0,1.0,1.0,40.0,1.0,1.0,0.0,0.0,0.0,0,1716720350.5224288,synthetic_007,val
46.17682,71.64227,8.844896,0.13333334,0.4,2.2691858,7.931607,3.0,3.0,0.0,17.10441,1.0,1.0,1.0,52.0,1.0,0.0,0.0,0.0,0.0,1,1716720355.5224288,synthetic_007,val
38.253498,66.35069,2.2764363,0.4,1.0,2.0586658,7.931607,3.0,4.0,0.0,16.046858,1.0,1.0,1.0,64.0,1.0,1.0,0.0,0.0,0.0,1,1716720360.5224288,synthetic_007,val
39.710075,65.70286,-0.7327089,0.15,0.4,1.958685,7.931607,3.0,4.0,0.0,11.703677,1.0,1.0,1.0,64.0,1.0,1.0,0.0,0.0,0.0,1,1716720365.5224288,synthetic_007,val
35.297844,63.038895,-1.8255566,0.31666666,0.6666667,1.8165164,7.931607,3.0,4.0,0.0,13.758716,1.0,1.0,1.0,72.0,1.0,1.0,0.0,0.0,0.0,1,1716720370.5224288,synthetic_007,val
35.297844,63.038895,-3.1369317,0.35,1.0,1.839234,8.340523,3.0,4.0,0.0,15.657873,1.0,1.0,1.0,72.0,0.0,1.0,0.0,0.0,0.0,1,1716720375.5224288,synthetic_007,val
30.027771,64.46677,-5.306378,0.375,0.6,1.6754481,8.340523,2.0,4.0,0.0,21.953497,1.0,1.0,1.0,68.0,0.0,1.0,0.0,0.0,0.0,1,1716720380.5224288,synthetic_007,val
4.225641,6.6019616,-0.20288429,0.6166667,0.8,1.694658,8.340523,2.0,4.0,1.0,29.483204,0.0,1.0,1.0,72.0,1.0,1.0,0.0,0.0,6.0,1,1716720385.5224288,synthetic_007,val
4.286948,6.8058047,-0.3386308,0.6,0.6,1.8043072,8.340523,2.0,4.0,0.0,20.652922,0.0,1.0,1.0,60.0,1.0,0.0,0.0,0.0,21.0,1,1716720390.5224288,synthetic_007,val
3.0266879,4.731026,0.0958885,0.6888889,0.8,1.5487014,8.340523,1.0,3.0,0.0,19.633524,0.0,1.0,1.0,52.0,1.0,0.0,0.0,0.0,21.0,1,1716720395.5224288,synthetic_007,val
3.2789118,4.849246,-0.29069024,0.73333335,1.0,2.8080683,14.922035,2.0,3.0,0.0,25.356297,0.0,1.0,1.0,48.0,1.0,0.0,0.0,0.0,21.0,1,1716720400.5224288,synthetic_007,val
19.082449,57.1693,6.328353,0.62222224,0.6666667,2.1206052,14.922035,1.0,3.0,0.0,26.42106,0.0,1.0,1.0,52.0,1.0,0.0,1.0,0.0,21.0,1,1716720405.5224288,synthetic_007,val
22.19165,59.776344,6.310167,0.6333333,0.8,2.3001359,14.922035,2.0,3.0,1.0,25.667044,0.0,1.0,1.0,48.0,1.0,0.0,1.0,0.0,4.0,1,1716720410.5224288,synthetic_007,val
35.27959,77.79807,-6.089023,0.8,1.0,4.118236,14.922035,3.0,3.0,0.0,13.905617,0.0,1.0,1.0,28.0,1.0,1.0,1.0,0.0,4.0,0,1716720415.5224288,synthetic_007,val
27.83373,68.981804,-6.7801743,0.675,0.75,3.7056642,14.922035,4.0,3.0,0.0,18.428942,0.0,1.0,1.0,36.0,1.0,1.0,1.0,0.0,4.0,0,1716720420.5224288,synthetic_007,val
32.42714,67.25538,0.22212,0.48333332,0.6,2.784287,14.922035,4.0,3.0,1.0,20.621128,1.0,2.0,2.0,58.0,1.0,1.0,1.0,0.0,4.0,0,1716720425.5224288,synthetic_007,val
29.596102,60.04571,-1.4267884,0.48333332,0.6,1.5914806,6.4152713,3.0,4.0,1.0,22.077143,2.0,2.0,2.0,79.0,1.0,1.0,1.0,1.0,4.0,0,1716720430.5224288,synthetic_007,val
19.192078,41.259342,0.9956698,0.4,0.6,1.86729,6.4152713,4.0,4.0,1.0,23.09035,2.0,2.0,2.0,76.0,1.0,1.0,1.0,1.0,4.0,0,1716720435.5224288,synthetic_007,val
17.191992,41.102493,0.31227484,0.475,0.6,1.9191084,6.4152713,3.0,4.0,1.0,21.584352,2.0,3.0,3.0,78.0,1.0,1.0,1.0,1.0,4.0,1,1716720440.5224288,synthetic_007,val
17.434824,41.00666,-1.049565,0.425,0.5,1.8010837,5.308851,2.0,4.0,1.0,22.428621,2.0,3.0,3.0,80.0,0.0,1.0,1.0,1.0,4.0,1,1716720445.5224288,synthetic_007,val
15.908264,38.97285,-2.094183,0.4875,0.75,1.6153705,5.308851,1.0,4.0,1.0,23.564537,2.0,3.0,3.0,92.0,1.0,1.0,1.0,1.0,24.0,1,1716720450.5224288,synthetic_007,val
7.05576,15.109046,-0.80993074,0.5833333,0.75,1.7902143,5.308851,1.0,4.0,1.0,21.943844,1.0,3.0,3.0,70.0,1.0,1.0,1.0,1.0,24.0,1,1716720455.5224288,synthetic_007,val
2.4954298,3.3936448,0.26225454,0.4,0.8,2.7859452,8.553591,2.0,4.0,0.0,25.336548,0.0,3.0,3.0,55.0,1.0,1.0,0.0,0.0,24.0,1,1716720460.5224288,synthetic_007,val
2.6545465,3.8058028,0.19983493,0.62222224,0.6666667,2.2011921,8.553591,1.0,4.0,0.0,25.779129,0.0,3.0,3.0,65.0,1.0,1.0,0.0,0.0,24.0,1,1716720465.5224288,synthetic_007,val
2.5988617,3.8254108,0.08633037,0.65,0.8,2.1575541,8.553591,2.0,4.0,0.0,27.298887,0.0,2.0,2.0,70.0,1.0,1.0,0.0,0.0,24.0,1,1716720470.5224288,synthetic_007,val
7.5468664,18.26902,1.6096472,0.53333336,0.8,2.0184183,8.553591,3.0,3.0,0.0,24.571312,1.0,2.0,2.0,75.0,1.0,1.0,0.0,0.0,24.0,1,1716720475.5224288,synthetic_007,val
9.02976,20.182705,1.7760774,0.33333334,0.6,2.3589735,8.553591,3.0,3.0,0.0,14.815569,1.0,1.0,1.0,60.0,1.0,1.0,0.0,0.0,10.0,1,1716720480.5224288,synthetic_007,val
8.315966,17.963821,0.6831171,0.33333334,0.6,2.360473,8.553591,4.0,4.0,1.0,16.1121,1.0,3.0,3.0,75.0,1.0,1.0,0.0,0.0,10.0,1,1716720485.5224288,synthetic_007,val
8.801572,17.416842,0.30715257,0.25,0.6,1.8378319,4.2467465,3.0,4.0,1.0,15.765579,2.0,3.0,3.0,82.0,1.0,1.0,0.0,0.0,10.0,1,1716720490.5224288,synthetic_007,val
10.284798,17.770712,-0.039222956,0.2,0.4,1.9125278,4.2467465,3.0,4.0,1.0,13.035291,2.0,3.0,3.0,79.0,1.0,1.0,0.0,0.0,23.0,1,1716720495.5224288,synthetic_007,val
11.558302,18.79317,-1.4182994,0.06666667,0.2,2.1487877,5.737018,3.0,4.0,1.0,13.681857,2.0,3.0,3.0,70.0,1.0,1.0,0.0,0.0,23.0,0,1716720500.5224288,synthetic_007,val
6.9310837,5.1137524,0.5267064,0.1,0.2,2.2195623,5.737018,2.0,4.0,0.0,9.783634,1.0,3.0,3.0,55.0,1.0,1.0,0.0,0.0,23.0,0,1716720505.5224288,synthetic_007,val
6.431035,5.252829,-0.02853355,0.13333334,0.2,2.7863357,9.081138,3.0,4.0,1.0,17.47082,1.0,3.0,3.0,62.0,1.0,1.0,0.0,0.0,4.0,0,1716720510.5224288,synthetic_007,val
6.7948766,6.1595654,-0.49245003,0.26666668,0.33333334,2.9437854,9.081138,2.0,4.0,0.0,18.836159,1.0,3.0,3.0,47.0,1.0,1.0,0.0,0.0,4.0,0,1716720515.5224288,synthetic_007,val
6.6321115,6.398138,-0.096577756,0.1,0.2,4.326723,10.071507,3.0,4.0,0.0,28.467558,0.0,1.0,1.0,42.0,1.0,1.0,0.0,0.0,4.0,0,1716720520.5224288,synthetic_007,val
3.3797448,5.300045,0.075276166,0.6,1.0,4.727987,10.071507,4.0,2.0,0.0,27.358889,0.0,1.0,1.0,42.0,1.0,1.0,0.0,0.0,4.0,0,1716720525.5224288,synthetic_007,val
4.7279835,6.0632167,0.76443887,0.45,0.5,4.0571012,10.071507,3.0,2.0,0.0,19.318573,0.0,1.0,1.0,42.0,1.0,1.0,0.0,0.0,4.0,0,1716720530.5224288,synthetic_007,val
3.818948,5.5612254,-0.13112757,0.45,0.5,4.218005,10.071507,4.0,2.0,0.0,28.880907,0.0,1.0,1.0,54.0,1.0,1.0,0.0,0.0,4.0,0,1716720535.5224288,synthetic_007,val
4.690782,5.9044476,0.19911914,0.4,0.4,3.161954,10.071507,3.0,4.0,0.0,21.548033,0.0,2.0,2.0,60.0,1.0,1.0,0.0,0.0,18.0,0,1716720540.5224288,synthetic_007,val
6.309398,8.9738035,0.89473283,0.43333334,0.5,2.8690577,10.071507,3.0,4.0,1.0,24.357185,0.0,4.0,4.0,74.0,1.0,1.0,1.0,1.0,16.0,0,1716720545.5224288,synthetic_007,val
5.1956635,8.719234,0.62129605,0.5,0.6,2.4660764,9.414368,3.0,4.0,1.0,27.535656,0.0,5.0,5.0,76.0,1.0,1.0,1.0,1.0,16.0,0,1716720550.5224288,synthetic_007,val
6.0619946,8.802115,0.15448444,0.26666668,0.4,2.4537578,9.414368,2.0,4.0,1.0,25.950514,0.0,5.0,5.0,71.0,1.0,1.0,1.0,1.0,16.0,0,1716720555.5224288,synthetic_007,val
4.7652044,8.408362,0.007311678,0.43333334,0.5,2.70685,9.414368,3.0,4.0,1.0,23.067833,0.0,5.0,5.0,79.0,1.0,1.0,1.0,1.0,0.0,0,1716720560.5224288,synthetic_007,val
5.5907807,9.043102,-0.5800203,0.4,0.4,2.2919865,5.911713,2.0,4.0,1.0,21.098318,0.0,5.0,5.0,67.0,0.0,1.0,1.0,1.0,22.0,0,1716720565.5224288,synthetic_007,val
4.8092084,9.81016,-1.577654,0.36666667,0.4,3.6370149,10.916174,3.0,4.0,1.0,26.703562,0.0,5.0,5.0,56.0,1.0,1.0,1.0,1.0,16.0,0,1716720570.5224288,synthetic_007,val
7.1252456,12.212516,2.0937252,0.3,0.4,3.211273,10.916174,3.0,3.0,1.0,16.003178,1.0,5.0,5.0,70.0,1.0,1.0,1.0,1.0,21.0,0,1716720575.5224288,synthetic_007,val
7.3552403,12.130955,0.7313085,0.3,0.4,3.0974944,10.916174,2.0,3.0,1.0,16.923676,1.0,5.0,5.0,70.0,1.0,1.0,1.0,1.0,27.0,0,1716720580.5224288,synthetic_007,val
6.9218426,12.326727,0.12869619,0.4,0.4,3.0169356,10.916174,2.0,4.0,1.0,16.98035,1.0,4.0,4.0,70.0,1.0,1.0,1.0,1.0,27.0,0,1716720585.5224288,synthetic_007,val
6.3058457,11.873777,-1.2881118,0.6,1.0,2.8634927,10.916174,2.0,4.0,1.0,18.711132,1.0,4.0,4.0,77.0,1.0,1.0,1.0,1.0,21.0,0,1716720590.5224288,synthetic_007,val
6.292383,10.231282,-0.4559634,0.4,0.6,2.4981713,10.916174,2.0,4.0,1.0,17.704262,2.0,4.0,4.0,105.0,1.0,1.0,1.0,1.0,21.0,0,1716720595.5224288,synthetic_007,val
13.547646,20.708633,1.3740559,0.3,0.8,1.547707,5.515348,1.0,4.0,1.0,14.201858,1.0,4.0,4.0,133.0,1.0,1.0,1.0,1.0,21.0,0,1716720600.5224288,synthetic_007,val
14.111814,22.54619,2.1423364,0.33333334,0.6,1.6068177,5.515348,1.0,4.0,1.0,17.506212,1.0,4.0,4.0,126.0,1.0,1.0,1.0,1.0,21.0,0,1716720605.5224288,synthetic_007,val
14.791688,23.035587,1.7588497,0.25,0.8,1.7728895,6.148904,2.0,4.0,1.0,21.546268,1.0,2.0,2.0,119.0,1.0,1.0,1.0,1.0,21.0,0,1716720610.5224288,synthetic_007,val
14.791688,23.035587,1.1425294,0.325,0.6,1.7626729,6.148904,2.0,4.0,1.0,20.135368,1.0,2.0,2.0,119.0,1.0,1.0,1.0,1.0,21.0,0,1716720615.5224288,synthetic_007,val
14.60543,22.362545,-0.57716966,0.31666666,0.6666667,1.680791,6.148904,2.0,3.0,1.0,27.078617,1.0,2.0,2.0,126.0,1.0,1.0,0.0,0.0,10.0,0,1716720620.5224288,synthetic_007,val
60.88683,74.96563,2.0652323,0.114285715,0.4,0.88232934,6.148904,2.0,3.0,0.0,15.352759,2.0,1.0,1.0,255.0,1.0,0.0,0.0,0.0,0.0,0,1716720625.5224288,synthetic_007,val
84.3165,101.085335,1.8990563,0.15816326,0.42857143,0.67093635,6.148904,2.0,3.0,0.0,15.261601,4.0,1.0,1.0,356.0,1.0,0.0,0.0,0.0,0.0,0,1716720630.5224288,synthetic_007,val
81.725914,101.13685,0.42551795,0.20816326,0.6,0.6306391,6.148904,2.0,3.0,0.0,14.49453,4.0,1.0,1.0,367.0,1.0,0.0,0.0,0.0,0.0,1,1716720635.5224288,synthetic_007,val
80.27341,100.55515,-0.18577202,0.1875,0.5,0.56523144,5.596991,1.0,3.0,0.0,16.366425,4.0,1.0,1.0,376.0,1.0,0.0,1.0,0.0,0.0,1,1716720640.5224288,synthetic_007,val
78.63517,100.160835,-0.7643895,0.30357143,1.0,0.6211125,5.596991,2.0,2.0,0.0,16.727312,4.0,1.0,1.0,385.0,1.0,1.0,1.0,0.0,0.0,1,1716720645.5224288,synthetic_007,val
82.3926,100.69584,-2.076723,0.20816326,0.6,0.61701286,6.3503795,2.0,2.0,0.0,20.160156,3.0,1.0,1.0,375.0,1.0,1.0,1.0,0.0,0.0,1,1716720650.5224288,synthetic_007,val
70.02301,108.64217,-5.685849,0.33333334,0.6,0.91878575,6.3503795,3.0,4.0,1.0,18.190107,2.0,2.0,2.0,245.0,1.0,1.0,1.0,0.0,0.0,1,1716720655.5224288,synthetic_007,val
8.544335,16.467089,0.5983244,0.6,0.6,2.0042691,6.3503795,4.0,4.0,1.0,28.2278,0.0,3.0,3.0,127.0,1.0,1.0,1.0,0.0,18.0,1,1716720660.5224288,synthetic_007,val
9.178264,16.469887,0.079176724,0.5,0.6,2.1953669,6.3503795,4.0,4.0,1.0,28.487616,0.0,3.0,3.0,122.0,1.0,1.0,1.0,0.0,18.0,1,1716720665.5224288,synthetic_007,val
9.544883,17.862297,-0.10085777,0.56666666,0.6,2.2579303,6.3503795,4.0,4.0,1.0,22.630949,0.0,3.0,3.0,106.0,1.0,1.0,1.0,0.0,18.0,1,1716720670.5224288,synthetic_007,val
9.668314,17.795336,-1.6561859,0.5,0.6,2.7028325,8.101696,4.0,4.0,1.0,26.08361,0.0,3.0,3.0,108.0,1.0,1.0,0.0,0.0,18.0,1,1716720675.5224288,synthetic_007,val
7.8290796,16.896397,-1.7998695,0.33333334,0.6,2.696554,8.101696,4.0,4.0,0.0,26.140524,0.0,3.0,3.0,99.0,1.0,1.0,0.0,0.0,18.0,1,1716720680.5224288,synthetic_007,val
2.5605733,4.604151,-0.20043437,0.6,0.6,3.0735972,8.101696,4.0,4.0,0.0,28.190313,0.0,3.0,3.0,90.0,0.0,1.0,0.0,0.0,22.0,1,1716720685.5224288,synthetic_007,val
3.2007167,4.991314,-1.0033706,0.53333336,0.6666667,3.0651991,8.101696,3.0,4.0,0.0,22.848518,0.0,3.0,3.0,72.0,0.0,0.0,0.0,0.0,22.0,1,1716720690.5224288,synthetic_007,val
0.56559235,1.1274506,-0.23212978,0.8,1.0,3.674655,8.101696,4.0,3.0,0.0,21.295544,0.0,1.0,1.0,72.0,0.0,0.0,1.0,1.0,22.0,1,1716720695.5224288,synthetic_007,val
0.93559194,1.5311266,0.059508897,0.675,0.75,3.6086273,8.101696,5.0,3.0,0.0,24.37595,0.0,1.0,1.0,81.0,0.0,1.0,1.0,1.0,22.0,1,1716720700.5224288,synthetic_007,val
1.0582153,1.5951158,0.10546351,0.56666666,0.8,3.7383301,8.082948,5.0,3.0,0.0,25.9639,0.0,1.0,1.0,72.0,0.0,1.0,1.0,1.0,22.0,1,1716720705.5224288,synthetic_007,val
3.3290029,8.061651,1.7517366,0.625,1.0,3.4339101,8.082948,5.0,3.0,0.0,20.264587,1.0,1.0,1.0,81.0,0.0,1.0,1.0,1.0,22.0,1,1716720710.5224288,synthetic_007,val
14.451449,26.456339,5.622419,0.5,0.6,2.840266,8.082948,4.0,4.0,0.0,10.159856,1.0,2.0,2.0,90.0,1.0,1.0,1.0,1.0,14.0,1,1716720715.5224288,synthetic_007,val
12.042875,24.58291,2.2331123,0.6666667,1.0,2.7346823,8.082948,5.0,4.0,1.0,14.427723,1.0,2.0,2.0,108.0,1.0,1.0,1.0,1.0,14.0,1,1716720720.5224288,synthetic_007,val
13.825271,25.130602,-0.06407741,0.26666668,0.4,2.7135255,7.8607783,5.0,4.0,1.0,21.901396,1.0,2.0,2.0,99.0,1.0,1.0,1.0,1.0,26.0,1,1716720725.5224288,synthetic_007,val
11.868765,23.467865,-1.3586044,0.4888889,0.6666667,2.5412447,7.8607783,5.0,4.0,1.0,21.302263,2.0,2.0,2.0,117.0,1.0,1.0,1.0,1.0,15.0,1,1716720730.5224288,synthetic_007,val
11.842886,21.748089,-1.144305,0.6,1.0,1.9207667,4.4522715,4.0,4.0,1.0,18.067497,1.0,2.0,2.0,144.0,1.0,1.0,1.0,1.0,22.0,1,1716720735.5224288,synthetic_007,val
9.702783,21.118935,-1.5733562,0.65,1.0,1.800641,4.1170125,4.0,4.0,1.0,14.966443,1.0,2.0,2.0,153.0,1.0,1.0,1.0,1.0,20.0,1,1716720740.5224288,synthetic_007,val
3.3595893,7.55491,0.09445192,0.6666667,1.0,1.9068699,4.1170125,4.0,4.0,1.0,15.140953,1.0,2.0,2.0,135.0,1.0,1.0,1.0,1.0,20.0,1,1716720745.5224288,synthetic_007,val
8.445664,19.588898,1.3403878,0.4,0.6,2.0664148,6.7956686,4.0,4.0,1.0,21.709219,1.0,2.0,2.0,144.0,1.0,1.0,1.0,1.0,20.0,1,1716720750.5224288,synthetic_007,val
9.457929,19.24733,0.9462128,0.53333336,0.8,1.7243966,6.7956686,4.0,4.0,1.0,24.74345,1.0,2.0,2.0,162.0,1.0,1.0,1.0,1.0,20.0,1,1716720755.5224288,synthetic_007,val
10.634405,20.161663,0.6324937,0.4,0.6,1.6728069,6.7956686,3.0,4.0,1.0,25.097795,0.0,2.0,2.0,144.0,1.0,1.0,1.0,1.0,20.0,1,1716720760.5224288,synthetic_007,val
11.1193075,22.40587,1.1038374,0.4,0.8,1.767337,6.7956686,3.0,3.0,1.0,17.185957,0.0,2.0,2.0,108.0,1.0,1.0,1.0,1.0,4.0,1,1716720765.5224288,synthetic_007,val
14.825743,25.069147,-0.70497996,0.325,0.4,1.8209028,6.7956686,2.0,3.0,0.0,15.541551,0.0,1.0,1.0,81.0,0.0,1.0,1.0,1.0,4.0,0,1716720770.5224288,synthetic_007,val
16.67896,26.13268,-2.5955868,0.2,0.4,1.9426938,6.7956686,2.0,2.0,0.0,8.745882,0.0,1.0,1.0,72.0,0.0,1.0,1.0,1.0,4.0,0,1716720775.5224288,synthetic_007,val
10.847681,12.700683,2.0646517,0.2,0.4,4.3409953,23.269485,2.0,4.0,0.0,27.315363,0.0,1.0,1.0,63.0,0.0,0.0,1.0,0.0,16.0,0,1716720780.5224288,synthetic_007,val
51.718422,109.77964,31.44598,0.0,0.0,4.2237597,23.269485,1.0,4.0,0.0,27.572739,0.0,1.0,1.0,63.0,1.0,0.0,1.0,0.0,10.0,0,1716720785.5224288,synthetic_007,val
59.334938,118.21416,41.173748,0.0,0.0,4.5954566,23.269485,1.0,4.0,0.0,4.303254,0.0,1.0,1.0,54.0,1.0,0.0,1.0,0.0,10.0,0,1716720790.5224288,synthetic_007,val
50.85852,110.21995,19.376278,0.25,0.5,5.479899,23.269485,2.0,4.0,0.0,15.089808,0.0,1.0,1.0,63.0,1.0,0.0,1.0,0.0,10.0,0,1716720795.5224288,synthetic_007,val
43.7355,96.95109,5.6160936,0.25,0.5,4.558804,23.269485,2.0,4.0,0.0,17.759752,0.0,1.0,1.0,81.0,1.0,0.0,1.0,0.0,10.0,0,1716720800.5224288,synthetic_007,val
39.565792,92.352516,1.810046,0.2,0.4,4.6916127,23.269485,3.0,4.0,1.0,23.646643,0.0,2.0,2.0,90.0,1.0,0.0,1.0,0.0,16.0,0,1716720805.5224288,synthetic_007,val
46.6427,92.61598,0.30047375,0.13333334,0.2,2.5713987,10.786554,3.0,4.0,1.0,27.24881,0.0,4.0,4.0,99.0,1.0,0.0,1.0,1.0,21.0,1,1716720810.5224288,synthetic_007,val
23.158588,43.39494,4.858521,0.2,0.4,3.2686262,10.786554,4.0,4.0,1.0,18.63108,0.0,5.0,5.0,81.0,0.0,0.0,1.0,1.0,22.0,1,1716720815.5224288,synthetic_007,val
19.970959,39.48761,1.2476677,0.13333334,0.4,3.3114195,10.786554,5.0,4.0,1.0,25.639061,0.0,5.0,5.0,99.0,0.0,1.0,1.0,1.0,23.0,1,1716720820.5224288,synthetic_007,val
17.382612,36.619137,-1.4525121,0.2888889,0.6666667,2.2991314,5.886891,4.0,4.0,1.0,27.537828,0.0,5.0,5.0,118.0,1.0,1.0,1.0,1.0,23.0,1,1716720825.5224288,synthetic_007,val
15.812493,36.113686,-1.9222316,0.24444444,0.4,2.3896878,5.886891,5.0,4.0,1.0,25.17905,0.0,5.0,5.0,120.0,1.0,1.0,1.0,1.0,23.0,1,1716720830.5224288,synthetic_007,val
16.960333,37.471012,-3.0725703,0.3,0.5,2.0982542,5.6960025,4.0,4.0,1.0,21.881544,0.0,5.0,5.0,111.0,1.0,1.0,1.0,1.0,23.0,1,1716720835.5224288,synthetic_007,val
6.4473453,7.598838,-0.05192708,0.26666668,0.6,2.6634896,8.211067,4.0,3.0,0.0,24.872229,0.0,5.0,5.0,104.0,1.0,1.0,0.0,0.0,25.0,1,1716720840.5224288,synthetic_007,val
4.994256,6.0472693,0.4545376,0.4,0.4,2.8121324,8.211067,4.0,4.0,0.0,22.425322,0.0,5.0,5.0,96.0,1.0,1.0,0.0,0.0,25.0,1,1716720845.5224288,synthetic_007,val
34.06259,93.625496,16.465357,0.4,0.6,2.7338684,8.211067,4.0,4.0,0.0,26.871439,0.0,5.0,5.0,99.0,1.0,0.0,0.0,0.0,25.0,1,1716720850.5224288,synthetic_007,val
38.063026,93.16064,7.0238514,0.4,0.4,3.0651293,8.211067,5.0,4.0,1.0,27.501858,0.0,2.0,2.0,104.0,1.0,0.0,0.0,0.0,25.0,1,1716720855.5224288,synthetic_007,val
36.27177,88.787384,-1.3988665,0.26666668,0.6,2.87604,8.211067,4.0,4.0,1.0,23.425373,0.0,2.0,2.0,119.0,1.0,1.0,0.0,0.0,6.0,1,1716720860.5224288,synthetic_007,val
33.249123,85.30054,-2.4711194,0.43333334,0.6,2.9500797,8.211067,5.0,4.0,1.0,27.18989,0.0,2.0,2.0,131.0,1.0,1.0,0.0,0.0,6.0,1,1716720865.5224288,synthetic_007,val
28.127192,79.48378,-6.312295,0.51666665,0.75,2.2621102,7.288131,4.0,4.0,1.0,27.86015,0.0,2.0,2.0,159.0,1.0,1.0,0.0,0.0,5.0,1,1716720870.5224288,synthetic_007,val
23.770052,72.31922,-5.6644335,0.525,0.8,1.9562868,7.288131,3.0,4.0,1.0,27.060492,0.0,2.0,2.0,197.0,1.0,1.0,1.0,0.0,5.0,1,1716720875.5224288,synthetic_007,val
6.8102846,13.593416,-1.0633935,0.6,0.6,1.8021026,7.288131,2.0,4.0,1.0,19.743408,0.0,2.0,2.0,176.0,1.0,1.0,1.0,0.0,5.0,1,1716720880.5224288,synthetic_007,val
4.2966557,8.656191,-0.97788185,0.62222224,0.8,1.9797285,6.267188,2.0,4.0,0.0,25.35397,0.0,2.0,2.0,155.0,1.0,1.0,1.0,0.0,5.0,1,1716720885.5224288,synthetic_007,val
3.3764782,5.646087,0.6005693,0.46666667,0.8,2.4305303,7.618569,3.0,4.0,1.0,25.401846,0.0,2.0,2.0,144.0,1.0,1.0,1.0,0.0,5.0,1,1716720890.5224288,synthetic_007,val
4.303683,5.522513,0.6061629,0.4,0.6,2.1937768,7.618569,2.0,4.0,1.0,26.764368,0.0,2.0,2.0,156.0,1.0,1.0,1.0,0.0,5.0,1,1716720895.5224288,synthetic_007,val
13.906251,31.426321,3.6011322,0.26666668,0.6,2.4153206,7.618569,3.0,4.0,0.0,27.160583,0.0,2.0,2.0,145.0,1.0,1.0,1.0,0.0,17.0,1,1716720900.5224288,synthetic_007,val
16.488836,34.068363,1.9696014,0.2,0.2,2.8125994,7.618569,3.0,4.0,0.0,21.858807,0.0,2.0,2.0,123.0,1.0,1.0,0.0,0.0,17.0,1,1716720905.5224288,synthetic_007,val
16.069513,31.40196,1.0580809,0.3,0.5,2.9043283,7.618569,4.0,4.0,0.0,28.584751,0.0,2.0,2.0,149.0,1.0,1.0,0.0,0.0,17.0,1,1716720910.5224288,synthetic_007,val
16.069513,31.40196,-0.29040965,0.3,0.5,2.6443377,7.618569,4.0,4.0,0.0,24.113482,0.0,2.0,2.0,150.0,1.0,1.0,0.0,0.0,17.0,1,1716720915.5224288,synthetic_007,val
17.26154,34.344643,-1.473751,0.3,0.4,2.3469832,6.296543,3.0,4.0,0.0,21.840275,0.0,2.0,2.0,126.0,1.0,1.0,0.0,0.0,11.0,1,1716720920.5224288,synthetic_007,val
15.718526,34.96917,-4.5404305,0.5,0.8,3.2550464,11.970218,4.0,4.0,0.0,28.881245,0.0,2.0,2.0,128.0,1.0,1.0,0.0,0.0,11.0,1,1716720925.5224288,synthetic_007,val
5.631352,10.2466135,-0.9671044,0.7,1.0,3.8014288,11.970218,3.0,4.0,0.0,23.705536,0.0,2.0,2.0,91.0,1.0,1.0,0.0,0.0,11.0,1,1716720930.5224288,synthetic_007,val
6.8147035,11.8759575,0.12070872,0.65,0.8,4.4566026,11.970218,4.0,4.0,0.0,24.899675,0.0,2.0,2.0,91.0,1.0,1.0,1.0,1.0,11.0,1,1716720935.5224288,synthetic_007,val
6.6949964,9.886079,3.4273186,0.4,0.8,3.9088047,11.970218,3.0,4.0,1.0,20.755144,1.0,2.0,2.0,91.0,1.0,1.0,1.0,1.0,26.0,0,1716720940.5224288,synthetic_007,val
6.6949964,9.886079,1.7535695,0.55,0.6,4.3162518,11.970218,3.0,4.0,1.0,13.031102,1.0,2.0,2.0,91.0,1.0,0.0,1.0,1.0,25.0,0,1716720945.5224288,synthetic_007,val
6.091491,9.310544,0.7667096,0.46666667,0.6,4.5801673,11.970218,4.0,4.0,1.0,15.419451,1.0,2.0,2.0,104.0,1.0,0.0,1.0,1.0,26.0,0,1716720950.5224288,synthetic_007,val
8.121988,10.07823,-0.9445786,0.2,0.4,4.0739093,8.517715,3.0,4.0,1.0,7.9628706,1.0,2.0,2.0,78.0,0.0,0.0,1.0,1.0,26.0,0,1716720955.5224288,synthetic_007,val
5.5615377,8.853141,-1.4497366,0.45,0.5,3.9536328,9.077761,4.0,4.0,1.0,18.04332,1.0,2.0,2.0,117.0,1.0,1.0,1.0,1.0,26.0,0,1716720960.5224288,synthetic_007,val
4.3281,7.999265,-2.071767,0.6,1.0,3.7796578,9.077761,3.0,3.0,0.0,20.66734,1.0,2.0,2.0,91.0,1.0,1.0,0.0,0.0,25.0,0,1716720965.5224288,synthetic_007,val
1.0394206,2.047192,0.06811913,0.675,0.75,3.7249727,9.077761,4.0,4.0,0.0,27.52533,0.0,2.0,2.0,117.0,1.0,1.0,0.0,0.0,4.0,0,1716720970.5224288,synthetic_007,val
1.3257399,2.0637805,0.08399756,0.55,0.6,3.575793,9.077761,4.0,4.0,0.0,25.754559,0.0,2.0,2.0,117.0,1.0,1.0,1.0,1.0,16.0,1,1716720975.5224288,synthetic_007,val
4.055443,6.9903936,1.3642305,0.5,0.6,2.7722838,9.077761,3.0,4.0,0.0,18.645077,0.0,2.0,2.0,130.0,1.0,1.0,1.0,1.0,5.0,1,1716720980.5224288,synthetic_007,val
4.5151634,7.46317,0.7825871,0.5555556,0.6666667,2.5009181,9.077761,4.0,4.0,1.0,23.434175,0.0,2.0,2.0,169.0,1.0,1.0,1.0,1.0,5.0,1,1716720985.5224288,synthetic_007,val
5.2159286,7.9523683,0.32374454,0.6666667,1.0,2.2988703,5.2634172,4.0,4.0,0.0,20.024157,0.0,2.0,2.0,143.0,1.0,1.0,1.0,1.0,5.0,1,1716720990.5224288,synthetic_007,val
4.594442,7.431831,-0.05494875,0.5555556,0.6666667,2.5926359,5.2634172,6.0,4.0,1.0,28.440847,0.0,2.0,2.0,169.0,1.0,1.0,1.0,1.0,15.0,1,1716720995.5224288,synthetic_007,val
26.324226,76.143265,3.1678169,0.4,0.8,1.9493777,5.1008945,5.0,4.0,1.0,24.583857,0.0,2.0,2.0,195.0,1.0,1.0,1.0,1.0,15.0,1,1716721000.5224288,synthetic_007,val
24.411674,71.454666,0.6948278,0.425,0.6,1.7698945,5.1008945,5.0,4.0,1.0,29.544367,0.0,2.0,2.0,221.0,1.0,1.0,1.0,1.0,16.0,1,1716721005.5224288,synthetic_007,val
24.031796,73.948105,-0.16994093,0.6,1.0,1.7866479,5.1008945,5.0,4.0,1.0,24.492805,0.0,2.0,2.0,208.0,1.0,1.0,1.0,1.0,16.0,1,1716721010.5224288,synthetic_007,val
23.870594,73.94154,-2.723415,0.35,0.6,2.101256,6.423143,5.0,4.0,1.0,29.70522,0.0,2.0,2.0,208.0,1.0,1.0,1.0,1.0,16.0,1,1716721015.5224288,synthetic_007,val
22.46644,71.82729,-3.673665,0.55,1.0,1.8528646,6.423143,4.0,4.0,1.0,26.397804,0.0,2.0,2.0,221.0,1.0,1.0,1.0,1.0,16.0,1,1716721020.5224288,synthetic_007,val
37.0419,89.75774,-0.41548538,0.4,0.6,1.508111,6.423143,3.0,4.0,1.0,25.782522,2.0,2.0,2.0,260.0,1.0,1.0,1.0,1.0,4.0,1,1716721025.5224288,synthetic_007,val
26.635761,75.21789,3.9868715,0.46666667,0.6,1.9137343,6.423143,4.0,4.0,0.0,21.935844,2.0,2.0,2.0,195.0,1.0,1.0,1.0,1.0,4.0,1,1716721030.5224288,synthetic_007,val
21.498734,67.29642,-0.90249795,0.6,1.0,1.5432702,6.423143,3.0,4.0,1.0,13.668487,2.0,5.0,5.0,247.0,1.0,1.0,1.0,1.0,4.0,1,1716721035.5224288,synthetic_007,val
21.627312,67.25539,-1.580549,0.5375,0.75,1.7772485,6.423143,4.0,4.0,1.0,14.391883,2.0,5.0,5.0,247.0,1.0,1.0,1.0,1.0,4.0,1,1716721040.5224288,synthetic_007,val
30.676697,76.091866,-0.8164986,0.5125,1.0,1.5247407,4.9120274,4.0,4.0,1.0,17.685366,3.0,5.0,5.0,247.0,1.0,1.0,1.0,1.0,4.0,1,1716721045.5224288,synthetic_007,val
45.817516,94.933914,1.8227725,0.45,0.8,1.5141948,4.9120274,4.0,4.0,1.0,16.034431,4.0,5.0,5.0,260.0,1.0,1.0,1.0,1.0,4.0,1,1716721050.5224288,synthetic_007,val
34.69308,83.494774,7.157455,0.65,1.0,1.7146604,4.9120274,4.0,4.0,1.0,16.084654,2.0,5.0,5.0,208.0,1.0,1.0,0.0,0.0,23.0,1,1716721055.5224288,synthetic_007,val
37.00595,85.89312,7.6999645,0.53333336,0.6,1.5597241,4.9120274,3.0,4.0,1.0,14.129467,2.0,5.0,5.0,195.0,1.0,1.0,0.0,0.0,23.0,1,1716721060.5224288,synthetic_007,val
58.269608,107.56106,4.359212,0.325,0.4,3.268094,12.137453,4.0,4.0,1.0,13.611566,2.0,2.0,2.0,117.0,1.0,1.0,0.0,0.0,17.0,0,1716721065.5224288,synthetic_007,val
76.13256,122.30652,7.175056,0.26666668,0.4,2.7643666,12.137453,4.0,4.0,1.0,19.491873,2.0,3.0,3.0,143.0,1.0,1.0,0.0,0.0,17.0,0,1716721070.5224288,synthetic_007,val
81.269905,125.50555,1.8448037,0.2,0.4,2.133433,12.137453,3.0,4.0,1.0,24.98937,0.0,3.0,3.0,169.0,1.0,1.0,0.0,0.0,0.0,0,1716721075.5224288,synthetic_007,val
65.72871,116.72078,2.3380737,0.46666667,1.0,2.7824972,12.137453,4.0,4.0,0.0,26.376587,0.0,3.0,3.0,143.0,1.0,0.0,1.0,1.0,0.0,0,1716721080.5224288,synthetic_007,val
65.92008,116.603905,-4.139107,0.13333334,0.2,2.9160771,12.137453,4.0,4.0,0.0,19.939394,0.0,3.0,3.0,143.0,0.0,1.0,1.0,1.0,0.0,1,1716721085.5224288,synthetic_007,val
56.054665,109.13676,-6.38722,0.24444444,0.33333334,2.9684317,12.137453,6.0,4.0,0.0,26.45216,0.0,4.0,4.0,169.0,1.0,1.0,1.0,1.0,0.0,1,1716721090.5224288,synthetic_007,val
47.59505,99.557144,-8.0069275,0.3,0.8,1.9300362,5.9801435,5.0,4.0,0.0,25.776592,0.0,4.0,4.0,208.0,1.0,1.0,1.0,1.0,0.0,1,1716721095.5224288,synthetic_007,val
29.736412,76.25883,-7.4531636,0.46666667,0.8,1.848235,5.9801435,4.0,4.0,0.0,26.956118,0.0,4.0,4.0,196.0,1.0,1.0,1.0,1.0,0.0,1,1716721100.5224288,synthetic_007,val
3.2494836,9.2645035,0.109408,0.6888889,0.8,2.4093385,5.9801435,5.0,4.0,0.0,23.39193,1.0,4.0,4.0,173.0,1.0,1.0,1.0,1.0,25.0,1,1716721105.5224288,synthetic_007,val
3.4023526,9.222719,-0.057182737,0.62222224,0.6666667,2.4138165,6.038357,5.0,4.0,0.0,21.728683,1.0,4.0,4.0,174.0,1.0,1.0,1.0,1.0,22.0,1,1716721110.5224288,synthetic_007,val
3.5836318,9.218256,-0.07214773,0.5777778,0.8,2.1822195,6.038357,4.0,4.0,1.0,19.250751,1.0,4.0,4.0,175.0,1.0,0.0,1.0,1.0,22.0,1,1716721115.5224288,synthetic_007,val
3.6093962,8.874284,-0.15207446,0.6666667,0.8,1.9570279,6.038357,3.0,4.0,1.0,15.405375,1.0,3.0,3.0,205.0,1.0,0.0,1.0,1.0,22.0,1,1716721120.5224288,synthetic_007,val
1.8158991,3.2065527,0.28118724,0.5777778,0.8,2.2941747,6.038357,4.0,4.0,1.0,20.076101,1.0,3.0,3.0,181.0,1.0,1.0,1.0,1.0,1.0,1,1716721125.5224288,synthetic_007,val
4.643876,7.5660706,0.59214425,0.525,0.8,1.8867207,6.038357,4.0,3.0,1.0,21.1899,2.0,3.0,3.0,238.0,0.0,1.0,1.0,1.0,4.0,1,1716721130.5224288,synthetic_007,val
5.2197275,7.886275,0.44962564,0.46666667,0.6,2.1226747,6.038357,4.0,3.0,1.0,20.641413,1.0,3.0,3.0,210.0,0.0,1.0,1.0,1.0,18.0,1,1716721135.5224288,synthetic_007,val
5.087241,7.9607983,0.22677724,0.53333336,0.6,2.0041583,5.715522,4.0,3.0,1.0,20.07344,1.0,3.0,3.0,210.0,0.0,1.0,1.0,1.0,17.0,1,1716721140.5224288,synthetic_007,val
5.052951,7.9647913,0.18041255,0.53333336,0.8,2.027521,5.715522,5.0,3.0,1.0,18.02131,1.0,3.0,3.0,211.0,1.0,1.0,1.0,1.0,17.0,1,1716721145.5224288,synthetic_007,val
5.8295217,8.312133,-0.176183,0.44444445,0.6,2.262966,5.715522,5.0,3.0,1.0,15.183035,1.0,4.0,4.0,185.0,1.0,1.0,1.0,0.0,18.0,0,1716721150.5224288,synthetic_007,val
6.424084,8.176378,-0.56769395,0.33333334,0.6,2.3654246,5.715522,5.0,3.0,1.0,20.624098,1.0,4.0,4.0,188.0,1.0,1.0,1.0,0.0,13.0,1,1716721155.5224288,synthetic_007,val
4.3134675,4.081335,0.32832426,0.3,0.4,3.0585315,5.715522,5.0,3.0,1.0,24.869793,0.0,4.0,4.0,152.0,1.0,0.0,1.0,1.0,13.0,1,1716721160.5224288,synthetic_007,val
4.103513,4.258056,-0.05455057,0.4,0.4,2.6752546,5.427193,4.0,4.0,1.0,22.49194,0.0,4.0,4.0,154.0,1.0,0.0,1.0,1.0,13.0,1,1716721165.5224288,synthetic_007,val
4.5594587,4.2495527,-0.41696644,0.35,0.5,2.4991043,5.427193,3.0,4.0,1.0,19.451998,0.0,4.0,4.0,140.0,1.0,0.0,1.0,1.0,13.0,1,1716721170.5224288,synthetic_007,val
3.7087684,4.45266,-0.7861785,0.5,0.8,3.2356102,10.859841,3.0,4.0,1.0,26.92891,0.0,4.0,4.0,157.0,1.0,1.0,1.0,1.0,19.0,1,1716721175.5224288,synthetic_007,val
3.2443395,3.9249449,-1.2345012,0.6,1.0,3.2313786,10.859841,2.0,4.0,1.0,24.439808,0.0,3.0,3.0,127.0,1.0,1.0,1.0,1.0,19.0,1,1716721180.5224288,synthetic_007,val
5.858174,12.403108,1.6298027,0.675,0.75,3.1385276,10.859841,2.0,4.0,1.0,26.814867,0.0,3.0,3.0,144.0,1.0,1.0,1.0,1.0,19.0,1,1716721185.5224288,synthetic_007,val
9.7657,24.47639,2.9227943,0.76666665,1.0,2.4985454,10.859841,3.0,4.0,0.0,28.09979,0.0,1.0,1.0,192.0,1.0,1.0,1.0,1.0,19.0,1,1716721190.5224288,synthetic_007,val
10.731369,22.463284,1.6541847,0.6,1.0,2.3375328,10.859841,3.0,4.0,0.0,21.865618,0.0,1.0,1.0,224.0,1.0,1.0,1.0,1.0,19.0,1,1716721195.5224288,synthetic_007,val
10.0159445,21.82278,1.0757408,0.6666667,1.0,2.4812021,10.859841,4.0,4.0,0.0,26.358189,0.0,1.0,1.0,240.0,1.0,1.0,1.0,1.0,19.0,1,1716721200.5224288,synthetic_007,val
10.713375,21.562683,0.25060683,0.53333336,0.8,1.9519478,6.875671,4.0,4.0,0.0,22.403545,0.0,1.0,1.0,240.0,1.0,1.0,1.0,1.0,1.0,1,1716721205.5224288,synthetic_007,val
16.102003,31.3094,1.4911822,0.4,0.8,1.6322091,6.875671,4.0,4.0,1.0,27.400719,0.0,3.0,3.0,336.0,1.0,1.0,1.0,1.0,1.0,1,1716721210.5224288,synthetic_007,val
15.809436,32.38268,1.4904455,0.4625,1.0,1.6342236,5.398812,4.0,4.0,1.0,27.41445,0.0,3.0,3.0,304.0,1.0,1.0,1.0,1.0,1.0,1,1716721215.5224288,synthetic_007,val
23.433048,38.52245,2.7797399,0.3625,0.6,1.5777972,5.398812,4.0,4.0,1.0,27.00912,0.0,3.0,3.0,307.0,1.0,1.0,0.0,0.0,4.0,1,1716721220.5224288,synthetic_007,val
25.761072,41.70447,3.5871384,0.35,0.6,1.5845299,5.398812,4.0,4.0,1.0,20.859905,0.0,3.0,3.0,259.0,1.0,1.0,0.0,0.0,4.0,1,1716721225.5224288,synthetic_007,val
24.869564,40.54714,1.6818742,0.425,0.5,1.664126,6.2987394,4.0,4.0,1.0,25.12339,0.0,3.0,3.0,277.0,1.0,1.0,0.0,0.0,10.0,1,1716721230.5224288,synthetic_007,val
27.488075,42.61686,1.2532253,0.46666667,0.6,1.5549902,6.2987394,3.0,4.0,0.0,20.878502,0.0,3.0,3.0,245.0,1.0,1.0,0.0,0.0,10.0,1,1716721235.5224288,synthetic_007,val
21.829235,38.37587,0.06135261,0.4,0.8,2.7565477,9.7051,4.0,4.0,0.0,24.923212,0.0,2.0,2.0,183.0,1.0,0.0,1.0,1.0,10.0,1,1716721240.5224288,synthetic_007,val
20.77865,36.718224,-2.1516607,0.33333334,0.6,2.5134032,9.7051,3.0,4.0,0.0,26.25418,0.0,2.0,2.0,201.0,0.0,0.0,1.0,1.0,10.0,1,1716721245.5224288,synthetic_007,val
4.0040245,3.5112126,0.09525378,0.325,0.4,3.3214312,9.7051,2.0,4.0,0.0,23.594141,0.0,2.0,2.0,153.0,1.0,1.0,1.0,1.0,10.0,1,1716721250.5224288,synthetic_007,val
4.0040245,3.5112126,0.09525378,0.325,0.4,3.3214312,9.7051,2.0,4.0,0.0,23.594141,0.0,2.0,2.0,153.0,1.0,1.0,1.0,1.0,10.0,1,1716721255.5224288,synthetic_007,val
3.1788502,2.6619856,-0.014635994,0.36666667,0.4,3.6746616,9.7051,2.0,4.0,0.0,19.692192,0.0,2.0,2.0,136.0,1.0,1.0,1.0,1.0,26.0,1,1716721260.5224288,synthetic_007,val
7.896737,15.723949,1.7138978,0.36666667,0.5,3.1241708,9.7051,3.0,4.0,0.0,27.784948,0.0,2.0,2.0,204.0,1.0,1.0,1.0,1.0,26.0,1,1716721265.5224288,synthetic_007,val
8.411491,16.343966,1.3584987,0.2,0.4,2.6805253,6.9346485,3.0,4.0,0.0,27.0742,0.0,2.0,2.0,187.0,1.0,1.0,0.0,0.0,26.0,1,1716721270.5224288,synthetic_007,val
9.256022,18.151035,1.7999246,0.325,0.4,2.6942391,6.9346485,3.0,4.0,0.0,23.397379,0.0,2.0,2.0,153.0,1.0,1.0,0.0,0.0,26.0,1,1716721275.5224288,synthetic_007,val
10.572148,20.683968,-0.1572842,0.2,0.4,3.7448187,7.196252,4.0,4.0,0.0,19.279083,0.0,2.0,2.0,119.0,0.0,1.0,0.0,0.0,26.0,1,1716721280.5224288,synthetic_007,val
12.150376,19.92601,1.0267262,0.2,0.4,3.917508,8.690561,5.0,4.0,1.0,28.322922,0.0,2.0,2.0,153.0,0.0,1.0,1.0,1.0,26.0,1,1716721285.5224288,synthetic_007,val
13.669173,20.73741,0.1649257,0.1,0.2,3.5403652,8.690561,4.0,4.0,1.0,24.341932,0.0,2.0,2.0,136.0,0.0,1.0,1.0,1.0,4.0,1,1716721290.5224288,synthetic_007,val
24.142183,53.38365,11.95594,0.43333334,0.6666667,3.622945,8.690561,5.0,3.0,1.0,24.993486,0.0,3.0,3.0,139.0,1.0,1.0,1.0,1.0,19.0,1,1716721295.5224288,synthetic_007,val
24.131842,53.38834,7.9233847,0.36666667,0.4,3.6370542,8.690561,5.0,3.0,1.0,21.90018,0.0,3.0,3.0,140.0,1.0,1.0,1.0,1.0,23.0,1,1716721300.5224288,synthetic_007,val
21.674543,50.481384,4.0719905,0.325,0.4,3.8942602,8.690561,6.0,3.0,1.0,27.85209,0.0,3.0,3.0,158.0,1.0,1.0,1.0,1.0,23.0,1,1716721305.5224288,synthetic_007,val
19.340336,48.156883,-0.47412685,0.5,0.6,3.3822155,8.690561,6.0,2.0,0.0,25.131594,0.0,3.0,3.0,177.0,1.0,1.0,1.0,1.0,19.0,1,1716721310.5224288,synthetic_007,val
17.561668,50.843933,-2.5182993,0.675,0.75,3.0816488,5.9519095,5.0,4.0,0.0,22.43854,0.0,3.0,3.0,162.0,1.0,1.0,1.0,1.0,19.0,1,1716721315.5224288,synthetic_007,val
15.450792,45.7247,-2.3076646,0.4,0.6,2.9223208,5.9519095,5.0,4.0,0.0,26.84923,0.0,3.0,3.0,200.0,1.0,1.0,1.0,1.0,19.0,1,1716721320.5224288,synthetic_007,val
2.406371,2.8580573,0.6677119,0.3,0.6,3.3417337,5.9519095,3.0,4.0,0.0,19.289188,0.0,1.0,1.0,129.0,1.0,1.0,1.0,1.0,19.0,0,1716721325.5224288,synthetic_007,val
7.2907143,16.863922,2.5786674,0.55,0.6,3.5234535,9.291204,3.0,4.0,0.0,25.75917,0.0,2.0,2.0,168.0,1.0,1.0,1.0,1.0,19.0,0,1716721330.5224288,synthetic_007,val
7.209582,15.1707115,0.8187583,0.6666667,1.0,2.6786337,9.291204,2.0,4.0,0.0,27.13302,0.0,2.0,2.0,207.0,1.0,1.0,1.0,1.0,17.0,0,1716721335.5224288,synthetic_007,val
8.600952,15.145194,0.07252707,0.33333334,0.6,2.506798,9.291204,2.0,4.0,1.0,24.618254,0.0,2.0,2.0,209.0,1.0,1.0,1.0,1.0,17.0,0,1716721340.5224288,synthetic_007,val
8.29197,13.935781,-0.64859813,0.37777779,0.4,2.373135,9.291204,3.0,2.0,1.0,27.999517,0.0,2.0,2.0,247.0,1.0,1.0,1.0,1.0,17.0,1,1716721345.5224288,synthetic_007,val
7.6533966,14.138868,-1.2334498,0.4888889,0.6666667,2.476493,9.291204,4.0,2.0,0.0,22.903204,0.0,2.0,2.0,247.0,1.0,1.0,1.0,1.0,17.0,1,1716721350.5224288,synthetic_007,val
7.2315645,12.821953,-0.7585492,0.35,0.6,2.3089807,9.291204,4.0,2.0,0.0,27.652487,0.0,2.0,2.0,304.0,1.0,1.0,1.0,1.0,17.0,1,1716721355.5224288,synthetic_007,val
4.9237285,5.124052,-0.09830663,0.37777779,0.4,1.8862922,4.3995466,3.0,2.0,0.0,23.08317,0.0,2.0,2.0,247.0,1.0,1.0,1.0,0.0,25.0,1,1716721360.5224288,synthetic_007,val
4.1666975,5.2307787,-0.3087172,0.43333334,0.5,2.4830809,7.071158,4.0,4.0,0.0,26.501152,0.0,1.0,1.0,228.0,1.0,1.0,1.0,0.0,25.0,1,1716721365.5224288,synthetic_007,val
3.4695299,4.145765,-0.1208367,0.4,0.4,2.5717099,7.071158,3.0,4.0,0.0,21.317553,0.0,1.0,1.0,190.0,1.0,1.0,0.0,0.0,25.0,1,1716721370.5224288,synthetic_007,val
8.986904,17.168573,2.759479,0.33333334,0.6,2.613943,8.771573,3.0,4.0,0.0,19.296146,1.0,1.0,1.0,228.0,1.0,1.0,0.0,0.0,27.0,1,1716721375.5224288,synthetic_007,val
9.476418,17.918507,2.3132253,0.6,1.0,2.5512695,8.771573,2.0,4.0,0.0,14.479881,1.0,2.0,2.0,209.0,1.0,1.0,0.0,0.0,18.0,1,1716721380.5224288,synthetic_007,val
9.972875,19.8872,2.3281963,0.425,0.6,3.3629503,8.771573,3.0,4.0,0.0,15.463596,1.0,2.0,2.0,171.0,1.0,1.0,0.0,0.0,4.0,1,1716721385.5224288,synthetic_007,val
8.177246,17.390688,0.35733512,0.5,0.6,2.902004,8.771573,3.0,4.0,1.0,18.501926,2.0,2.0,2.0,228.0,1.0,1.0,0.0,0.0,4.0,1,1716721390.5224288,synthetic_007,val
7.4176865,16.85981,-0.9925395,0.6666667,1.0,2.3823185,8.771573,3.0,4.0,1.0,13.660656,2.0,2.0,2.0,250.0,1.0,1.0,0.0,0.0,4.0,1,1716721395.5224288,synthetic_007,val
7.1048474,16.240618,-0.9191673,0.5833333,0.75,2.494299,8.771573,4.0,4.0,1.0,14.942064,2.0,2.0,2.0,270.0,1.0,1.0,0.0,0.0,4.0,1,1716721400.5224288,synthetic_007,val
1.1941069,2.5806766,-0.05601713,0.8,1.0,2.6498168,6.9518704,4.0,4.0,1.0,14.561997,2.0,2.0,2.0,215.0,1.0,1.0,1.0,1.0,26.0,0,1716721405.5224288,synthetic_007,val
2.197968,3.886878,0.3265027,0.46666667,0.8,2.5257916,6.9518704,4.0,4.0,1.0,11.362821,2.0,2.0,2.0,216.0,1.0,1.0,1.0,1.0,26.0,0,1716721410.5224288,synthetic_007,val
2.2451494,4.093807,0.40388268,0.7,0.8,2.0831838,4.7893066,3.0,4.0,1.0,11.390942,2.0,2.0,2.0,197.0,1.0,1.0,1.0,1.0,26.0,0,1716721415.5224288,synthetic_007,val
1.879056,3.8512487,0.7004605,0.56666666,0.8,3.6098611,12.6045475,4.0,4.0,0.0,15.937509,1.0,2.0,2.0,160.0,1.0,1.0,1.0,1.0,26.0,0,1716721420.5224288,synthetic_007,val
9.782074,18.84107,2.494958,0.4,0.4,3.017837,12.6045475,4.0,4.0,1.0,20.982658,1.0,3.0,3.0,200.0,1.0,1.0,1.0,1.0,26.0,1,1716721425.5224288,synthetic_007,val
7.898567,17.565166,0.20936462,0.6666667,1.0,2.5331945,12.6045475,3.0,4.0,1.0,23.474943,1.0,3.0,3.0,240.0,1.0,1.0,1.0,1.0,26.0,1,1716721430.5224288,synthetic_007,val
8.138375,17.466898,-1.0055883,0.5,0.6,2.5388174,12.6045475,3.0,4.0,0.0,29.379095,0.0,3.0,3.0,240.0,1.0,1.0,1.0,1.0,19.0,1,1716721435.5224288,synthetic_007,val
6.9422946,15.763605,-0.7170007,0.53333336,0.8,2.275262,12.6045475,3.0,4.0,1.0,17.219507,1.0,3.0,3.0,300.0,1.0,1.0,1.0,1.0,19.0,1,1716721440.5224288,synthetic_007,val
6.645917,15.275163,-0.695075,0.4,0.8,2.4739275,12.6045475,4.0,4.0,1.0,20.23372,1.0,3.0,3.0,321.0,1.0,1.0,1.0,1.0,19.0,1,1716721445.5224288,synthetic_007,val
6.731846,15.244834,-0.9326945,0.4,0.8,2.0084612,5.453911,4.0,4.0,1.0,19.733242,1.0,3.0,3.0,322.0,1.0,1.0,1.0,1.0,19.0,1,1716721450.5224288,synthetic_007,val
2.2655668,3.674315,0.42129713,0.4,0.8,2.337167,5.453911,3.0,4.0,0.0,13.401801,1.0,2.0,2.0,222.0,1.0,1.0,1.0,1.0,19.0,1,1716721455.5224288,synthetic_007,val
3.2340767,3.7021809,0.19192615,0.3,0.6,3.1128767,7.530191,4.0,4.0,0.0,20.38454,1.0,2.0,2.0,204.0,0.0,0.0,1.0,0.0,19.0,1,1716721460.5224288,synthetic_007,val
3.5689092,3.7432086,-0.12767151,0.2,0.4,3.2741055,7.530191,4.0,4.0,0.0,24.78262,1.0,2.0,2.0,185.0,0.0,1.0,1.0,0.0,19.0,1,1716721465.5224288,synthetic_007,val
2.4339664,1.9105939,-0.1650932,0.5,1.0,4.829176,7.530191,5.0,4.0,0.0,23.521147,0.0,1.0,1.0,126.0,1.0,1.0,1.0,0.0,24.0,1,1716721470.5224288,synthetic_007,val
2.4807086,2.1322699,-0.35902622,0.2,0.2,4.7042294,7.530191,4.0,4.0,0.0,18.364061,0.0,1.0,1.0,105.0,1.0,1.0,1.0,0.0,24.0,1,1716721475.5224288,synthetic_007,val
2.3457553,2.8167498,-0.12023833,0.43333334,0.6666667,3.7053332,9.072313,4.0,4.0,0.0,16.584356,1.0,2.0,2.0,168.0,1.0,1.0,0.0,0.0,1.0,0,1716721480.5224288,synthetic_007,val
2.5489357,2.977533,-0.0034478544,0.4,0.6,3.2985826,9.072313,4.0,4.0,1.0,15.27338,1.0,2.0,2.0,210.0,1.0,1.0,0.0,0.0,1.0,0,1716721485.5224288,synthetic_007,val
2.2587283,3.1045146,0.21923032,0.53333336,0.6666667,2.9244854,9.072313,3.0,4.0,1.0,9.439853,1.0,2.0,2.0,168.0,1.0,1.0,0.0,0.0,1.0,0,1716721490.5224288,synthetic_007,val
1.8603837,2.996712,-0.010321057,0.55,0.6,3.2029192,9.072313,3.0,4.0,0.0,16.378887,1.0,2.0,2.0,189.0,1.0,1.0,1.0,1.0,1.0,0,1716721495.5224288,synthetic_007,val
28.00471,78.63005,5.7320786,0.46666667,0.6,2.0447974,9.072313,2.0,4.0,0.0,18.719696,1.0,2.0,2.0,315.0,1.0,1.0,1.0,1.0,0.0,0,1716721500.5224288,synthetic_007,val
24.260458,71.9491,2.2693665,0.51666665,0.6666667,1.9617476,9.072313,2.0,4.0,0.0,20.408224,2.0,2.0,2.0,378.0,1.0,1.0,1.0,1.0,0.0,0,1716721505.5224288,synthetic_007,val
27.029894,76.10164,-0.28307545,0.6,1.0,1.7740614,9.017521,1.0,4.0,0.0,19.950111,1.0,2.0,2.0,336.0,1.0,1.0,1.0,1.0,0.0,1,1716721510.5224288,synthetic_007,val
28.678068,78.46726,-2.3340755,0.46666667,0.6,1.8506132,9.017521,1.0,4.0,0.0,12.4944515,1.0,2.0,2.0,315.0,1.0,1.0,1.0,1.0,0.0,1,1716721515.5224288,synthetic_007,val
28.678068,78.46726,-2.3340755,0.46666667,0.6,1.8506132,9.017521,1.0,4.0,0.0,12.4944515,1.0,2.0,2.0,315.0,1.0,1.0,1.0,1.0,0.0,1,1716721520.5224288,synthetic_007,val
30.697153,81.02359,-5.632999,0.41666666,0.8,2.204159,13.045591,1.0,3.0,0.0,16.091303,1.0,2.0,2.0,294.0,1.0,1.0,0.0,0.0,0.0,1,1716721525.5224288,synthetic_007,val
2.9369924,5.4649386,-0.8012758,0.55,0.6,3.1476505,13.045591,2.0,1.0,0.0,23.30654,1.0,2.0,2.0,189.0,1.0,1.0,0.0,0.0,24.0,1,1716721530.5224288,synthetic_007,val
1.2269155,2.013181,-0.54195315,0.7,1.0,3.9253163,13.045591,4.0,1.0,0.0,28.723629,0.0,2.0,2.0,168.0,1.0,1.0,0.0,0.0,11.0,1,1716721535.5224288,synthetic_007,val
4.470656,7.321259,1.375793,0.5,0.6,3.151991,13.045591,4.0,3.0,0.0,28.802532,0.0,3.0,3.0,210.0,1.0,1.0,1.0,1.0,11.0,1,1716721540.5224288,synthetic_007,val
4.366901,7.3294663,1.3125775,0.5,0.8,3.235443,13.045591,5.0,3.0,0.0,19.30884,0.0,3.0,3.0,210.0,1.0,1.0,1.0,1.0,11.0,1,1716721545.5224288,synthetic_007,val
4.242117,6.965648,0.92204106,0.33333334,0.8,3.3056433,13.045591,6.0,3.0,0.0,23.316486,0.0,3.0,3.0,231.0,1.0,1.0,1.0,1.0,11.0,1,1716721550.5224288,synthetic_007,val
4.339212,6.9220147,0.63836193,0.33333334,0.8,2.6684566,6.0365367,6.0,3.0,0.0,26.219034,0.0,3.0,3.0,231.0,1.0,1.0,1.0,1.0,11.0,1,1716721555.5224288,synthetic_007,val
5.067014,6.97734,0.14360592,0.3,0.6,2.986204,6.0365367,6.0,3.0,0.0,25.680038,0.0,3.0,3.0,210.0,1.0,1.0,1.0,1.0,11.0,1,1716721560.5224288,synthetic_007,val
5.856423,6.9854198,-0.9334514,0.1,0.2,3.1153305,6.0365367,5.0,3.0,0.0,27.014927,0.0,3.0,3.0,189.0,1.0,1.0,1.0,1.0,11.0,1,1716721565.5224288,synthetic_007,val
6.552749,9.406852,2.3886995,0.0,0.0,3.6390111,6.0365367,5.0,3.0,0.0,25.56019,0.0,2.0,2.0,168.0,1.0,1.0,0.0,0.0,23.0,0,1716721570.5224288,synthetic_007,val
6.3612084,9.495898,1.6563821,0.0,0.0,4.007526,6.5000167,5.0,3.0,0.0,28.05256,0.0,2.0,2.0,168.0,1.0,1.0,0.0,0.0,23.0,1,1716721575.5224288,synthetic_007,val
6.326255,9.510566,0.99175924,0.0,0.0,4.0591283,6.5000167,5.0,3.0,0.0,26.43649,0.0,2.0,2.0,168.0,0.0,1.0,0.0,0.0,23.0,1,1716721580.5224288,synthetic_007,val
6.268961,8.680909,-0.036929015,0.1,0.2,3.156971,6.5000167,5.0,4.0,0.0,27.486431,0.0,1.0,1.0,210.0,0.0,1.0,0.0,0.0,23.0,1,1716721585.5224288,synthetic_007,val
5.538053,8.1993,-0.5065834,0.3,0.5,2.7183266,6.5000167,4.0,4.0,0.0,26.730812,0.0,1.0,1.0,252.0,1.0,1.0,1.0,0.0,9.0,1,1716721590.5224288,synthetic_007,val
6.152272,7.8133707,-0.39875966,0.2,0.6,2.2938433,6.5000167,3.0,4.0,0.0,27.050076,0.0,1.0,1.0,273.0,1.0,1.0,1.0,1.0,9.0,1,1716721595.5224288,synthetic_007,val
4.857718,6.3729844,0.59529734,0.42222223,0.6666667,2.3586826,6.5000167,4.0,4.0,0.0,24.162857,0.0,1.0,1.0,273.0,1.0,1.0,1.0,1.0,15.0,1,1716721600.5224288,synthetic_007,val
4.6830893,6.213128,0.22369058,0.43333334,0.5,2.0566852,4.420465,3.0,4.0,0.0,24.373127,0.0,2.0,2.0,294.0,1.0,1.0,1.0,1.0,15.0,1,1716721605.5224288,synthetic_007,val
4.4026165,6.1000147,-0.023550877,0.46666667,0.6,2.0410812,3.760999,3.0,4.0,1.0,27.32855,0.0,3.0,3.0,315.0,1.0,1.0,1.0,1.0,9.0,1,1716721610.5224288,synthetic_007,val
3.9978294,6.3381624,-0.12353302,0.5555556,0.6666667,2.2315764,3.760999,3.0,4.0,1.0,27.894308,0.0,3.0,3.0,273.0,1.0,1.0,1.0,1.0,9.0,1,1716721615.5224288,synthetic_007,val
4.2009497,6.4637003,-0.56310827,0.5,0.6,2.4381895,3.760999,4.0,4.0,1.0,27.772182,0.0,3.0,3.0,252.0,1.0,1.0,1.0,1.0,15.0,1,1716721620.5224288,synthetic_007,val
3.1784468,6.322453,-0.37783787,0.56666666,0.6,2.6206455,3.760999,5.0,4.0,0.0,27.793236,0.0,3.0,3.0,252.0,1.0,1.0,1.0,0.0,15.0,1,1716721625.5224288,synthetic_007,val
1.866408,2.0684881,0.055701315,0.5,0.6,2.9380267,4.3190556,5.0,4.0,0.0,26.56275,0.0,3.0,3.0,210.0,1.0,1.0,1.0,0.0,15.0,1,1716721630.5224288,synthetic_007,val
1.4405011,1.9565411,-0.06119827,0.6,0.6,2.9655516,4.3190556,6.0,4.0,1.0,25.894518,0.0,3.0,3.0,210.0,1.0,1.0,0.0,0.0,15.0,1,1716721635.5224288,synthetic_007,val
1.6767762,2.3033092,0.14388554,0.6,0.6,2.9706187,4.3190556,6.0,2.0,1.0,26.178688,0.0,2.0,2.0,210.0,0.0,1.0,0.0,0.0,16.0,1,1716721640.5224288,synthetic_007,val
5.9571986,13.291992,2.066084,0.33333334,0.6,2.7388186,4.3190556,6.0,2.0,1.0,24.616268,1.0,2.0,2.0,232.0,0.0,1.0,0.0,0.0,16.0,1,1716721645.5224288,synthetic_007,val
6.2246284,13.180139,1.4860767,0.26666668,0.6,2.7891889,4.3190556,5.0,2.0,1.0,21.126753,1.0,2.0,2.0,234.0,0.0,1.0,0.0,0.0,16.0,1,1716721650.5224288,synthetic_007,val
8.671603,13.432265,1.6869742,0.2,0.6,2.4613144,4.3190556,4.0,4.0,1.0,12.412038,1.0,2.0,2.0,236.0,0.0,1.0,0.0,0.0,16.0,1,1716721655.5224288,synthetic_007,val
8.17215,12.423831,0.48248896,0.31111112,0.6,2.3427706,4.1329165,4.0,4.0,1.0,16.71531,1.0,2.0,2.0,281.0,0.0,1.0,0.0,0.0,16.0,1,1716721660.5224288,synthetic_007,val
9.019948,12.606288,-0.42332911,0.13333334,0.2,2.628812,5.9957113,4.0,4.0,0.0,20.559622,1.0,2.0,2.0,261.0,0.0,1.0,0.0,0.0,16.0,1,1716721665.5224288,synthetic_007,val
10.248229,12.803052,-1.2668372,0.06666667,0.2,2.4042423,5.9957113,3.0,4.0,0.0,20.69278,1.0,2.0,2.0,241.0,0.0,1.0,0.0,0.0,22.0,1,1716721670.5224288,synthetic_007,val
7.107678,5.684627,-0.0836454,0.1,0.2,2.4998164,5.9957113,2.0,4.0,0.0,19.536171,0.0,2.0,2.0,198.0,0.0,1.0,0.0,0.0,16.0,1,1716721675.5224288,synthetic_007,val
7.098585,6.3041167,-1.3656024,0.1,0.2,3.7246115,13.233881,3.0,4.0,0.0,28.774647,0.0,2.0,2.0,176.0,0.0,1.0,0.0,0.0,16.0,1,1716721680.5224288,synthetic_007,val
3.7973475,4.112816,-0.35608774,0.35,0.5,4.354376,13.233881,3.0,3.0,0.0,26.453861,0.0,2.0,2.0,154.0,0.0,1.0,0.0,0.0,1.0,1,1716721685.5224288,synthetic_007,val
3.2766352,4.1542163,-0.21463224,0.2,0.4,4.9823146,13.233881,3.0,3.0,0.0,23.898176,0.0,1.0,1.0,132.0,0.0,1.0,1.0,1.0,3.0,0,1716721690.5224288,synthetic_007,val
2.5226257,4.1262245,-0.9014306,0.7,1.0,4.13838,13.233881,3.0,3.0,0.0,27.773981,0.0,1.0,1.0,154.0,0.0,1.0,1.0,1.0,22.0,0,1716721695.5224288,synthetic_007,val
1.0876919,2.500854,-0.097153224,0.8,1.0,4.3274994,13.233881,3.0,3.0,0.0,17.058615,0.0,1.0,1.0,154.0,0.0,1.0,1.0,1.0,22.0,0,1716721700.5224288,synthetic_007,val
1.0876919,2.500854,-0.097153224,0.8,1.0,4.3274994,13.233881,3.0,3.0,0.0,17.058615,0.0,1.0,1.0,154.0,0.0,1.0,1.0,1.0,22.0,0,1716721705.5224288,synthetic_007,val
1.1178466,2.738154,-0.19163086,0.9,1.0,2.8431022,5.324718,2.0,3.0,0.0,14.70287,0.0,1.0,1.0,132.0,0.0,1.0,1.0,1.0,22.0,0,1716721710.5224288,synthetic_007,val
1.231819,2.69623,-0.47720194,0.4,0.8,5.375164,17.548113,3.0,3.0,0.0,26.926266,0.0,1.0,1.0,132.0,0.0,1.0,1.0,1.0,22.0,0,1716721715.5224288,synthetic_007,val
1.1924928,2.864855,0.8211017,0.65,0.8,4.3670654,17.548113,2.0,2.0,0.0,29.36995,0.0,1.0,1.0,154.0,1.0,1.0,0.0,0.0,15.0,0,1716721720.5224288,synthetic_007,val
3.1376245,4.3666363,1.582125,0.3,0.6,4.404585,17.548113,2.0,2.0,0.0,28.313581,0.0,1.0,1.0,154.0,1.0,0.0,0.0,0.0,15.0,0,1716721725.5224288,synthetic_007,val
3.2443123,4.053966,0.6029378,0.36666667,0.4,4.005922,17.548113,3.0,4.0,0.0,14.499261,0.0,1.0,1.0,176.0,1.0,1.0,0.0,0.0,15.0,0,1716721730.5224288,synthetic_007,val
6.9991307,13.534357,2.394358,0.4,0.4,3.499474,17.548113,3.0,4.0,0.0,17.446627,0.0,1.0,1.0,220.0,1.0,1.0,0.0,0.0,15.0,0,1716721735.5224288,synthetic_007,val
8.146008,13.393448,1.6393372,0.26666668,0.4,3.283886,17.548113,5.0,4.0,1.0,25.142405,0.0,2.0,2.0,286.0,1.0,1.0,1.0,1.0,21.0,0,1716721740.5224288,synthetic_007,val
19.167412,33.42948,2.2415524,0.2,0.4,1.6222757,4.219093,4.0,4.0,0.0,26.723377,1.0,2.0,2.0,418.0,1.0,1.0,1.0,1.0,0.0,0,1716721745.5224288,synthetic_007,val
60.50008,92.54179,4.3888907,0.1,0.4,1.0527947,4.219093,4.0,4.0,0.0,13.609632,1.0,2.0,2.0,638.0,0.0,1.0,1.0,1.0,0.0,0,1716721750.5224288,synthetic_007,val
62.979275,90.05861,2.7519104,0.08571429,0.4,0.91025513,4.070709,3.0,4.0,0.0,15.962392,1.0,2.0,2.0,682.0,0.0,1.0,1.0,1.0,0.0,0,1716721755.5224288,synthetic_007,val
70.89344,95.190506,0.1138178,0.2857143,1.0,0.42210996,2.1439927,0.0,4.0,0.0,26.302994,0.0,1.0,1.0,47.0,0.0,0.0,1.0,1.0,0.0,1,1716720030.2899342,synthetic_008,train
67.02396,94.80549,0.27688578,0.32142857,1.0,0.5987144,8.576328,1.0,4.0,0.0,29.401068,0.0,1.0,1.0,48.0,0.0,0.0,1.0,1.0,0.0,1,1716720035.2899342,synthetic_008,train
67.049934,95.51854,0.3934367,0.26190478,0.85714287,0.63830125,8.576328,1.0,4.0,0.0,24.721552,0.0,1.0,1.0,42.0,0.0,0.0,1.0,1.0,0.0,1,1716720040.2899342,synthetic_008,train
66.16836,102.8076,-2.376245,0.3809524,0.8,0.8965067,8.576328,2.0,4.0,1.0,29.053894,0.0,2.0,2.0,33.0,0.0,0.0,1.0,1.0,0.0,1,1716720045.2899342,synthetic_008,train
52.871773,94.95565,-9.362483,0.525,0.8,1.4223466,8.576328,2.0,4.0,1.0,26.887129,0.0,2.0,2.0,20.0,0.0,1.0,1.0,1.0,0.0,1,1716720050.2899342,synthetic_008,train
11.226563,29.611511,-1.3907068,0.4,0.8,2.7571092,8.576328,3.0,4.0,1.0,28.184208,0.0,3.0,3.0,14.0,0.0,1.0,1.0,1.0,18.0,1,1716720055.2899342,synthetic_008,train
12.34922,30.96553,-2.6027133,0.5,0.6,2.8184206,8.576328,3.0,4.0,1.0,19.60788,0.0,3.0,3.0,13.0,0.0,1.0,0.0,0.0,18.0,1,1716720060.2899342,synthetic_008,train
13.721355,32.51986,-4.6078324,0.425,0.6,2.1786532,5.3990536,2.0,4.0,1.0,14.208826,0.0,3.0,3.0,12.0,0.0,1.0,0.0,0.0,18.0,1,1716720065.2899342,synthetic_008,train
10.94779,27.311842,-2.255384,0.5555556,0.6666667,2.5360467,11.426131,3.0,4.0,1.0,27.569555,0.0,3.0,3.0,20.0,0.0,1.0,0.0,0.0,18.0,1,1716720070.2899342,synthetic_008,train
4.351448,6.71228,1.1905016,0.45,0.5,3.3643146,11.426131,2.0,4.0,0.0,20.917122,0.0,3.0,3.0,14.0,0.0,1.0,0.0,0.0,2.0,1,1716720075.2899342,synthetic_008,train
3.5838103,6.0334735,0.2878152,0.425,0.6,3.5503793,11.426131,3.0,4.0,1.0,26.968634,0.0,3.0,3.0,18.0,0.0,1.0,0.0,0.0,4.0,1,1716720080.2899342,synthetic_008,train
3.3159602,6.144399,0.07541678,0.55,0.6,3.3652,11.426131,3.0,4.0,1.0,18.860668,0.0,3.0,3.0,18.0,0.0,1.0,1.0,1.0,22.0,1,1716720085.2899342,synthetic_008,train
3.3159602,6.144399,0.07541678,0.55,0.6,3.3652,11.426131,3.0,4.0,1.0,18.860668,0.0,3.0,3.0,18.0,0.0,1.0,1.0,1.0,22.0,1,1716720090.2899342,synthetic_008,train
3.3159602,6.144399,0.07541678,0.55,0.6,3.3652,11.426131,3.0,4.0,1.0,18.860668,0.0,3.0,3.0,18.0,0.0,1.0,1.0,1.0,22.0,1,1716720095.2899342,synthetic_008,train
14.205408,35.40537,8.146082,0.36666667,0.4,3.7673767,12.847291,3.0,3.0,1.0,22.949215,0.0,3.0,3.0,16.0,1.0,1.0,1.0,1.0,4.0,1,1716720100.2899342,synthetic_008,train
14.205408,35.40537,8.146082,0.36666667,0.4,3.7673767,12.847291,3.0,3.0,1.0,22.949215,0.0,3.0,3.0,16.0,1.0,1.0,1.0,1.0,4.0,1,1716720105.2899342,synthetic_008,train
16.06992,37.823578,3.655884,0.45,0.5,4.1796417,12.847291,3.0,2.0,0.0,26.68405,0.0,3.0,3.0,14.0,1.0,1.0,1.0,1.0,22.0,1,1716720110.2899342,synthetic_008,train
16.015108,37.843136,-3.2407289,0.45,0.5,3.9067545,12.847291,2.0,3.0,0.0,14.49999,0.0,3.0,3.0,14.0,1.0,1.0,0.0,0.0,22.0,1,1716720115.2899342,synthetic_008,train
12.456196,33.52535,-3.3807695,0.575,0.75,3.834844,12.847291,4.0,3.0,0.0,21.666306,0.0,3.0,3.0,18.0,1.0,1.0,0.0,0.0,22.0,1,1716720120.2899342,synthetic_008,train
10.942075,28.831331,-1.9090302,0.4,0.8,3.1860404,12.847291,4.0,3.0,1.0,25.385193,0.0,3.0,3.0,24.0,1.0,1.0,0.0,0.0,22.0,1,1716720125.2899342,synthetic_008,train
3.114802,4.0281987,0.35212,0.6666667,1.0,2.8464067,7.8460712,4.0,3.0,1.0,23.464401,0.0,2.0,2.0,24.0,1.0,0.0,0.0,0.0,13.0,1,1716720130.2899342,synthetic_008,train
2.855235,3.944586,0.15106146,0.6666667,1.0,2.7881198,7.8460712,4.0,3.0,1.0,25.611366,0.0,2.0,2.0,27.0,1.0,0.0,0.0,0.0,13.0,1,1716720135.2899342,synthetic_008,train
2.642281,4.0641265,0.012672104,0.73333335,1.0,2.7881432,7.3669095,4.0,3.0,1.0,27.865398,0.0,2.0,2.0,26.0,1.0,0.0,0.0,0.0,13.0,1,1716720140.2899342,synthetic_008,train
2.7539732,4.407343,-0.033252828,0.675,0.75,2.9655564,7.3669095,4.0,3.0,0.0,23.551485,0.0,2.0,2.0,22.0,1.0,0.0,0.0,0.0,13.0,1,1716720145.2899342,synthetic_008,train
4.8981037,5.6168375,0.31986022,0.4,0.4,3.0676956,8.689069,3.0,3.0,1.0,29.573746,0.0,3.0,3.0,27.0,1.0,1.0,1.0,1.0,13.0,1,1716720150.2899342,synthetic_008,train
3.722737,5.6129622,0.53343606,0.46666667,0.6,3.4555538,8.689069,3.0,3.0,1.0,25.49644,0.0,3.0,3.0,24.0,1.0,1.0,1.0,1.0,13.0,0,1716720155.2899342,synthetic_008,train
3.456468,6.0078707,0.202306,0.7,1.0,3.8178062,8.689069,3.0,3.0,0.0,24.57768,0.0,3.0,3.0,21.0,1.0,1.0,1.0,1.0,12.0,0,1716720160.2899342,synthetic_008,train
3.7025359,5.8765464,-0.47726032,0.45,0.5,4.506344,8.689069,4.0,3.0,0.0,24.177498,0.0,3.0,3.0,21.0,1.0,1.0,1.0,1.0,17.0,0,1716720165.2899342,synthetic_008,train
3.9865406,5.713565,-1.1898907,0.2,0.4,4.3162303,8.689069,4.0,3.0,0.0,21.524544,0.0,3.0,3.0,21.0,1.0,1.0,1.0,1.0,13.0,0,1716720170.2899342,synthetic_008,train
5.7825766,8.57895,0.58878165,0.325,0.4,4.007235,8.689069,5.0,3.0,0.0,27.376049,0.0,3.0,3.0,27.0,1.0,1.0,1.0,1.0,13.0,0,1716720175.2899342,synthetic_008,train
33.12016,54.610554,5.540057,0.26666668,0.6,1.9862713,6.9667263,4.0,3.0,0.0,29.107706,0.0,2.0,2.0,46.0,1.0,1.0,1.0,1.0,0.0,0,1716720180.2899342,synthetic_008,train
30.216267,50.012207,1.272037,0.23333333,0.4,1.8995293,6.9667263,4.0,4.0,0.0,28.820383,0.0,2.0,2.0,59.0,1.0,1.0,1.0,1.0,0.0,0,1716720185.2899342,synthetic_008,train
28.625937,49.09499,-0.35006535,0.2875,0.75,1.7349194,6.9667263,3.0,4.0,0.0,25.996744,0.0,2.0,2.0,64.0,1.0,1.0,1.0,1.0,0.0,0,1716720190.2899342,synthetic_008,train
30.120573,50.07155,-0.9393605,0.35,1.0,1.4442636,6.0361166,2.0,4.0,0.0,19.960627,0.0,1.0,1.0,61.0,1.0,1.0,1.0,1.0,0.0,0,1716720195.2899342,synthetic_008,train
28.81079,49.006374,-2.0763,0.3375,0.75,1.4650091,6.213119,2.0,4.0,0.0,22.480822,0.0,1.0,1.0,66.0,1.0,1.0,1.0,1.0,0.0,0,1716720200.2899342,synthetic_008,train
29.070421,50.413692,-3.6641755,0.36666667,0.6666667,1.6561254,7.8265896,2.0,4.0,0.0,29.382755,0.0,1.0,1.0,64.0,1.0,1.0,1.0,1.0,0.0,0,1716720205.2899342,synthetic_008,train
5.431313,7.496607,-1.7667351,0.6,0.8,2.939754,7.8265896,3.0,4.0,0.0,28.666529,0.0,2.0,2.0,40.0,1.0,1.0,1.0,1.0,5.0,0,1716720210.2899342,synthetic_008,train
1.2037848,2.9486587,0.20636313,0.9,1.0,4.052286,7.8265896,3.0,4.0,0.0,22.987444,0.0,2.0,2.0,24.0,1.0,1.0,0.0,0.0,5.0,0,1716720215.2899342,synthetic_008,train
1.7917628,3.1276796,-0.37504995,0.6,0.6,5.416531,7.8265896,4.0,4.0,0.0,20.869537,0.0,2.0,2.0,20.0,0.0,1.0,1.0,1.0,4.0,0,1716720220.2899342,synthetic_008,train
1.6890968,2.690034,-0.24927096,0.55,0.6,4.919351,7.8265896,6.0,4.0,1.0,28.222338,0.0,3.0,3.0,28.0,0.0,1.0,1.0,1.0,25.0,0,1716720225.2899342,synthetic_008,train
9.103636,23.914396,5.5895677,0.6333333,0.6666667,3.8645844,7.8265896,6.0,4.0,1.0,17.317566,1.0,4.0,4.0,32.0,0.0,1.0,1.0,1.0,25.0,0,1716720230.2899342,synthetic_008,train
8.092121,22.574755,2.09197,0.675,0.75,3.2841423,6.912025,6.0,3.0,1.0,13.937657,1.0,4.0,4.0,36.0,0.0,1.0,1.0,1.0,4.0,0,1716720235.2899342,synthetic_008,train
8.522775,22.43764,1.136544,0.55,0.6,3.1315393,6.912025,6.0,3.0,0.0,11.817682,1.0,4.0,4.0,36.0,0.0,1.0,1.0,1.0,4.0,0,1716720240.2899342,synthetic_008,train
7.011614,19.35217,-0.101233244,0.5,0.6,2.9646583,6.912025,7.0,3.0,0.0,19.10925,1.0,4.0,4.0,48.0,0.0,1.0,1.0,1.0,4.0,0,1716720245.2899342,synthetic_008,train
7.7158093,19.29642,-0.21891992,0.4,0.6,2.4868257,6.2668667,6.0,3.0,1.0,19.23992,1.0,4.0,4.0,48.0,0.0,1.0,1.0,1.0,4.0,0,1716720250.2899342,synthetic_008,train
7.477071,19.379435,-1.3636259,0.6666667,1.0,2.603437,6.2668667,6.0,4.0,1.0,25.753302,1.0,4.0,4.0,48.0,0.0,1.0,1.0,1.0,4.0,0,1716720255.2899342,synthetic_008,train
2.7852185,3.8106425,0.24200737,0.6666667,1.0,2.729713,6.2668667,5.0,4.0,1.0,23.759975,0.0,2.0,2.0,44.0,0.0,1.0,1.0,1.0,4.0,0,1716720260.2899342,synthetic_008,train
34.874496,82.53816,9.54919,0.41666666,0.8,1.9717178,5.559079,4.0,4.0,1.0,24.50798,0.0,2.0,2.0,56.0,1.0,1.0,1.0,1.0,4.0,0,1716720265.2899342,synthetic_008,train
34.73713,82.59531,7.586635,0.41666666,0.6,2.1895144,6.1452193,4.0,4.0,1.0,27.829903,0.0,2.0,2.0,56.0,1.0,1.0,1.0,1.0,4.0,0,1716720270.2899342,synthetic_008,train
36.837337,85.59112,3.1357224,0.5555556,0.6666667,2.1120374,6.1452193,4.0,4.0,1.0,26.27845,0.0,2.0,2.0,52.0,1.0,1.0,1.0,1.0,8.0,0,1716720275.2899342,synthetic_008,train
33.783558,82.96747,-0.19106668,0.5833333,0.8,2.303093,6.1452193,5.0,4.0,1.0,26.684223,0.0,2.0,2.0,56.0,1.0,1.0,1.0,1.0,8.0,0,1716720280.2899342,synthetic_008,train
33.783558,82.96747,-4.349043,0.5833333,0.75,1.9193254,6.1452193,3.0,4.0,1.0,21.906635,1.0,4.0,4.0,56.0,1.0,1.0,1.0,1.0,8.0,1,1716720285.2899342,synthetic_008,train
31.378359,80.471695,-7.3160295,0.6,0.8,2.1218321,6.1452193,4.0,4.0,1.0,19.23042,1.0,4.0,4.0,60.0,1.0,1.0,1.0,1.0,8.0,1,1716720290.2899342,synthetic_008,train
1.0891534,2.2297456,-0.0002149098,0.8,1.0,2.6113017,6.1452193,5.0,3.0,1.0,14.694401,1.0,4.0,4.0,48.0,1.0,1.0,1.0,1.0,21.0,1,1716720295.2899342,synthetic_008,train
0.92642534,2.232246,-0.0028516094,0.8666667,1.0,2.4704156,4.6619425,5.0,3.0,1.0,17.007923,1.0,4.0,4.0,48.0,1.0,1.0,1.0,1.0,21.0,1,1716720300.2899342,synthetic_008,train
1.1117104,2.421026,-0.13969555,0.8,0.8,2.5449657,4.6619425,4.0,3.0,0.0,17.835636,1.0,4.0,4.0,40.0,1.0,1.0,1.0,1.0,12.0,1,1716720305.2899342,synthetic_008,train
17.002073,51.10969,6.4868064,0.46666667,0.8,2.6971443,8.600348,4.0,4.0,0.0,26.68953,0.0,4.0,4.0,44.0,1.0,1.0,1.0,1.0,22.0,1,1716720310.2899342,synthetic_008,train
19.23759,53.364143,5.540648,0.5,0.8,2.8530886,8.600348,4.0,4.0,0.0,23.868942,0.0,4.0,4.0,40.0,1.0,1.0,1.0,1.0,22.0,1,1716720315.2899342,synthetic_008,train
20.36995,53.191853,-0.14459707,0.5,0.6,2.9790883,8.600348,5.0,4.0,0.0,26.65779,0.0,2.0,2.0,40.0,1.0,1.0,1.0,0.0,11.0,1,1716720320.2899342,synthetic_008,train
22.633278,55.905415,-5.2913084,0.475,0.75,3.4639869,8.600348,5.0,4.0,0.0,26.721296,0.0,2.0,2.0,36.0,1.0,1.0,1.0,0.0,11.0,1,1716720325.2899342,synthetic_008,train
20.590027,50.14329,-5.8097353,0.2,0.4,2.9375906,8.600348,5.0,4.0,0.0,23.713148,0.0,2.0,2.0,44.0,1.0,1.0,1.0,0.0,11.0,1,1716720330.2899342,synthetic_008,train
18.629284,44.189583,-3.4884093,0.2,0.4,2.5603273,8.600348,5.0,4.0,0.0,27.244234,0.0,2.0,2.0,56.0,1.0,1.0,1.0,0.0,11.0,1,1716720335.2899342,synthetic_008,train
6.906478,6.192282,0.29300633,0.2,0.6,2.5839698,5.53053,5.0,2.0,0.0,28.765951,0.0,2.0,2.0,48.0,1.0,1.0,1.0,0.0,11.0,1,1716720340.2899342,synthetic_008,train
5.846343,6.2370343,-0.2824107,0.36666667,0.6,2.3207376,5.53053,5.0,2.0,0.0,26.959797,0.0,2.0,2.0,56.0,1.0,1.0,1.0,0.0,18.0,1,1716720345.2899342,synthetic_008,train
5.3065805,5.3611693,-0.641065,0.46666667,1.0,2.2003865,5.3468366,4.0,3.0,0.0,21.467098,0.0,2.0,2.0,48.0,1.0,1.0,0.0,0.0,18.0,1,1716720350.2899342,synthetic_008,train
6.06857,6.744667,-0.35474136,0.38333333,0.75,2.1162715,7.169809,4.0,3.0,1.0,28.337055,0.0,2.0,2.0,56.0,1.0,1.0,1.0,1.0,18.0,1,1716720355.2899342,synthetic_008,train
26.97377,75.95647,5.7128234,0.33333334,1.0,1.8380895,7.169809,3.0,3.0,1.0,26.44994,0.0,4.0,4.0,60.0,1.0,1.0,1.0,1.0,18.0,1,1716720360.2899342,synthetic_008,train
27.129522,78.93477,4.143871,0.33333334,0.6,2.1763785,7.169809,4.0,3.0,1.0,25.122463,0.0,4.0,4.0,56.0,1.0,1.0,1.0,1.0,9.0,1,1716720365.2899342,synthetic_008,train
26.045755,76.17619,1.7148458,0.33333334,0.8,2.0553463,7.169809,4.0,3.0,1.0,28.055101,0.0,4.0,4.0,60.0,1.0,1.0,1.0,1.0,9.0,1,1716720370.2899342,synthetic_008,train
23.956097,71.53113,-2.2091382,0.375,0.6,1.9079237,7.169809,4.0,3.0,1.0,29.162106,0.0,4.0,4.0,68.0,1.0,1.0,1.0,1.0,13.0,1,1716720375.2899342,synthetic_008,train
22.04392,65.89544,-2.4638865,0.35,0.6,1.667951,7.169809,3.0,2.0,1.0,26.18921,0.0,4.0,4.0,80.0,1.0,1.0,1.0,1.0,4.0,1,1716720380.2899342,synthetic_008,train
22.585808,65.71655,-3.6816103,0.25,0.4,1.5196503,4.7094502,3.0,4.0,1.0,28.307169,0.0,4.0,4.0,80.0,1.0,1.0,1.0,0.0,16.0,1,1716720385.2899342,synthetic_008,train
6.4281654,6.9961205,0.32905823,0.375,0.5,1.8504629,4.7094502,4.0,4.0,1.0,26.748419,0.0,2.0,2.0,68.0,1.0,1.0,1.0,0.0,16.0,1,1716720390.2899342,synthetic_008,train
6.6501565,7.401902,0.3704883,0.4,0.6,1.6685884,4.600603,3.0,4.0,1.0,20.465282,0.0,2.0,2.0,60.0,1.0,1.0,1.0,0.0,16.0,0,1716720395.2899342,synthetic_008,train
6.296111,7.6500497,0.285433,0.41666666,0.6,1.9475265,7.944277,3.0,4.0,1.0,25.56829,0.0,2.0,2.0,56.0,1.0,1.0,1.0,0.0,16.0,0,1716720400.2899342,synthetic_008,train
5.6045046,8.04419,-0.82806766,0.6,1.0,2.3827603,7.944277,4.0,4.0,1.0,27.657019,0.0,2.0,2.0,48.0,1.0,1.0,0.0,0.0,16.0,0,1716720405.2899342,synthetic_008,train
3.6874595,6.37772,-1.0354416,0.5,0.8,2.9375162,7.944277,5.0,4.0,1.0,26.27484,0.0,2.0,2.0,40.0,1.0,1.0,0.0,0.0,16.0,0,1716720410.2899342,synthetic_008,train
2.5114858,5.59858,0.7883047,0.6333333,0.8,2.5289385,7.944277,4.0,4.0,1.0,25.746658,0.0,2.0,2.0,50.0,1.0,1.0,1.0,0.0,17.0,1,1716720415.2899342,synthetic_008,train
2.7398028,5.812952,0.88780594,0.46666667,0.8,2.3406053,7.944277,3.0,4.0,1.0,17.802382,0.0,2.0,2.0,46.0,1.0,1.0,1.0,0.0,18.0,1,1716720420.2899342,synthetic_008,train
2.6808023,5.2120357,0.30579752,0.6,0.8,2.3374732,7.944277,4.0,4.0,1.0,27.11782,0.0,2.0,2.0,66.0,1.0,1.0,1.0,0.0,17.0,1,1716720425.2899342,synthetic_008,train
2.7643938,5.3983407,0.3377855,0.6333333,0.8,1.9369873,5.631957,3.0,4.0,1.0,23.030737,0.0,2.0,2.0,62.0,1.0,1.0,1.0,0.0,17.0,1,1716720430.2899342,synthetic_008,train
3.9068396,5.776037,0.28043455,0.44444445,0.6,2.246828,7.6057773,3.0,4.0,1.0,25.511105,0.0,2.0,2.0,60.0,1.0,1.0,1.0,0.0,17.0,1,1716720435.2899342,synthetic_008,train
3.8127952,5.7976184,-0.0794659,0.44444445,0.6,2.4137144,7.6057773,3.0,4.0,0.0,29.20897,0.0,2.0,2.0,62.0,1.0,1.0,1.0,0.0,4.0,1,1716720440.2899342,synthetic_008,train
2.8129787,3.668346,-0.14710054,0.4,0.4,3.0184443,7.6057773,4.0,3.0,0.0,24.552485,0.0,3.0,3.0,50.0,1.0,1.0,0.0,0.0,4.0,1,1716720445.2899342,synthetic_008,train
15.622029,34.38376,4.5808096,0.35,0.4,2.4820867,7.6057773,4.0,4.0,1.0,29.117256,0.0,5.0,5.0,70.0,1.0,1.0,1.0,1.0,4.0,1,1716720450.2899342,synthetic_008,train
20.86342,39.951866,8.271571,0.3,0.4,2.5433772,7.6057773,3.0,4.0,1.0,17.827995,0.0,5.0,5.0,50.0,1.0,1.0,1.0,1.0,4.0,1,1716720455.2899342,synthetic_008,train
20.447136,36.84743,4.7143373,0.2,0.4,2.7566476,7.6057773,4.0,4.0,1.0,25.473995,0.0,5.0,5.0,60.0,1.0,1.0,1.0,1.0,4.0,1,1716720460.2899342,synthetic_008,train
22.038979,36.906925,3.0427077,0.36666667,0.6,2.6397116,7.3040075,4.0,4.0,1.0,25.743927,0.0,5.0,5.0,60.0,1.0,1.0,1.0,1.0,22.0,1,1716720465.2899342,synthetic_008,train
22.348242,34.930153,-0.4424419,0.2,0.4,2.2671237,7.3040075,3.0,4.0,1.0,27.541134,0.0,5.0,5.0,65.0,1.0,0.0,1.0,1.0,22.0,1,1716720470.2899342,synthetic_008,train
26.05288,36.949036,-3.157989,0.13333334,0.2,2.2272425,7.3040075,2.0,4.0,1.0,22.684143,0.0,5.0,5.0,55.0,1.0,0.0,1.0,1.0,22.0,1,1716720475.2899342,synthetic_008,train
10.71906,12.715535,-1.5917524,0.2,0.2,3.0502338,7.3040075,4.0,3.0,0.0,23.19833,0.0,2.0,2.0,50.0,1.0,1.0,0.0,0.0,16.0,1,1716720480.2899342,synthetic_008,train
9.294768,12.008809,-1.5311217,0.3,0.5,2.7892606,7.3040075,4.0,3.0,0.0,21.805933,1.0,2.0,2.0,60.0,1.0,1.0,1.0,1.0,16.0,1,1716720485.2899342,synthetic_008,train
10.420781,17.458513,0.6865685,0.42222223,0.6666667,2.415893,6.9596066,4.0,3.0,1.0,15.044309,1.0,2.0,2.0,65.0,1.0,1.0,1.0,1.0,16.0,1,1716720490.2899342,synthetic_008,train
8.773676,16.20316,0.70315397,0.26666668,0.6,2.2923412,5.5969005,4.0,4.0,0.0,15.629872,1.0,2.0,2.0,65.0,1.0,1.0,1.0,1.0,16.0,1,1716720495.2899342,synthetic_008,train
7.195812,15.721989,0.21065973,0.43333334,0.5,2.1633782,5.5969005,4.0,4.0,1.0,19.399595,1.0,2.0,2.0,70.0,1.0,1.0,1.0,1.0,11.0,1,1716720500.2899342,synthetic_008,train
6.6917214,14.746349,-0.034400415,0.55,1.0,2.1715431,5.5969005,4.0,4.0,1.0,23.682579,1.0,2.0,2.0,80.0,1.0,1.0,1.0,1.0,11.0,1,1716720505.2899342,synthetic_008,train
7.611386,14.444519,-0.1307935,0.425,0.6,1.6602067,3.9594662,2.0,4.0,1.0,25.462746,0.0,2.0,2.0,85.0,1.0,1.0,1.0,1.0,15.0,1,1716720510.2899342,synthetic_008,train
7.5584326,14.4588785,-0.5909643,0.425,0.5,1.8129306,3.9594662,3.0,4.0,1.0,25.117373,1.0,3.0,3.0,85.0,1.0,1.0,1.0,1.0,15.0,1,1716720515.2899342,synthetic_008,train
5.7033587,5.9416223,0.32470378,0.3,0.6,1.828805,3.9594662,3.0,4.0,1.0,19.150742,1.0,3.0,3.0,85.0,1.0,1.0,1.0,1.0,24.0,1,1716720520.2899342,synthetic_008,train
5.8119955,6.3044086,0.41703585,0.4,0.4,1.6901003,3.9444864,2.0,3.0,1.0,15.997942,1.0,3.0,3.0,75.0,1.0,1.0,1.0,1.0,21.0,1,1716720525.2899342,synthetic_008,train
7.1626287,7.339685,0.5915313,0.26666668,0.4,2.1215925,7.0287786,3.0,3.0,1.0,13.829751,1.0,3.0,3.0,65.0,1.0,1.0,1.0,1.0,20.0,1,1716720530.2899342,synthetic_008,train
7.371383,7.5324163,0.17210522,0.2,0.4,2.5262473,7.191659,4.0,3.0,0.0,18.891127,1.0,3.0,3.0,60.0,1.0,1.0,1.0,1.0,7.0,1,1716720535.2899342,synthetic_008,train
6.375581,7.9075975,0.40294626,0.2,0.4,3.4658213,7.191659,5.0,3.0,0.0,29.10918,0.0,3.0,3.0,45.0,1.0,1.0,1.0,1.0,3.0,1,1716720540.2899342,synthetic_008,train
7.704831,8.550286,-0.69349325,0.1,0.2,3.6610422,7.191659,4.0,2.0,0.0,21.68281,0.0,3.0,3.0,35.0,1.0,1.0,1.0,1.0,7.0,1,1716720545.2899342,synthetic_008,train
5.3532386,7.630824,-1.6049078,0.0,0.0,5.1793904,7.191659,4.0,2.0,0.0,18.868174,0.0,3.0,3.0,25.0,0.0,1.0,1.0,1.0,16.0,1,1716720550.2899342,synthetic_008,train
4.4610324,7.1665735,-1.6818385,0.5,1.0,5.5246887,7.25118,5.0,2.0,0.0,26.119354,0.0,3.0,3.0,30.0,0.0,1.0,1.0,1.0,16.0,1,1716720555.2899342,synthetic_008,train
1.213252,1.1410156,-0.57743955,0.4,0.4,5.8895655,7.25118,5.0,2.0,0.0,22.256168,0.0,1.0,1.0,25.0,0.0,1.0,0.0,0.0,16.0,1,1716720560.2899342,synthetic_008,train
39.143932,100.12702,18.734526,0.45,0.5,4.0954113,7.25118,5.0,4.0,0.0,23.74419,0.0,2.0,2.0,35.0,0.0,1.0,0.0,0.0,16.0,1,1716720565.2899342,synthetic_008,train
35.990078,93.10835,4.239794,0.36666667,0.4,3.4942758,7.25118,5.0,4.0,1.0,21.833206,0.0,3.0,3.0,40.0,0.0,1.0,0.0,0.0,16.0,1,1716720570.2899342,synthetic_008,train
29.914612,83.14887,-0.7192074,0.4,0.4,3.3551009,7.25118,6.0,4.0,1.0,27.430008,0.0,3.0,3.0,50.0,1.0,1.0,0.0,0.0,16.0,1,1716720575.2899342,synthetic_008,train
39.911263,95.44658,1.8725601,0.4,0.6,2.1108541,7.25118,5.0,4.0,1.0,26.522486,0.0,3.0,3.0,83.0,1.0,1.0,0.0,0.0,16.0,1,1716720580.2899342,synthetic_008,train
33.959362,86.060394,-1.5265021,0.55,0.8,1.5640054,4.527805,4.0,4.0,1.0,27.319813,0.0,3.0,3.0,108.0,1.0,1.0,0.0,0.0,16.0,1,1716720585.2899342,synthetic_008,train
36.48265,79.6063,-0.7834194,0.45,0.8,1.1670775,4.527805,3.0,4.0,1.0,21.78,1.0,3.0,3.0,151.0,1.0,1.0,1.0,1.0,0.0,1,1716720590.2899342,synthetic_008,train
29.809237,68.685844,0.76727444,0.46,0.6,1.0458075,4.527805,2.0,4.0,0.0,16.377205,1.0,3.0,3.0,136.0,1.0,1.0,1.0,1.0,0.0,1,1716720595.2899342,synthetic_008,train
31.775972,71.529724,0.40502512,0.5,0.8,0.94951653,4.527805,1.0,4.0,0.0,11.899315,1.0,3.0,3.0,126.0,1.0,1.0,1.0,1.0,0.0,1,1716720600.2899342,synthetic_008,train
29.326107,68.88019,-1.2453659,0.5,0.6,1.313488,13.940864,1.0,4.0,1.0,16.781826,1.0,2.0,2.0,140.0,1.0,1.0,1.0,1.0,0.0,0,1716720605.2899342,synthetic_008,train
19.589685,41.867336,-0.7322201,0.4125,0.8,1.5863568,13.940864,1.0,3.0,1.0,18.137363,1.0,2.0,2.0,114.0,1.0,1.0,1.0,1.0,0.0,0,1716720610.2899342,synthetic_008,train
22.106462,46.18574,-3.8832126,0.33333334,0.6,1.9510092,13.940864,2.0,3.0,1.0,24.419924,1.0,2.0,2.0,90.0,0.0,1.0,1.0,1.0,0.0,0,1716720615.2899342,synthetic_008,train
3.0881643,4.8132377,-0.21949565,0.5,0.6,3.1424735,13.940864,3.0,4.0,1.0,17.483871,0.0,4.0,4.0,60.0,0.0,0.0,1.0,0.0,27.0,0,1716720620.2899342,synthetic_008,train
2.8074222,4.660205,-0.30499285,0.6666667,1.0,3.2620034,13.940864,4.0,4.0,1.0,21.941174,0.0,4.0,4.0,66.0,0.0,0.0,1.0,0.0,26.0,0,1716720625.2899342,synthetic_008,train
2.5734704,4.516635,-0.34258765,0.6666667,1.0,3.315403,13.940864,5.0,4.0,1.0,25.843973,0.0,4.0,4.0,72.0,0.0,0.0,1.0,0.0,26.0,0,1716720630.2899342,synthetic_008,train
1.8932933,2.419566,-0.33390266,0.55,0.6,3.2405255,5.611042,5.0,4.0,1.0,26.438532,0.0,4.0,4.0,54.0,0.0,0.0,1.0,0.0,26.0,0,1716720635.2899342,synthetic_008,train
1.0382348,1.9720944,0.22914001,0.65,0.8,3.4577148,5.611042,5.0,4.0,1.0,20.322023,0.0,4.0,4.0,42.0,0.0,0.0,1.0,0.0,26.0,0,1716720640.2899342,synthetic_008,train
8.390959,20.876637,4.8815365,0.56666666,0.8,3.4452531,7.039534,5.0,4.0,0.0,23.778255,0.0,4.0,4.0,48.0,0.0,1.0,0.0,0.0,26.0,1,1716720645.2899342,synthetic_008,train
10.645712,24.130177,5.3376994,0.3,0.6,4.6015115,7.039534,5.0,4.0,0.0,23.151768,0.0,4.0,4.0,36.0,0.0,1.0,0.0,0.0,26.0,1,1716720650.2899342,synthetic_008,train
10.971932,21.845654,1.2096424,0.2,0.4,4.1533494,7.039534,5.0,4.0,0.0,25.170645,0.0,2.0,2.0,42.0,0.0,1.0,0.0,0.0,17.0,1,1716720655.2899342,synthetic_008,train
10.971932,21.845654,-1.5333407,0.35,0.5,4.5073237,7.039534,5.0,3.0,0.0,25.940224,0.0,2.0,2.0,42.0,0.0,1.0,0.0,0.0,17.0,1,1716720660.2899342,synthetic_008,train
9.32623,19.379929,-2.788417,0.475,0.75,3.3432436,7.039534,4.0,4.0,1.0,23.049658,0.0,3.0,3.0,55.0,0.0,1.0,0.0,0.0,17.0,1,1716720665.2899342,synthetic_008,train
8.393607,18.508057,-2.536643,0.5,0.8,3.5163553,7.039534,5.0,4.0,1.0,28.12402,0.0,3.0,3.0,62.0,0.0,1.0,0.0,0.0,17.0,1,1716720670.2899342,synthetic_008,train
28.938131,82.31415,10.482772,0.44444445,0.8,2.353704,6.3979235,4.0,4.0,1.0,24.200228,0.0,3.0,3.0,85.0,1.0,1.0,1.0,1.0,17.0,1,1716720675.2899342,synthetic_008,train
28.189894,79.11498,6.5347433,0.41666666,0.6,2.047787,6.380622,4.0,4.0,1.0,23.899729,0.0,3.0,3.0,93.0,1.0,1.0,1.0,1.0,21.0,1,1716720680.2899342,synthetic_008,train
27.075542,76.38601,2.7368681,0.46666667,0.8,1.9498868,6.380622,4.0,4.0,1.0,22.86768,0.0,3.0,3.0,102.0,1.0,1.0,1.0,1.0,4.0,1,1716720685.2899342,synthetic_008,train
24.751385,71.75995,0.14967068,0.35,0.6,1.7495021,5.074362,4.0,4.0,1.0,28.4472,0.0,3.0,3.0,117.0,1.0,1.0,1.0,1.0,4.0,1,1716720690.2899342,synthetic_008,train
24.536316,71.814705,-2.5841951,0.425,0.6,1.8180854,5.074362,4.0,4.0,1.0,25.833092,0.0,3.0,3.0,119.0,1.0,1.0,1.0,1.0,4.0,1,1716720695.2899342,synthetic_008,train
25.904707,68.74903,-2.2527323,0.3625,0.6,1.6390263,4.493234,4.0,4.0,1.0,29.69441,0.0,3.0,3.0,133.0,1.0,1.0,1.0,1.0,6.0,1,1716720700.2899342,synthetic_008,train
8.75436,17.530817,0.3150618,0.55,1.0,2.0639036,4.493234,5.0,4.0,1.0,29.253181,0.0,3.0,3.0,112.0,1.0,1.0,1.0,1.0,4.0,1,1716720705.2899342,synthetic_008,train
9.258382,18.151121,0.7032789,0.46666667,0.6,1.9453657,4.493234,4.0,4.0,1.0,24.68725,0.0,3.0,3.0,105.0,1.0,1.0,1.0,1.0,24.0,1,1716720710.2899342,synthetic_008,train
8.422218,18.193352,0.197488,0.46666667,0.6,2.1059773,6.4668136,4.0,4.0,0.0,28.553547,0.0,2.0,2.0,105.0,1.0,1.0,1.0,1.0,24.0,1,1716720715.2899342,synthetic_008,train
7.927319,17.71073,-0.47820854,0.6,1.0,1.823983,6.4668136,3.0,4.0,1.0,27.441559,0.0,2.0,2.0,112.0,1.0,0.0,1.0,1.0,17.0,1,1716720720.2899342,synthetic_008,train
8.906567,18.770807,-1.5454862,0.43333334,0.6,1.9519416,6.4668136,4.0,4.0,1.0,25.22349,0.0,2.0,2.0,98.0,1.0,0.0,1.0,0.0,17.0,1,1716720725.2899342,synthetic_008,train
4.5108995,6.273835,-0.15531237,0.33333334,0.6,2.0017068,6.4668136,3.0,4.0,1.0,21.491081,0.0,2.0,2.0,77.0,1.0,0.0,0.0,0.0,17.0,1,1716720730.2899342,synthetic_008,train
5.063582,6.3427467,-1.0538491,0.3,0.4,2.9275138,11.811924,3.0,4.0,1.0,28.648323,0.0,2.0,2.0,70.0,1.0,0.0,1.0,1.0,12.0,1,1716720735.2899342,synthetic_008,train
3.4990475,4.209734,-0.2756419,0.325,0.4,3.183147,11.811924,3.0,4.0,1.0,22.18151,0.0,2.0,2.0,63.0,1.0,0.0,1.0,1.0,12.0,1,1716720740.2899342,synthetic_008,train
3.271669,4.1032386,-0.48820913,0.2,0.4,3.2896974,11.811924,2.0,4.0,1.0,16.98468,0.0,2.0,2.0,42.0,1.0,0.0,1.0,1.0,16.0,1,1716720745.2899342,synthetic_008,train
1.4952648,1.7839082,-1.7349358,0.33333334,0.33333334,10.325776,15.707064,3.0,2.0,0.0,18.345991,1.0,2.0,2.0,21.0,0.0,0.0,1.0,1.0,3.0,1,1716720750.2899342,synthetic_008,train
0.33864087,0.5865432,-0.5079613,0.6666667,0.6666667,10.083784,15.707064,2.0,1.0,0.0,12.2929535,1.0,2.0,2.0,21.0,0.0,0.0,1.0,1.0,4.0,1,1716720755.2899342,synthetic_008,train
20.977976,55.800632,1.9495065,0.53333336,0.6666667,4.6704597,15.707064,3.0,3.0,1.0,22.357784,1.0,3.0,3.0,56.0,1.0,1.0,1.0,1.0,4.0,1,1716720760.2899342,synthetic_008,train
53.836628,98.12437,10.751236,0.33333334,0.6,2.7140598,15.707064,3.0,3.0,1.0,14.147594,0.0,3.0,3.0,77.0,1.0,1.0,1.0,1.0,20.0,1,1716720765.2899342,synthetic_008,train
53.836628,98.12437,10.751236,0.33333334,0.6,2.7140598,15.707064,3.0,3.0,1.0,14.147594,0.0,3.0,3.0,77.0,1.0,1.0,1.0,1.0,20.0,1,1716720770.2899342,synthetic_008,train
45.696068,91.75321,3.2948518,0.44444445,0.6,3.1679535,15.707064,5.0,4.0,1.0,25.476332,0.0,3.0,3.0,91.0,1.0,1.0,1.0,1.0,20.0,1,1716720775.2899342,synthetic_008,train
42.72515,88.851746,-1.1636902,0.43333334,0.5,2.0428312,6.500558,4.0,4.0,1.0,25.867271,0.0,3.0,3.0,98.0,1.0,1.0,1.0,1.0,24.0,1,1716720780.2899342,synthetic_008,train
37.570187,83.909035,-4.2491283,0.55,1.0,2.033403,6.500558,5.0,4.0,1.0,28.375261,0.0,3.0,3.0,112.0,1.0,1.0,1.0,1.0,24.0,1,1716720785.2899342,synthetic_008,train
35.703354,85.24371,-9.524418,0.4888889,0.6666667,2.2842305,6.500558,5.0,4.0,1.0,26.477673,0.0,2.0,2.0,91.0,1.0,1.0,1.0,1.0,11.0,1,1716720790.2899342,synthetic_008,train
4.2742567,9.141285,0.9284459,0.5,0.6,2.8396628,6.500558,5.0,4.0,0.0,21.89607,0.0,2.0,2.0,70.0,1.0,1.0,0.0,0.0,11.0,1,1716720795.2899342,synthetic_008,train
9.713684,18.682447,1.9768728,0.33333334,0.6,2.5949337,6.500558,6.0,4.0,1.0,29.828514,0.0,3.0,3.0,98.0,1.0,1.0,0.0,0.0,24.0,1,1716720800.2899342,synthetic_008,train
10.318891,19.301937,1.4314239,0.37777779,0.6,1.9479531,4.386908,4.0,4.0,1.0,25.124632,0.0,3.0,3.0,91.0,1.0,1.0,0.0,0.0,24.0,1,1716720805.2899342,synthetic_008,train
12.775766,21.369143,0.98650616,0.45,0.75,2.203427,4.7570295,6.0,4.0,1.0,26.808834,0.0,3.0,3.0,98.0,1.0,1.0,0.0,0.0,24.0,1,1716720810.2899342,synthetic_008,train
14.526076,21.544191,-0.6697308,0.31111112,0.4,2.2150404,4.7570295,6.0,3.0,0.0,28.393225,0.0,3.0,3.0,91.0,1.0,1.0,0.0,0.0,24.0,1,1716720815.2899342,synthetic_008,train
12.329195,20.35752,-1.1692995,0.28333333,0.6,2.1332924,4.7570295,5.0,3.0,0.0,26.861555,0.0,3.0,3.0,98.0,1.0,1.0,0.0,0.0,24.0,1,1716720820.2899342,synthetic_008,train
12.282896,20.37866,-1.7007567,0.28333333,0.4,2.1748695,4.7570295,5.0,3.0,0.0,26.061264,0.0,3.0,3.0,98.0,1.0,1.0,0.0,0.0,24.0,0,1716720825.2899342,synthetic_008,train
7.3804326,14.121687,-0.8861057,0.26666668,0.6,2.487972,4.8519626,5.0,2.0,0.0,27.044636,0.0,1.0,1.0,77.0,1.0,1.0,0.0,0.0,24.0,0,1716720830.2899342,synthetic_008,train
6.971183,13.538928,-1.4554987,0.36666667,0.5,2.78601,4.859415,6.0,3.0,0.0,28.67509,0.0,1.0,1.0,84.0,1.0,1.0,1.0,1.0,18.0,0,1716720835.2899342,synthetic_008,train
3.6282105,3.117897,-0.45609948,0.2,0.4,2.7871964,4.859415,5.0,3.0,0.0,27.328348,0.0,1.0,1.0,77.0,1.0,1.0,1.0,1.0,18.0,0,1716720840.2899342,synthetic_008,train
4.2399564,6.3879356,0.3412958,0.46666667,0.6,2.074295,4.859415,4.0,3.0,1.0,27.435287,1.0,3.0,3.0,105.0,1.0,1.0,1.0,1.0,26.0,0,1716720845.2899342,synthetic_008,train
32.300156,77.218506,5.250527,0.32,0.6,1.4775167,4.859415,4.0,3.0,1.0,22.21433,2.0,3.0,3.0,153.0,1.0,1.0,1.0,1.0,0.0,0,1716720850.2899342,synthetic_008,train
36.57361,71.45872,2.9898,0.26666668,0.8,1.191203,4.859415,3.0,3.0,1.0,22.10096,2.0,3.0,3.0,194.0,1.0,1.0,1.0,1.0,0.0,0,1716720855.2899342,synthetic_008,train
36.478485,71.50755,2.3624325,0.43333334,1.0,1.2228,5.6734853,3.0,3.0,1.0,22.789787,2.0,3.0,3.0,195.0,0.0,1.0,1.0,1.0,0.0,0,1716720860.2899342,synthetic_008,train
36.383507,71.55616,1.0899029,0.46666667,1.0,1.042022,5.6734853,2.0,4.0,1.0,19.95435,2.0,3.0,3.0,197.0,0.0,1.0,1.0,1.0,0.0,0,1716720865.2899342,synthetic_008,train
34.95991,70.54974,-0.40331537,0.41666666,0.8,1.1233938,5.6734853,3.0,4.0,1.0,22.297012,3.0,3.0,3.0,207.0,0.0,1.0,1.0,1.0,0.0,0,1716720870.2899342,synthetic_008,train
43.20378,78.26591,-3.9364603,0.28,1.0,1.2029355,5.6734853,3.0,4.0,0.0,18.780907,2.0,3.0,3.0,165.0,0.0,1.0,1.0,1.0,0.0,0,1716720875.2899342,synthetic_008,train
23.2481,36.690872,-6.379345,0.43333334,0.8,1.6670651,5.6734853,3.0,4.0,0.0,16.267086,1.0,3.0,3.0,96.0,0.0,1.0,1.0,1.0,0.0,0,1716720880.2899342,synthetic_008,train
0.5733982,1.1409189,0.32215926,0.5,1.0,4.080105,12.085999,4.0,4.0,0.0,13.078427,1.0,2.0,2.0,56.0,0.0,1.0,1.0,1.0,22.0,0,1716720885.2899342,synthetic_008,train
0.96243197,1.3566972,0.47058505,0.4,0.8,3.8991098,12.085999,4.0,4.0,0.0,14.941435,1.0,2.0,2.0,57.0,1.0,1.0,1.0,1.0,11.0,1,1716720890.2899342,synthetic_008,train
1.1228373,1.4116026,0.1754769,0.7,1.0,4.9991097,12.085999,5.0,3.0,0.0,21.480225,1.0,2.0,2.0,50.0,1.0,1.0,1.0,1.0,11.0,1,1716720895.2899342,synthetic_008,train
0.7432242,1.1874264,-0.47090057,0.6,0.6,5.783388,12.085999,5.0,4.0,0.0,16.830944,0.0,2.0,2.0,44.0,1.0,0.0,1.0,1.0,22.0,1,1716720900.2899342,synthetic_008,train
0.61935353,1.1045582,-0.37526092,0.8,1.0,5.15434,12.085999,5.0,4.0,0.0,18.840042,0.0,2.0,2.0,53.0,1.0,0.0,1.0,1.0,22.0,1,1716720905.2899342,synthetic_008,train
0.61935353,1.1045582,-0.37526092,0.8,1.0,5.15434,12.085999,5.0,4.0,0.0,18.840042,0.0,2.0,2.0,53.0,1.0,0.0,1.0,1.0,22.0,1,1716720910.2899342,synthetic_008,train
0.3890338,1.0292866,-0.29177535,0.9,1.0,4.46841,9.873184,5.0,4.0,0.0,26.872349,0.0,2.0,2.0,65.0,1.0,0.0,0.0,0.0,10.0,1,1716720915.2899342,synthetic_008,train
4.937989,13.154383,3.2429602,0.6666667,1.0,4.127478,9.873184,5.0,4.0,1.0,28.631681,0.0,3.0,3.0,76.0,1.0,0.0,0.0,0.0,10.0,1,1716720920.2899342,synthetic_008,train
5.240286,13.052083,2.5039215,0.5,1.0,4.1992126,9.873184,5.0,4.0,1.0,29.223879,0.0,3.0,3.0,77.0,1.0,0.0,0.0,0.0,10.0,1,1716720925.2899342,synthetic_008,train
5.9586053,12.879475,0.84967923,0.46666667,0.6,3.6159236,9.873184,3.0,3.0,1.0,26.918291,0.0,3.0,3.0,79.0,0.0,1.0,0.0,0.0,15.0,1,1716720930.2899342,synthetic_008,train
6.383869,12.014491,0.1589473,0.5,0.6,3.0836449,9.873184,3.0,3.0,1.0,20.963264,0.0,3.0,3.0,100.0,1.0,1.0,0.0,0.0,15.0,1,1716720935.2899342,synthetic_008,train
6.383869,12.014491,0.1589473,0.5,0.6,3.0836449,9.873184,3.0,3.0,1.0,20.963264,0.0,3.0,3.0,100.0,1.0,1.0,0.0,0.0,15.0,1,1716720940.2899342,synthetic_008,train
7.2175326,12.445316,-1.3028077,0.35,0.5,3.2356079,10.722851,3.0,3.0,0.0,23.293468,0.0,3.0,3.0,90.0,1.0,1.0,0.0,0.0,15.0,1,1716720945.2899342,synthetic_008,train
3.4864554,5.4809732,0.30366707,0.3,0.6,3.4869423,10.722851,3.0,3.0,0.0,22.93352,0.0,3.0,3.0,80.0,1.0,1.0,0.0,0.0,15.0,1,1716720950.2899342,synthetic_008,train
4.568281,5.451537,0.5999995,0.3,0.6,3.0013824,10.722851,3.0,4.0,1.0,27.925617,0.0,3.0,3.0,100.0,1.0,1.0,0.0,0.0,15.0,1,1716720955.2899342,synthetic_008,train
4.7352724,5.5168257,0.25993448,0.3,0.4,2.9046407,10.722851,3.0,4.0,1.0,26.422235,0.0,3.0,3.0,100.0,1.0,1.0,0.0,0.0,10.0,1,1716720960.2899342,synthetic_008,train
3.4003427,3.7861528,-0.2985217,0.3,0.6,3.1829288,10.722851,4.0,4.0,1.0,21.106438,0.0,3.0,3.0,100.0,1.0,1.0,0.0,0.0,10.0,1,1716720965.2899342,synthetic_008,train
3.0743694,3.5619614,-0.31909746,0.36666667,0.6,3.1110914,10.722851,5.0,4.0,1.0,26.610247,0.0,3.0,3.0,120.0,1.0,1.0,0.0,0.0,10.0,1,1716720970.2899342,synthetic_008,train
8.787461,12.81753,1.6051611,0.33333334,0.6,2.096656,4.9225435,5.0,4.0,1.0,26.527296,0.0,3.0,3.0,150.0,1.0,1.0,1.0,1.0,15.0,1,1716720975.2899342,synthetic_008,train
8.185966,12.270432,0.6531487,0.5,1.0,1.9159468,4.254489,5.0,4.0,1.0,28.703777,0.0,3.0,3.0,170.0,1.0,1.0,1.0,1.0,15.0,1,1716720980.2899342,synthetic_008,train
11.770505,19.292305,1.6351025,0.35,0.6,1.8619701,4.254489,5.0,4.0,1.0,28.1735,0.0,4.0,4.0,161.0,1.0,1.0,1.0,1.0,15.0,1,1716720985.2899342,synthetic_008,train
17.508224,31.254988,2.387415,0.425,0.6,1.9507042,5.191432,6.0,4.0,1.0,28.907482,0.0,4.0,4.0,174.0,1.0,1.0,1.0,1.0,15.0,1,1716720990.2899342,synthetic_008,train
19.654617,32.77479,1.4535397,0.4,0.4,1.9076829,5.191432,5.0,4.0,1.0,24.461565,0.0,4.0,4.0,155.0,1.0,1.0,1.0,1.0,15.0,1,1716720995.2899342,synthetic_008,train
17.610771,31.233006,-0.97158486,0.475,0.8,1.736015,5.191432,5.0,4.0,1.0,21.281317,1.0,4.0,4.0,179.0,1.0,1.0,1.0,1.0,7.0,1,1716721000.2899342,synthetic_008,train
13.733945,32.57031,-1.4869413,0.53333336,0.6,1.9702344,5.191432,5.0,4.0,1.0,18.884954,1.0,4.0,4.0,161.0,1.0,1.0,1.0,1.0,7.0,1,1716721005.2899342,synthetic_008,train
15.350873,34.800373,-3.957363,0.44444445,0.8,2.084857,5.191432,5.0,4.0,0.0,14.49678,1.0,4.0,4.0,142.0,1.0,1.0,1.0,1.0,9.0,1,1716721010.2899342,synthetic_008,train
11.449735,30.686573,-1.9192777,0.56666666,0.6,2.1657395,5.191432,6.0,4.0,0.0,16.154306,1.0,4.0,4.0,154.0,1.0,1.0,1.0,0.0,12.0,1,1716721015.2899342,synthetic_008,train
4.0152254,8.572199,1.0204567,0.46666667,0.8,2.2623148,4.5034194,5.0,4.0,0.0,18.7451,2.0,4.0,4.0,132.0,1.0,1.0,1.0,0.0,22.0,1,1716721020.2899342,synthetic_008,train
4.3802457,8.892249,1.1075815,0.4,0.6,2.2721334,4.5034194,5.0,4.0,0.0,17.662273,2.0,4.0,4.0,121.0,1.0,1.0,1.0,0.0,22.0,1,1716721025.2899342,synthetic_008,train
5.245708,10.195346,1.1117438,0.3,0.6,3.5378573,9.710212,5.0,4.0,0.0,17.849579,1.0,2.0,2.0,88.0,1.0,1.0,1.0,0.0,22.0,1,1716721030.2899342,synthetic_008,train
6.55017,11.689538,0.955341,0.2,0.4,3.903667,9.710212,4.0,4.0,0.0,13.219051,1.0,2.0,2.0,66.0,1.0,1.0,1.0,0.0,22.0,1,1716721035.2899342,synthetic_008,train
5.2857914,11.068012,-0.95705104,0.45,0.5,4.4939504,11.550103,4.0,4.0,0.0,16.075457,1.0,2.0,2.0,77.0,1.0,0.0,1.0,0.0,22.0,1,1716721040.2899342,synthetic_008,train
2.6929975,2.2170138,0.2195322,0.1,0.2,4.878619,11.550103,3.0,4.0,0.0,26.67129,0.0,2.0,2.0,66.0,1.0,0.0,0.0,0.0,4.0,1,1716721045.2899342,synthetic_008,train
2.6376348,2.768338,0.42512637,0.35,0.5,4.2412543,11.550103,3.0,4.0,0.0,19.97857,0.0,2.0,2.0,77.0,0.0,0.0,0.0,0.0,4.0,1,1716721050.2899342,synthetic_008,train
2.2380092,2.5598254,-0.025399731,0.35,0.5,4.1240277,11.550103,4.0,4.0,0.0,27.406036,0.0,2.0,2.0,99.0,0.0,1.0,0.0,0.0,21.0,1,1716721055.2899342,synthetic_008,train
3.1049006,2.969205,0.30752283,0.3,0.4,3.1712675,11.550103,3.0,2.0,1.0,20.162573,0.0,3.0,3.0,110.0,0.0,1.0,0.0,0.0,21.0,1,1716721060.2899342,synthetic_008,train
24.783268,79.290405,8.775992,0.28333333,0.4,2.645152,11.550103,3.0,4.0,1.0,25.482025,0.0,4.0,4.0,154.0,0.0,1.0,0.0,0.0,18.0,1,1716721065.2899342,synthetic_008,train
24.937057,79.24288,5.8417315,0.28333333,0.4,2.219566,7.148643,3.0,4.0,1.0,24.737022,1.0,4.0,4.0,154.0,0.0,1.0,0.0,0.0,1.0,1,1716721070.2899342,synthetic_008,train
26.851978,82.16152,5.1152124,0.31111112,0.4,2.0802052,7.148643,2.0,4.0,1.0,19.468143,1.0,4.0,4.0,143.0,0.0,1.0,0.0,0.0,1.0,1,1716721075.2899342,synthetic_008,train
28.28001,76.417435,1.4373337,0.33333334,0.4,2.1596203,7.148643,3.0,4.0,1.0,13.464353,1.0,4.0,4.0,165.0,0.0,1.0,0.0,0.0,26.0,1,1716721080.2899342,synthetic_008,train
28.1681,76.46039,-1.5387111,0.4,0.6,1.9747239,5.139493,2.0,4.0,0.0,16.110285,1.0,4.0,4.0,165.0,0.0,1.0,0.0,0.0,26.0,1,1716721085.2899342,synthetic_008,train
27.619062,76.64464,-4.110592,0.46666667,0.8,1.9752257,5.139493,3.0,4.0,1.0,16.899954,2.0,4.0,4.0,165.0,0.0,1.0,0.0,0.0,26.0,1,1716721090.2899342,synthetic_008,train
8.942655,16.279829,-0.5803996,0.6666667,1.0,2.209903,5.139493,3.0,3.0,0.0,16.813272,1.0,2.0,2.0,121.0,0.0,1.0,0.0,0.0,26.0,1,1716721095.2899342,synthetic_008,train
8.652472,16.420425,-2.165802,0.73333335,1.0,2.6609607,7.734926,3.0,3.0,0.0,17.798979,1.0,2.0,2.0,121.0,1.0,1.0,0.0,0.0,26.0,1,1716721100.2899342,synthetic_008,train
11.414362,20.168306,-0.28269082,0.6333333,0.8,2.6477304,7.734926,4.0,3.0,0.0,13.316636,1.0,2.0,2.0,132.0,1.0,1.0,0.0,0.0,25.0,1,1716721105.2899342,synthetic_008,train
6.254953,15.844239,1.8125182,0.6,0.8,3.0477421,7.734926,4.0,3.0,0.0,23.000511,1.0,2.0,2.0,110.0,1.0,1.0,0.0,0.0,25.0,1,1716721110.2899342,synthetic_008,train
6.9499474,16.642895,0.92847437,0.525,0.8,2.981087,7.734926,4.0,3.0,0.0,23.758505,0.0,2.0,2.0,99.0,1.0,1.0,1.0,1.0,25.0,1,1716721115.2899342,synthetic_008,train
7.2012296,16.608248,-0.3545463,0.55,0.6,3.5324397,7.734926,4.0,3.0,0.0,24.057032,0.0,2.0,2.0,99.0,1.0,1.0,1.0,1.0,25.0,1,1716721120.2899342,synthetic_008,train
7.0732865,14.860883,-0.24461003,0.33333334,0.6,3.2298992,7.734926,4.0,3.0,0.0,27.793966,0.0,2.0,2.0,121.0,1.0,1.0,1.0,1.0,15.0,1,1716721125.2899342,synthetic_008,train
8.17909,15.295994,-1.5234545,0.3,0.4,2.7907872,7.331036,4.0,3.0,0.0,24.34013,0.0,2.0,2.0,110.0,1.0,1.0,1.0,1.0,15.0,1,1716721130.2899342,synthetic_008,train
4.0206904,4.063096,0.04014913,0.38333333,0.75,2.3021352,7.331036,4.0,4.0,0.0,27.521547,0.0,2.0,2.0,154.0,1.0,1.0,1.0,1.0,15.0,0,1716721135.2899342,synthetic_008,train
4.26573,4.0670547,0.09932804,0.36666667,0.5,2.107082,7.331036,3.0,4.0,0.0,28.492765,0.0,2.0,2.0,154.0,1.0,1.0,1.0,1.0,15.0,0,1716721140.2899342,synthetic_008,train
4.593863,4.0356326,-0.039906487,0.31111112,0.4,2.1917512,7.331036,3.0,4.0,0.0,21.16173,0.0,2.0,2.0,143.0,1.0,1.0,1.0,1.0,15.0,0,1716721145.2899342,synthetic_008,train
4.5606833,4.084518,-0.3515732,0.2,0.6,2.4512138,10.198139,3.0,4.0,0.0,27.345133,0.0,2.0,2.0,132.0,1.0,1.0,0.0,0.0,15.0,0,1716721150.2899342,synthetic_008,train
4.1733117,4.391102,-0.33613938,0.3,0.4,2.567763,10.198139,3.0,4.0,0.0,22.666143,0.0,2.0,2.0,110.0,1.0,1.0,0.0,0.0,6.0,0,1716721155.2899342,synthetic_008,train
6.5192,8.968262,0.6241938,0.31111112,0.4,2.4198148,10.198139,3.0,4.0,0.0,27.520254,0.0,2.0,2.0,143.0,1.0,1.0,0.0,0.0,6.0,1,1716721160.2899342,synthetic_008,train
9.366772,10.532788,0.82826704,0.13333334,0.4,2.7043347,10.198139,3.0,4.0,1.0,27.569345,0.0,2.0,2.0,121.0,1.0,1.0,0.0,0.0,22.0,1,1716721165.2899342,synthetic_008,train
8.98179,10.828203,-0.08227103,0.2,0.4,2.6557019,10.198139,3.0,4.0,1.0,19.014582,0.0,2.0,2.0,121.0,1.0,1.0,1.0,1.0,22.0,1,1716721170.2899342,synthetic_008,train
7.834928,10.292423,-0.5086682,0.31111112,0.4,2.7360282,10.198139,4.0,4.0,1.0,25.370228,0.0,2.0,2.0,143.0,1.0,1.0,1.0,1.0,19.0,1,1716721175.2899342,synthetic_008,train
7.744414,10.360804,-1.0230488,0.42222223,0.6666667,2.3198907,6.625626,4.0,4.0,1.0,23.532955,0.0,2.0,2.0,143.0,1.0,1.0,1.0,1.0,19.0,1,1716721180.2899342,synthetic_008,train
7.362914,10.056165,-0.971039,0.36666667,0.5,2.5108197,6.625626,5.0,4.0,1.0,28.52585,0.0,2.0,2.0,154.0,1.0,1.0,1.0,1.0,19.0,1,1716721185.2899342,synthetic_008,train
5.0981426,7.758118,-1.2033912,0.6,1.0,2.774377,4.992896,5.0,4.0,0.0,28.452625,0.0,2.0,2.0,121.0,1.0,1.0,1.0,1.0,19.0,1,1716721190.2899342,synthetic_008,train
8.426844,16.407059,2.0120533,0.4,0.6,2.332515,4.992896,4.0,4.0,0.0,28.2748,0.0,2.0,2.0,149.0,1.0,1.0,1.0,1.0,10.0,1,1716721195.2899342,synthetic_008,train
8.299379,16.427029,1.2405533,0.44444445,0.6,2.2378778,4.992896,4.0,4.0,0.0,25.163626,0.0,2.0,2.0,151.0,1.0,1.0,0.0,0.0,4.0,1,1716721200.2899342,synthetic_008,train
8.870253,17.009823,0.6690961,0.33333334,0.6,2.5175989,7.474422,4.0,4.0,1.0,25.422834,0.0,2.0,2.0,141.0,1.0,1.0,0.0,0.0,8.0,1,1716721205.2899342,synthetic_008,train
31.509974,82.274734,9.626095,0.26666668,0.6,2.2465317,7.474422,4.0,4.0,1.0,24.212017,0.0,2.0,2.0,154.0,1.0,1.0,0.0,0.0,8.0,1,1716721210.2899342,synthetic_008,train
33.93552,85.44631,10.928369,0.26666668,0.6,2.017668,7.474422,3.0,4.0,1.0,20.053896,0.0,2.0,2.0,143.0,1.0,1.0,0.0,0.0,8.0,0,1716721215.2899342,synthetic_008,train
54.062073,88.90497,5.2269983,0.2,0.4,1.4621944,8.155533,3.0,4.0,1.0,28.822447,0.0,2.0,2.0,252.0,0.0,1.0,0.0,0.0,0.0,0,1716721220.2899342,synthetic_008,train
56.36569,87.13718,-0.22798634,0.16,0.4,1.3605597,8.155533,3.0,4.0,0.0,29.679901,0.0,2.0,2.0,264.0,0.0,1.0,0.0,0.0,0.0,0,1716721225.2899342,synthetic_008,train
54.18907,79.28658,-2.0460336,0.21666667,0.5,1.2039343,8.155533,3.0,4.0,0.0,25.031805,0.0,2.0,2.0,334.0,0.0,1.0,0.0,0.0,0.0,1,1716721230.2899342,synthetic_008,train
51.23275,77.23385,-2.92742,0.21666667,0.5,0.9811484,8.155533,2.0,4.0,0.0,24.687553,0.0,2.0,2.0,365.0,0.0,1.0,1.0,1.0,0.0,1,1716721235.2899342,synthetic_008,train
40.77804,61.210464,-2.1493478,0.29166666,0.75,1.0481784,8.155533,2.0,4.0,0.0,22.24164,0.0,2.0,2.0,371.0,0.0,1.0,1.0,1.0,0.0,1,1716721240.2899342,synthetic_008,train
39.01218,59.147243,-1.877427,0.3,0.6,1.1204697,8.155533,3.0,4.0,0.0,27.699497,0.0,2.0,2.0,416.0,0.0,1.0,1.0,1.0,0.0,1,1716721245.2899342,synthetic_008,train
22.74636,30.100744,-0.63285345,0.30666667,0.6,1.2785947,4.8866253,3.0,4.0,0.0,28.525452,0.0,2.0,2.0,311.0,0.0,1.0,1.0,1.0,0.0,1,1716721250.2899342,synthetic_008,train
17.525553,25.916075,-1.5571525,0.3625,0.6,1.56996,4.8866253,3.0,4.0,1.0,29.45279,0.0,2.0,2.0,272.0,1.0,1.0,1.0,1.0,0.0,1,1716721255.2899342,synthetic_008,train
6.54783,15.978445,-0.5020534,0.65,1.0,1.8595246,4.8866253,4.0,4.0,1.0,23.63947,1.0,3.0,3.0,238.0,1.0,1.0,1.0,1.0,2.0,1,1716721260.2899342,synthetic_008,train
6.2458696,16.10019,-0.45687315,0.53333336,0.6,2.0999868,4.8866253,5.0,3.0,1.0,19.617525,1.0,3.0,3.0,225.0,1.0,1.0,1.0,1.0,3.0,1,1716721265.2899342,synthetic_008,train
6.194425,15.555622,-0.9774101,0.6,1.0,1.7649164,4.8866253,4.0,4.0,1.0,13.135521,1.0,3.0,3.0,240.0,1.0,1.0,1.0,1.0,22.0,1,1716721270.2899342,synthetic_008,train
2.5603282,3.3724518,-0.08400289,0.5555556,0.6666667,1.7523696,4.2048354,3.0,4.0,1.0,10.002445,1.0,3.0,3.0,195.0,1.0,1.0,1.0,1.0,22.0,1,1716721275.2899342,synthetic_008,train
2.3408008,3.4438808,-0.15711974,0.6666667,1.0,2.0562057,8.154705,3.0,4.0,1.0,15.372216,1.0,3.0,3.0,195.0,1.0,1.0,0.0,0.0,22.0,1,1716721280.2899342,synthetic_008,train
1.690534,3.3216805,-0.043105133,0.8,1.0,2.5834582,8.154705,4.0,4.0,0.0,22.673225,1.0,3.0,3.0,165.0,1.0,1.0,0.0,0.0,22.0,1,1716721285.2899342,synthetic_008,train
2.3332548,3.4923387,-0.5880254,0.6,0.8,3.0193553,8.154705,4.0,4.0,0.0,29.012955,0.0,1.0,1.0,151.0,1.0,1.0,0.0,0.0,22.0,1,1716721290.2899342,synthetic_008,train
5.42131,7.379205,1.4297814,0.4,0.8,2.4238064,8.154705,3.0,4.0,0.0,26.872782,0.0,1.0,1.0,185.0,1.0,1.0,1.0,0.0,22.0,1,1716721295.2899342,synthetic_008,train
6.147746,7.552441,1.0651864,0.6,1.0,2.585754,8.154705,3.0,4.0,0.0,20.28859,0.0,1.0,1.0,172.0,1.0,0.0,1.0,0.0,22.0,1,1716721300.2899342,synthetic_008,train
7.9984555,11.090998,1.470734,0.4888889,0.8,2.717669,8.154705,4.0,4.0,0.0,27.174992,0.0,1.0,1.0,204.0,1.0,0.0,1.0,0.0,20.0,1,1716721305.2899342,synthetic_008,train
14.2032385,23.911348,1.7389928,0.375,0.6,2.0042975,7.5547547,4.0,4.0,0.0,26.518301,0.0,1.0,1.0,270.0,1.0,0.0,1.0,1.0,20.0,1,1716721310.2899342,synthetic_008,train
15.278112,23.418074,1.1544337,0.325,0.5,1.5807122,6.556321,3.0,4.0,1.0,26.014757,0.0,3.0,3.0,306.0,1.0,0.0,1.0,1.0,26.0,1,1716721315.2899342,synthetic_008,train
17.846716,24.74912,0.77312577,0.2,0.4,1.4489472,6.556321,2.0,4.0,1.0,22.120226,0.0,3.0,3.0,260.0,1.0,0.0,1.0,1.0,21.0,1,1716721320.2899342,synthetic_008,train
17.742397,27.826456,0.044059273,0.37777779,0.4,2.2879202,10.620839,3.0,3.0,1.0,28.241508,0.0,3.0,3.0,213.0,1.0,0.0,1.0,1.0,21.0,1,1716721325.2899342,synthetic_008,train
18.145685,26.64526,-1.3742175,0.28333333,0.4,2.4137695,10.620839,4.0,3.0,1.0,27.236452,0.0,3.0,3.0,232.0,1.0,0.0,1.0,1.0,21.0,1,1716721330.2899342,synthetic_008,train
14.796118,25.707018,-2.27004,0.33333334,0.4,2.0720353,10.620839,3.0,3.0,1.0,28.595877,0.0,3.0,3.0,253.0,1.0,0.0,1.0,1.0,26.0,1,1716721335.2899342,synthetic_008,train
7.3346424,11.650455,-0.90582937,0.37777779,0.4,2.2879043,10.620839,2.0,3.0,1.0,28.015429,0.0,3.0,3.0,226.0,1.0,0.0,1.0,0.0,26.0,1,1716721340.2899342,synthetic_008,train
4.652127,6.522744,-0.37930983,0.4,0.6,2.6227527,10.620839,2.0,3.0,0.0,15.6066885,0.0,3.0,3.0,175.0,1.0,0.0,0.0,0.0,22.0,1,1716721345.2899342,synthetic_008,train
7.7309985,15.100705,1.22426,0.4888889,0.6666667,2.5713482,10.620839,3.0,3.0,0.0,22.806686,0.0,3.0,3.0,229.0,1.0,0.0,0.0,0.0,4.0,1,1716721350.2899342,synthetic_008,train
8.375248,15.584452,1.20674,0.43333334,0.6,1.9005573,6.567595,2.0,3.0,0.0,20.868528,0.0,3.0,3.0,212.0,1.0,0.0,0.0,0.0,4.0,1,1716721355.2899342,synthetic_008,train
8.330806,16.643694,1.194027,0.44444445,0.6,2.335744,8.501974,3.0,3.0,1.0,27.545713,0.0,3.0,3.0,233.0,0.0,0.0,1.0,0.0,4.0,1,1716721360.2899342,synthetic_008,train
9.565422,17.124336,0.2924719,0.43333334,0.6,2.3758385,8.501974,3.0,4.0,1.0,25.688488,0.0,2.0,2.0,216.0,0.0,1.0,1.0,0.0,4.0,1,1716721365.2899342,synthetic_008,train
13.295027,20.273775,0.42745033,0.33333334,0.6,2.6143432,8.501974,4.0,4.0,1.0,22.19018,0.0,2.0,2.0,198.0,1.0,1.0,1.0,0.0,9.0,1,1716721370.2899342,synthetic_008,train
13.295027,20.273775,0.42745033,0.33333334,0.6,2.6143432,8.501974,4.0,4.0,1.0,22.19018,0.0,2.0,2.0,198.0,1.0,1.0,1.0,0.0,9.0,1,1716721375.2899342,synthetic_008,train
8.815892,15.158759,-0.45985898,0.53333336,1.0,2.99974,8.501974,5.0,4.0,1.0,24.495165,0.0,2.0,2.0,198.0,1.0,1.0,1.0,0.0,22.0,1,1716721380.2899342,synthetic_008,train
8.327103,14.552153,-0.57933295,0.36666667,0.5,3.0886967,8.501974,6.0,4.0,1.0,28.562387,0.0,2.0,2.0,216.0,1.0,1.0,1.0,0.0,22.0,1,1716721385.2899342,synthetic_008,train
8.715518,14.783959,0.4360195,0.26666668,0.4,2.7159097,7.4844995,5.0,4.0,0.0,28.67262,0.0,1.0,1.0,198.0,1.0,1.0,1.0,0.0,14.0,1,1716721390.2899342,synthetic_008,train
9.295545,14.5380535,-0.062313214,0.36666667,0.5,2.704565,7.4844995,5.0,4.0,0.0,26.93017,0.0,2.0,2.0,216.0,1.0,1.0,1.0,0.0,14.0,1,1716721395.2899342,synthetic_008,train
6.280696,10.1508255,0.53946525,0.36666667,0.5,2.6086872,7.4844995,4.0,4.0,1.0,23.819746,0.0,3.0,3.0,216.0,1.0,1.0,1.0,1.0,14.0,1,1716721400.2899342,synthetic_008,train
6.280696,10.1508255,0.53946525,0.36666667,0.5,2.6086872,7.4844995,4.0,4.0,1.0,23.819746,0.0,3.0,3.0,216.0,1.0,1.0,1.0,1.0,14.0,1,1716721405.2899342,synthetic_008,train
9.997817,19.043545,0.8447381,0.45,0.75,2.170394,5.661503,3.0,4.0,1.0,18.79878,1.0,3.0,3.0,252.0,1.0,1.0,1.0,1.0,3.0,1,1716721410.2899342,synthetic_008,train
10.539926,19.708395,0.7848688,0.4888889,0.6666667,2.024484,5.661503,2.0,4.0,1.0,14.355994,1.0,3.0,3.0,234.0,1.0,1.0,1.0,1.0,3.0,0,1716721415.2899342,synthetic_008,train
8.521512,18.592667,0.14491914,0.5555556,0.6666667,2.2817686,7.3679028,2.0,4.0,1.0,14.876044,1.0,3.0,3.0,234.0,1.0,1.0,1.0,1.0,5.0,0,1716721420.2899342,synthetic_008,train
48.510216,87.94604,9.091052,0.3,0.6,1.816122,7.3679028,3.0,4.0,0.0,21.406704,1.0,3.0,3.0,288.0,1.0,1.0,1.0,1.0,0.0,0,1716721425.2899342,synthetic_008,train
54.999836,92.520966,10.378187,0.33333334,0.6,1.7428917,7.3679028,3.0,4.0,0.0,17.400482,1.0,2.0,2.0,252.0,1.0,1.0,1.0,1.0,0.0,0,1716721430.2899342,synthetic_008,train
51.33318,90.27933,7.057281,0.4,0.6,2.2900941,9.95093,4.0,4.0,0.0,26.777248,1.0,2.0,2.0,270.0,1.0,1.0,1.0,1.0,0.0,0,1716721435.2899342,synthetic_008,train
50.808613,93.26718,-3.6233354,0.45,0.75,2.0899162,9.95093,4.0,4.0,1.0,21.890926,0.0,2.0,2.0,255.0,1.0,1.0,1.0,1.0,0.0,0,1716721440.2899342,synthetic_008,train
50.808613,93.26718,-3.6233354,0.45,0.75,2.0899162,9.95093,4.0,4.0,1.0,21.890926,0.0,2.0,2.0,255.0,1.0,1.0,1.0,1.0,0.0,0,1716721445.2899342,synthetic_008,train
58.676636,99.01043,-15.182237,0.26666668,0.8,2.2335045,9.95093,4.0,4.0,0.0,23.397284,0.0,2.0,2.0,220.0,1.0,1.0,1.0,1.0,0.0,1,1716721450.2899342,synthetic_008,train
1.8209239,3.6736896,0.32059073,0.56666666,0.8,3.6775315,9.95093,4.0,4.0,1.0,19.469322,0.0,2.0,2.0,150.0,1.0,1.0,0.0,0.0,22.0,1,1716721455.2899342,synthetic_008,train
1.9593991,3.461441,0.30749863,0.525,0.8,3.7036238,9.95093,5.0,4.0,1.0,23.381685,0.0,2.0,2.0,169.0,1.0,1.0,0.0,0.0,22.0,1,1716721460.2899342,synthetic_008,train
2.0003092,3.266041,0.003488231,0.5,0.6,2.880588,7.128793,5.0,4.0,1.0,22.8345,1.0,2.0,2.0,189.0,1.0,1.0,0.0,0.0,5.0,1,1716721465.2899342,synthetic_008,train
2.0701644,2.4014573,0.31699288,0.43333334,0.6666667,3.6235185,7.128793,5.0,4.0,1.0,13.662097,1.0,2.0,2.0,152.0,1.0,1.0,0.0,0.0,17.0,1,1716721470.2899342,synthetic_008,train
2.544706,3.142094,0.4453119,0.4,0.6,3.563504,7.128793,6.0,4.0,1.0,14.253124,1.0,2.0,2.0,190.0,1.0,1.0,0.0,0.0,17.0,1,1716721475.2899342,synthetic_008,train
2.8919485,3.2270472,0.53030574,0.4,0.4,3.0833752,5.335941,5.0,4.0,1.0,15.298687,1.0,2.0,2.0,190.0,1.0,1.0,0.0,0.0,18.0,1,1716721480.2899342,synthetic_008,train
3.56012,3.2202063,0.4634937,0.3,0.4,3.0622492,5.296414,5.0,4.0,1.0,21.368103,1.0,3.0,3.0,190.0,1.0,1.0,0.0,0.0,22.0,1,1716721485.2899342,synthetic_008,train
2.9576364,3.3829079,0.029451199,0.6,1.0,2.8656838,5.296414,5.0,4.0,1.0,24.05093,1.0,3.0,3.0,209.0,1.0,1.0,0.0,0.0,15.0,1,1716721490.2899342,synthetic_008,train
3.5306675,3.7833014,-0.09601372,0.6,1.0,2.6380444,5.296414,4.0,4.0,1.0,25.076368,0.0,3.0,3.0,209.0,1.0,1.0,0.0,0.0,22.0,1,1716721495.2899342,synthetic_008,train
3.0679517,3.8083065,-0.19517896,0.5555556,0.8,2.3547318,5.296414,4.0,4.0,1.0,25.3151,0.0,3.0,3.0,247.0,1.0,1.0,1.0,1.0,22.0,1,1716721500.2899342,synthetic_008,train
2.8179662,3.6068258,-0.20083162,0.6666667,1.0,2.178602,4.841322,3.0,4.0,0.0,21.637117,0.0,3.0,3.0,209.0,1.0,1.0,1.0,1.0,22.0,1,1716721505.2899342,synthetic_008,train
5.529384,11.1895075,1.3050249,0.4,0.8,2.7255337,10.764688,4.0,4.0,0.0,27.865084,0.0,3.0,3.0,228.0,1.0,1.0,1.0,1.0,22.0,1,1716721510.2899342,synthetic_008,train
5.5790486,11.702875,1.4808159,0.4,0.8,2.6404586,10.764688,4.0,4.0,0.0,27.804358,0.0,3.0,3.0,209.0,1.0,1.0,1.0,1.0,15.0,1,1716721515.2899342,synthetic_008,train
6.370766,12.071807,0.9861457,0.4,0.6,2.9364965,10.764688,4.0,4.0,0.0,27.981174,0.0,2.0,2.0,190.0,1.0,1.0,1.0,1.0,9.0,1,1716721520.2899342,synthetic_008,train
6.8794775,13.435586,1.555821,0.3,0.6,3.3056002,10.764688,4.0,4.0,0.0,22.268139,0.0,2.0,2.0,152.0,0.0,1.0,1.0,1.0,9.0,1,1716721525.2899342,synthetic_008,train
14.32471,26.307863,0.6254725,0.35,0.5,3.30559,10.764688,4.0,4.0,0.0,18.98562,0.0,2.0,2.0,171.0,0.0,0.0,0.0,0.0,3.0,1,1716721530.2899342,synthetic_008,train
13.087804,25.109812,-0.21978681,0.3,0.4,3.5886369,10.764688,5.0,4.0,0.0,25.121681,0.0,2.0,2.0,190.0,0.0,0.0,1.0,1.0,3.0,1,1716721535.2899342,synthetic_008,train
10.448904,24.660238,0.06516856,0.325,0.4,3.1204815,7.204927,5.0,4.0,0.0,25.04447,0.0,2.0,2.0,171.0,0.0,0.0,1.0,1.0,3.0,1,1716721540.2899342,synthetic_008,train
9.352721,23.497316,-1.2535446,0.4,0.4,2.8709068,7.204927,5.0,4.0,0.0,23.576756,0.0,2.0,2.0,190.0,0.0,0.0,1.0,1.0,3.0,1,1716721545.2899342,synthetic_008,train
9.263459,23.528599,-2.1524866,0.4,0.6,3.1878316,8.3015585,5.0,4.0,0.0,24.673388,0.0,2.0,2.0,190.0,0.0,0.0,1.0,1.0,3.0,1,1716721550.2899342,synthetic_008,train
9.263459,23.528599,-2.1524866,0.4,0.6,3.1878316,8.3015585,5.0,4.0,0.0,24.673388,0.0,2.0,2.0,190.0,0.0,0.0,1.0,1.0,3.0,1,1716721555.2899342,synthetic_008,train
2.055381,1.3548826,-0.30789477,0.1,0.2,4.6582537,8.3015585,5.0,1.0,0.0,18.177885,1.0,3.0,3.0,114.0,0.0,0.0,1.0,1.0,17.0,1,1716721560.2899342,synthetic_008,train
9.859666,28.158722,1.656714,0.6,1.0,2.4012213,8.3015585,5.0,3.0,0.0,17.031605,1.0,3.0,3.0,228.0,1.0,1.0,0.0,0.0,16.0,1,1716721565.2899342,synthetic_008,train
9.107412,27.096924,0.5709435,0.5555556,0.6666667,2.285917,8.3015585,5.0,3.0,0.0,20.171602,1.0,3.0,3.0,247.0,1.0,1.0,0.0,0.0,16.0,1,1716721570.2899342,synthetic_008,train
8.794126,26.060791,-0.5401128,0.5,0.6,2.3034647,8.3015585,5.0,3.0,0.0,22.236448,1.0,3.0,3.0,266.0,1.0,1.0,1.0,1.0,15.0,1,1716721575.2899342,synthetic_008,train
8.916532,26.027622,-0.94337296,0.48333332,0.6,1.9818134,6.580055,5.0,3.0,0.0,21.165333,0.0,3.0,3.0,266.0,1.0,1.0,1.0,1.0,15.0,1,1716721580.2899342,synthetic_008,train
8.322096,25.186287,-0.98940384,0.53333336,0.6,2.2419605,6.580055,6.0,3.0,0.0,27.049353,0.0,3.0,3.0,285.0,1.0,1.0,1.0,1.0,15.0,1,1716721585.2899342,synthetic_008,train
8.786267,26.070381,-1.4319608,0.56666666,0.6,1.9320966,5.8840184,5.0,3.0,0.0,23.299099,0.0,3.0,3.0,266.0,1.0,1.0,1.0,1.0,15.0,1,1716721590.2899342,synthetic_008,train
2.5930762,2.4475503,0.11481738,0.325,0.4,3.4223683,9.023925,5.0,3.0,0.0,27.604029,0.0,1.0,1.0,171.0,1.0,1.0,1.0,1.0,23.0,1,1716721595.2899342,synthetic_008,train
2.448063,2.574877,-0.17797565,0.36666667,0.4,3.5986013,9.023925,4.0,3.0,0.0,26.31397,0.0,1.0,1.0,152.0,1.0,1.0,1.0,1.0,16.0,1,1716721600.2899342,synthetic_008,train
2.0771773,3.038705,-0.0072922395,0.575,0.75,3.4017184,9.023925,4.0,3.0,0.0,26.817022,0.0,1.0,1.0,177.0,1.0,1.0,1.0,1.0,23.0,0,1716721605.2899342,synthetic_008,train
4.2516775,7.8559313,0.8998704,0.62222224,0.6666667,2.3848882,9.023925,3.0,3.0,0.0,25.119526,0.0,1.0,1.0,263.0,1.0,1.0,1.0,1.0,23.0,0,1716721610.2899342,synthetic_008,train
4.529068,7.311093,0.46396258,0.53333336,0.6,1.9530411,9.023925,2.0,4.0,0.0,20.27169,0.0,2.0,2.0,310.0,1.0,1.0,1.0,1.0,23.0,0,1716721615.2899342,synthetic_008,train
9.442443,16.965494,1.5569893,0.4625,0.6,1.7978183,9.023925,2.0,4.0,0.0,25.13462,0.0,2.0,2.0,398.0,1.0,1.0,1.0,1.0,8.0,0,1716721620.2899342,synthetic_008,train
9.507618,17.485973,1.4412022,0.56666666,0.8,1.650436,6.3024583,2.0,4.0,0.0,27.550835,0.0,2.0,2.0,382.0,1.0,1.0,1.0,1.0,24.0,0,1716721625.2899342,synthetic_008,train
9.62322,17.426195,1.1244842,0.48333332,0.8,1.8509839,6.3024583,3.0,4.0,0.0,29.72008,0.0,2.0,2.0,385.0,1.0,1.0,1.0,1.0,24.0,0,1716721630.2899342,synthetic_008,train
11.219254,18.696703,0.69114715,0.4,0.6,2.0286524,6.3024583,3.0,4.0,0.0,29.496943,0.0,2.0,2.0,325.0,1.0,1.0,1.0,1.0,24.0,0,1716721635.2899342,synthetic_008,train
12.855241,21.747469,0.38284102,0.3,0.4,2.6243265,6.3024583,3.0,4.0,0.0,24.238712,0.0,2.0,2.0,220.0,1.0,1.0,1.0,1.0,24.0,0,1716721640.2899342,synthetic_008,train
14.650832,24.240688,-3.6177166,0.2,0.4,3.8960829,9.101487,4.0,0.0,0.0,24.795273,1.0,1.0,1.0,176.0,1.0,1.0,1.0,1.0,11.0,0,1716721645.2899342,synthetic_008,train
37.293064,50.679848,5.686716,0.2,0.4,2.4276946,9.101487,4.0,4.0,0.0,11.65734,2.0,1.0,1.0,286.0,1.0,1.0,1.0,1.0,22.0,0,1716721650.2899342,synthetic_008,train
32.832054,48.3965,0.42521235,0.26666668,0.4,1.9792495,9.101487,3.0,4.0,0.0,9.5687475,3.0,1.0,1.0,330.0,1.0,1.0,1.0,1.0,22.0,0,1716721655.2899342,synthetic_008,train
31.924095,46.950417,-1.3208319,0.25,0.6,1.6815941,9.101487,2.0,4.0,0.0,8.163972,3.0,2.0,2.0,352.0,1.0,1.0,1.0,1.0,22.0,0,1716721660.2899342,synthetic_008,train
31.895435,46.96982,-2.723284,0.25,0.6,1.7599444,9.101487,2.0,4.0,0.0,7.146609,2.0,2.0,2.0,352.0,1.0,1.0,1.0,1.0,22.0,0,1716721665.2899342,synthetic_008,train
28.96562,44.976875,-2.7704494,0.33333334,0.6,1.8290614,9.101487,3.0,4.0,1.0,7.940539,2.0,2.0,2.0,396.0,1.0,1.0,1.0,1.0,0.0,0,1716721670.2899342,synthetic_008,train
26.003136,43.508472,-3.565716,0.45,0.8,1.5365311,6.3885174,3.0,4.0,1.0,12.939668,2.0,3.0,3.0,440.0,1.0,1.0,1.0,1.0,0.0,1,1716721675.2899342,synthetic_008,train
3.7262826,6.688809,-0.19354606,0.73333335,1.0,2.3160295,6.3885174,3.0,4.0,1.0,19.664915,1.0,3.0,3.0,242.0,1.0,1.0,1.0,1.0,9.0,1,1716721680.2899342,synthetic_008,train
7.4125834,16.450901,1.3362945,0.6333333,1.0,2.3111467,6.3885174,4.0,4.0,1.0,23.227211,1.0,3.0,3.0,264.0,1.0,1.0,1.0,1.0,16.0,1,1716721685.2899342,synthetic_008,train
5.7137866,16.036806,1.018841,0.8,1.0,2.7490575,6.3885174,5.0,3.0,1.0,19.95013,1.0,3.0,3.0,264.0,1.0,1.0,1.0,1.0,16.0,1,1716721690.2899342,synthetic_008,train
7.486113,15.518775,0.9555934,0.6666667,0.8,2.0368042,5.71417,4.0,4.0,1.0,14.332602,1.0,3.0,3.0,330.0,1.0,1.0,1.0,1.0,21.0,1,1716721695.2899342,synthetic_008,train
10.76799,18.357723,1.729477,0.45,1.0,1.8197981,5.71417,3.0,4.0,1.0,11.626014,2.0,3.0,3.0,352.0,1.0,1.0,1.0,1.0,21.0,1,1716721700.2899342,synthetic_008,train
12.429977,19.115484,1.1195756,0.4,0.8,2.0812006,6.9290433,3.0,4.0,1.0,11.71132,2.0,3.0,3.0,308.0,1.0,1.0,1.0,1.0,21.0,1,1716721705.2899342,synthetic_008,train
9.66776,17.541384,-0.19264379,0.6,1.0,1.9501828,6.9290433,3.0,4.0,1.0,13.061831,2.0,3.0,3.0,396.0,1.0,1.0,1.0,1.0,16.0,1,1716721710.2899342,synthetic_008,train
8.160056,14.231711,-0.19722877,0.46666667,0.8,2.0936134,6.9290433,2.0,4.0,1.0,15.482497,1.0,2.0,2.0,330.0,1.0,1.0,1.0,0.0,21.0,1,1716721715.2899342,synthetic_008,train
10.552031,15.472134,-0.07151562,0.33333334,0.4,1.6712811,6.9290433,1.0,4.0,1.0,23.105497,1.0,2.0,2.0,396.0,1.0,1.0,1.0,0.0,21.0,1,1716721720.2899342,synthetic_008,train
9.824002,15.561759,-0.24443237,0.25,0.6,1.9200817,6.9290433,2.0,4.0,0.0,28.41732,0.0,2.0,2.0,352.0,1.0,1.0,1.0,0.0,26.0,1,1716721725.2899342,synthetic_008,train
6.357648,11.763321,0.79003435,0.33333334,0.8,2.254918,6.9290433,3.0,4.0,1.0,24.63981,0.0,2.0,2.0,308.0,1.0,1.0,1.0,0.0,26.0,1,1716721730.2899342,synthetic_008,train
56.664913,87.51637,5.149128,0.23333333,0.8,1.0168856,4.176248,2.0,4.0,1.0,20.026533,1.0,2.0,2.0,666.0,1.0,1.0,1.0,0.0,0.0,0,1716721735.2899342,synthetic_008,train
68.04126,96.531364,4.1698875,0.1,0.2,0.9230884,4.176248,2.0,4.0,0.0,13.998442,1.0,2.0,2.0,674.0,0.0,1.0,0.0,0.0,0.0,0,1716721740.2899342,synthetic_008,train
73.27007,82.8947,-1.251698,0.09259259,0.44444445,0.5368003,4.399606,2.0,3.0,0.0,28.89092,0.0,1.0,1.0,53.0,0.0,1.0,1.0,0.0,0.0,0,1716720030.0962954,synthetic_009,train
70.46348,87.42014,-2.8089037,0.1904762,1.0,0.6433547,4.399606,2.0,3.0,0.0,23.58459,0.0,1.0,1.0,38.0,0.0,1.0,1.0,0.0,0.0,0,1716720035.0962954,synthetic_009,train
47.135403,68.6095,-4.7894025,0.23,0.75,1.079648,6.653628,3.0,4.0,0.0,24.16652,0.0,1.0,1.0,24.0,0.0,1.0,1.0,0.0,0.0,1,1716720040.0962954,synthetic_009,train
18.255518,21.674488,-1.4516455,0.25,0.6,1.8537012,6.653628,5.0,4.0,0.0,29.107983,0.0,1.0,1.0,16.0,1.0,1.0,1.0,0.0,0.0,1,1716720045.0962954,synthetic_009,train
6.50396,16.460268,0.93387234,0.525,0.8,3.083351,6.653628,5.0,4.0,0.0,23.921238,0.0,1.0,1.0,9.0,1.0,1.0,1.0,0.0,16.0,1,1716720050.0962954,synthetic_009,train
7.316955,17.402521,0.6372505,0.46666667,0.6,2.9901545,6.653628,4.0,4.0,0.0,19.521631,0.0,1.0,1.0,8.0,1.0,1.0,1.0,0.0,21.0,1,1716720055.0962954,synthetic_009,train
9.301354,20.10824,-4.303167,0.7,1.0,5.0291743,13.130872,4.0,4.0,0.0,23.521418,0.0,1.0,1.0,6.0,1.0,1.0,0.0,0.0,23.0,1,1716720060.0962954,synthetic_009,train
14.348294,21.135618,1.4386183,0.33333334,0.6,3.1399345,13.130872,4.0,4.0,0.0,27.885653,0.0,2.0,2.0,11.0,1.0,1.0,0.0,0.0,12.0,1,1716720065.0962954,synthetic_009,train
10.757832,18.40618,2.398694,0.5,0.6,3.0137353,13.130872,3.0,3.0,0.0,25.698877,0.0,2.0,2.0,10.0,1.0,1.0,0.0,0.0,12.0,1,1716720070.0962954,synthetic_009,train
10.425768,17.573734,0.222683,0.4,0.8,2.7756143,13.130872,3.0,3.0,1.0,29.026691,0.0,2.0,2.0,11.0,1.0,1.0,1.0,1.0,5.0,1,1716720075.0962954,synthetic_009,train
10.425768,17.573734,-0.81989384,0.6666667,1.0,3.013817,13.130872,4.0,3.0,1.0,20.021116,0.0,2.0,2.0,11.0,1.0,1.0,1.0,1.0,7.0,1,1716720080.0962954,synthetic_009,train
10.72967,15.773612,-0.2198416,0.41666666,0.6,2.7120676,13.130872,5.0,4.0,1.0,24.838074,0.0,2.0,2.0,14.0,1.0,1.0,1.0,1.0,0.0,1,1716720085.0962954,synthetic_009,train
21.980837,37.842236,3.1138108,0.3,0.6,1.5950878,4.52056,4.0,4.0,1.0,24.643822,0.0,2.0,2.0,17.0,1.0,1.0,1.0,1.0,24.0,1,1716720090.0962954,synthetic_009,train
22.637594,43.469685,7.9471416,0.26666668,0.6,1.8960215,4.52056,4.0,4.0,1.0,20.261763,0.0,1.0,1.0,12.0,1.0,1.0,1.0,1.0,24.0,1,1716720095.0962954,synthetic_009,train
18.565105,39.458786,1.7506673,0.33333334,0.4,2.2270646,9.569758,5.0,4.0,1.0,28.885408,0.0,1.0,1.0,15.0,1.0,1.0,1.0,1.0,24.0,1,1716720100.0962954,synthetic_009,train
19.304865,40.834705,-0.34429592,0.38333333,0.75,2.0693674,9.569758,3.0,4.0,0.0,24.845848,0.0,1.0,1.0,14.0,1.0,1.0,1.0,1.0,24.0,1,1716720105.0962954,synthetic_009,train
18.5961,39.444935,-1.5417465,0.33333334,0.6,1.8215959,9.569758,2.0,4.0,1.0,24.165627,0.0,2.0,2.0,15.0,1.0,1.0,1.0,1.0,24.0,1,1716720110.0962954,synthetic_009,train
30.739674,59.148724,1.4542507,0.3,0.6,1.89371,9.569758,2.0,4.0,1.0,28.562538,0.0,3.0,3.0,16.0,1.0,1.0,1.0,1.0,24.0,1,1716720115.0962954,synthetic_009,train
18.309387,49.16565,1.9464647,0.35,0.6,2.0670738,9.569758,2.0,4.0,1.0,23.503422,0.0,4.0,4.0,19.0,1.0,1.0,1.0,1.0,16.0,1,1716720120.0962954,synthetic_009,train
17.232365,47.811108,1.2630463,0.475,0.6,2.1619227,9.569758,3.0,4.0,1.0,27.182926,0.0,4.0,4.0,21.0,1.0,1.0,1.0,1.0,16.0,1,1716720125.0962954,synthetic_009,train
19.074982,50.802288,-1.0500681,0.53333336,0.8,1.9649392,6.017095,3.0,4.0,1.0,27.563337,0.0,4.0,4.0,21.0,1.0,1.0,1.0,1.0,16.0,0,1716720130.0962954,synthetic_009,train
19.157616,50.777805,-2.824337,0.53333336,0.8,1.9797863,6.017095,3.0,4.0,1.0,28.313257,0.0,4.0,4.0,23.0,1.0,1.0,1.0,1.0,16.0,0,1716720135.0962954,synthetic_009,train
18.991674,50.818565,-4.46563,0.53333336,0.8,2.238271,6.017095,4.0,4.0,1.0,27.556973,0.0,4.0,4.0,25.0,1.0,1.0,1.0,1.0,16.0,0,1716720140.0962954,synthetic_009,train
3.6059465,4.9207883,-0.20100595,0.56666666,0.6,2.295071,4.414963,3.0,4.0,1.0,26.656317,0.0,4.0,4.0,23.0,1.0,1.0,1.0,1.0,16.0,0,1716720145.0962954,synthetic_009,train
2.2407508,2.9949315,0.4120848,0.6,0.8,2.913085,4.414963,5.0,4.0,1.0,20.361076,1.0,2.0,2.0,20.0,0.0,1.0,1.0,1.0,16.0,0,1716720150.0962954,synthetic_009,train
4.2488227,7.0150766,0.85047406,0.4,0.6,2.653676,4.414963,5.0,4.0,0.0,16.70414,1.0,2.0,2.0,24.0,0.0,0.0,1.0,1.0,9.0,0,1716720155.0962954,synthetic_009,train
4.8532615,7.1036515,0.5194454,0.26666668,0.4,2.816227,4.999994,5.0,4.0,0.0,15.413447,1.0,2.0,2.0,22.0,0.0,0.0,0.0,0.0,9.0,0,1716720160.0962954,synthetic_009,train
5.2993917,7.7344265,0.53683114,0.325,0.4,2.9055026,4.999994,5.0,4.0,0.0,16.139416,1.0,2.0,2.0,18.0,0.0,0.0,0.0,0.0,9.0,0,1716720165.0962954,synthetic_009,train
5.9300327,8.6305685,0.55131507,0.2,0.4,2.8277373,4.999994,4.0,4.0,0.0,15.4585705,1.0,2.0,2.0,14.0,0.0,0.0,0.0,0.0,16.0,0,1716720170.0962954,synthetic_009,train
5.781467,9.444504,1.0603831,0.2,0.4,3.0058331,4.999994,4.0,4.0,0.0,14.6268835,0.0,2.0,2.0,12.0,0.0,0.0,0.0,0.0,16.0,0,1716720175.0962954,synthetic_009,train
6.1956735,10.498169,-2.2345197,0.4,0.4,5.448727,15.850876,3.0,4.0,0.0,24.466385,0.0,2.0,2.0,10.0,0.0,0.0,0.0,0.0,16.0,1,1716720180.0962954,synthetic_009,train
2.170317,2.9649732,1.1643785,0.5,0.5,7.147403,15.850876,3.0,2.0,0.0,23.589619,0.0,1.0,1.0,8.0,0.0,1.0,0.0,0.0,18.0,1,1716720185.0962954,synthetic_009,train
1.9238981,2.9978635,0.5722673,0.4,0.8,4.6422424,15.850876,2.0,4.0,0.0,12.002578,0.0,1.0,1.0,12.0,0.0,1.0,0.0,0.0,18.0,1,1716720190.0962954,synthetic_009,train
3.1852264,3.6099012,1.0071224,0.4,0.8,3.9513113,15.850876,2.0,4.0,0.0,15.759615,0.0,1.0,1.0,16.0,0.0,1.0,0.0,0.0,14.0,1,1716720195.0962954,synthetic_009,train
2.9297872,3.3517962,0.41199526,0.5,0.8,3.8379092,15.850876,4.0,4.0,0.0,22.528217,0.0,1.0,1.0,20.0,0.0,1.0,0.0,0.0,3.0,1,1716720200.0962954,synthetic_009,train
2.6634429,3.3002145,0.1758243,0.6666667,1.0,3.7778385,15.850876,5.0,4.0,0.0,25.705349,0.0,1.0,1.0,22.0,0.0,1.0,0.0,0.0,3.0,1,1716720205.0962954,synthetic_009,train
17.976934,61.59225,4.905657,0.6,0.8,2.2243989,5.8282986,5.0,4.0,1.0,27.537685,0.0,3.0,3.0,30.0,1.0,1.0,0.0,0.0,17.0,1,1716720210.0962954,synthetic_009,train
17.216213,59.581554,2.426662,0.65,1.0,1.9150596,4.1766396,4.0,4.0,1.0,28.76146,0.0,3.0,3.0,34.0,1.0,1.0,0.0,0.0,3.0,1,1716720215.0962954,synthetic_009,train
20.784407,66.048096,2.465444,0.51111114,0.8,2.029009,4.1766396,4.0,4.0,1.0,23.956116,0.0,3.0,3.0,28.0,1.0,1.0,0.0,0.0,17.0,1,1716720220.0962954,synthetic_009,train
19.755405,63.59238,0.014108661,0.48333332,0.8,2.2388122,6.0230193,5.0,4.0,1.0,27.719372,0.0,3.0,3.0,33.0,1.0,1.0,0.0,0.0,3.0,1,1716720225.0962954,synthetic_009,train
21.321033,65.91095,-1.9695514,0.4,0.8,2.0995,6.0230193,3.0,4.0,0.0,24.116365,0.0,3.0,3.0,32.0,1.0,1.0,0.0,0.0,20.0,0,1716720230.0962954,synthetic_009,train
20.149237,63.476795,-3.2627044,0.41666666,0.8,2.386577,6.854647,3.0,4.0,0.0,29.235437,0.0,3.0,3.0,36.0,1.0,1.0,0.0,0.0,3.0,1,1716720235.0962954,synthetic_009,train
4.173317,3.6451848,-0.31779662,0.3,0.4,2.715874,6.854647,2.0,3.0,0.0,25.265352,0.0,2.0,2.0,29.0,1.0,1.0,0.0,0.0,3.0,1,1716720240.0962954,synthetic_009,train
3.9972553,3.744455,-0.6835656,0.26666668,0.33333334,3.411483,6.854647,3.0,1.0,0.0,21.268847,0.0,2.0,2.0,24.0,1.0,1.0,0.0,0.0,16.0,1,1716720245.0962954,synthetic_009,train
3.9972553,3.744455,-0.6835656,0.26666668,0.33333334,3.411483,6.854647,3.0,1.0,0.0,21.268847,0.0,2.0,2.0,24.0,1.0,1.0,0.0,0.0,16.0,1,1716720250.0962954,synthetic_009,train
12.948372,31.525406,7.0921035,0.36666667,0.4,3.945109,10.834142,3.0,1.0,0.0,28.842144,0.0,2.0,2.0,24.0,1.0,1.0,0.0,0.0,3.0,1,1716720255.0962954,synthetic_009,train
10.514289,28.301735,1.5744829,0.5,0.6,3.3303149,10.834142,3.0,4.0,0.0,26.448502,0.0,2.0,2.0,30.0,1.0,1.0,1.0,1.0,3.0,1,1716720260.0962954,synthetic_009,train
11.916661,27.355703,0.21429376,0.33333334,0.6,2.653033,10.834142,3.0,4.0,0.0,27.776066,0.0,2.0,2.0,33.0,1.0,0.0,1.0,1.0,9.0,1,1716720265.0962954,synthetic_009,train
13.108328,28.5329,-0.5087191,0.4,0.6,2.7776065,10.834142,3.0,4.0,0.0,22.629229,0.0,2.0,2.0,30.0,1.0,0.0,1.0,1.0,21.0,1,1716720270.0962954,synthetic_009,train
13.021994,28.570412,-1.8620888,0.4,0.4,3.080254,10.834142,3.0,4.0,0.0,19.968401,0.0,2.0,2.0,30.0,1.0,1.0,1.0,1.0,21.0,1,1716720275.0962954,synthetic_009,train
11.977676,27.32468,-1.9187255,0.26666668,0.4,3.5111532,10.834142,4.0,4.0,0.0,27.788546,0.0,2.0,2.0,33.0,1.0,1.0,1.0,1.0,21.0,1,1716720280.0962954,synthetic_009,train
4.8871503,7.9047894,0.013377692,0.43333334,0.6,2.5280147,8.173313,3.0,4.0,0.0,28.32604,0.0,2.0,2.0,36.0,1.0,1.0,1.0,1.0,18.0,1,1716720285.0962954,synthetic_009,train
5.8277464,8.3387785,-0.36179748,0.26666668,0.6,2.7179823,8.173313,3.0,4.0,1.0,28.48253,0.0,2.0,2.0,33.0,1.0,1.0,1.0,1.0,18.0,0,1716720290.0962954,synthetic_009,train
3.6943264,4.8851824,0.2252533,0.475,0.75,3.3097315,8.173313,3.0,4.0,0.0,21.614271,0.0,1.0,1.0,27.0,1.0,1.0,1.0,1.0,18.0,1,1716720295.0962954,synthetic_009,train
3.324894,4.7516465,-0.037688132,0.5,0.8,3.436428,8.173313,4.0,4.0,0.0,26.190966,0.0,1.0,1.0,30.0,1.0,1.0,1.0,1.0,18.0,1,1716720300.0962954,synthetic_009,train
3.531194,4.9921556,-0.20654628,0.575,0.75,2.9101074,7.8201447,3.0,4.0,0.0,18.370821,0.0,1.0,1.0,27.0,1.0,1.0,1.0,1.0,2.0,1,1716720305.0962954,synthetic_009,train
3.7807808,5.276468,-0.50899774,0.6333333,0.6666667,2.2963526,5.065706,2.0,4.0,0.0,16.95197,0.0,1.0,1.0,24.0,1.0,1.0,1.0,1.0,2.0,1,1716720310.0962954,synthetic_009,train
16.289026,36.910732,2.1151993,0.425,0.6,3.289448,11.88052,3.0,4.0,1.0,23.673197,1.0,3.0,3.0,27.0,1.0,1.0,0.0,0.0,16.0,1,1716720315.0962954,synthetic_009,train
15.302601,37.17453,-1.6915118,0.45,0.5,3.37721,11.88052,4.0,4.0,1.0,16.886122,1.0,4.0,4.0,27.0,0.0,1.0,0.0,0.0,16.0,1,1716720320.0962954,synthetic_009,train
12.867513,33.699223,-3.322544,0.6,1.0,2.8140357,11.88052,4.0,4.0,1.0,14.387835,1.0,4.0,4.0,33.0,1.0,1.0,0.0,0.0,18.0,1,1716720325.0962954,synthetic_009,train
11.795219,32.344948,-4.040516,0.6,1.0,2.5627594,11.88052,4.0,4.0,1.0,12.581729,1.0,4.0,4.0,36.0,1.0,1.0,0.0,0.0,18.0,1,1716720330.0962954,synthetic_009,train
10.919295,29.918808,-2.8880668,0.51666665,0.75,2.4918242,11.88052,5.0,4.0,1.0,14.78894,2.0,4.0,4.0,42.0,1.0,1.0,0.0,0.0,18.0,1,1716720335.0962954,synthetic_009,train
10.203084,26.590742,-1.2024719,0.5375,0.75,2.1681962,11.88052,6.0,4.0,1.0,13.88615,2.0,4.0,4.0,57.0,1.0,1.0,0.0,0.0,16.0,1,1716720340.0962954,synthetic_009,train
3.9124355,9.706342,0.6924309,0.6666667,0.8,1.9122739,4.703415,6.0,4.0,1.0,12.789703,1.0,4.0,4.0,45.0,1.0,1.0,0.0,0.0,18.0,1,1716720345.0962954,synthetic_009,train
4.009657,10.065165,0.5606032,0.71666664,0.8,1.8552405,4.0707803,5.0,4.0,1.0,13.046496,1.0,4.0,4.0,42.0,1.0,1.0,0.0,0.0,24.0,1,1716720350.0962954,synthetic_009,train
54.702103,91.09438,3.4273024,0.36666667,0.8,1.0822827,5.2618804,5.0,4.0,0.0,15.927259,2.0,2.0,2.0,84.0,1.0,1.0,0.0,0.0,0.0,0,1716720355.0962954,synthetic_009,train
52.922047,88.06734,1.0553262,0.33333334,0.6,1.0002115,5.2618804,4.0,4.0,1.0,16.403286,2.0,2.0,2.0,90.0,1.0,1.0,1.0,1.0,0.0,0,1716720360.0962954,synthetic_009,train
55.19816,87.633865,0.23610237,0.3,0.6,0.9239713,5.2618804,3.0,4.0,0.0,13.087576,1.0,2.0,2.0,90.0,1.0,1.0,1.0,1.0,0.0,0,1716720365.0962954,synthetic_009,train
57.75906,90.125694,-2.9870238,0.31111112,0.6666667,1.0474634,5.2618804,3.0,4.0,1.0,15.725361,1.0,2.0,2.0,84.0,0.0,1.0,1.0,1.0,0.0,0,1716720370.0962954,synthetic_009,train
59.898285,91.115234,-3.8253477,0.33333334,1.0,0.9592813,5.2618804,2.0,4.0,0.0,14.98446,1.0,2.0,2.0,81.0,0.0,1.0,1.0,1.0,0.0,0,1716720375.0962954,synthetic_009,train
54.996975,87.587326,-4.3902326,0.23333333,0.4,1.1563011,7.0478716,3.0,4.0,0.0,20.599007,1.0,2.0,2.0,90.0,0.0,1.0,1.0,1.0,0.0,0,1716720380.0962954,synthetic_009,train
13.120483,19.723608,-1.083654,0.31111112,0.4,1.9025598,7.0478716,2.0,4.0,0.0,23.830692,0.0,2.0,2.0,39.0,0.0,1.0,1.0,1.0,0.0,0,1716720385.0962954,synthetic_009,train
10.414889,21.463642,-2.4183044,0.6,1.0,2.7627306,7.0478716,4.0,4.0,0.0,28.71041,0.0,2.0,2.0,33.0,0.0,1.0,1.0,1.0,0.0,0,1716720390.0962954,synthetic_009,train
5.5536675,7.676091,0.5346932,0.5,0.6,2.3067653,7.0478716,4.0,4.0,0.0,27.071238,0.0,2.0,2.0,42.0,1.0,1.0,1.0,1.0,17.0,0,1716720395.0962954,synthetic_009,train
6.2878356,8.07958,-0.10022916,0.6,1.0,2.520411,7.0478716,4.0,4.0,0.0,23.19706,0.0,2.0,2.0,36.0,1.0,1.0,1.0,1.0,17.0,0,1716720400.0962954,synthetic_009,train
5.030268,7.620294,-0.45540646,0.6,1.0,2.3558762,7.0478716,4.0,4.0,1.0,28.290272,0.0,2.0,2.0,45.0,1.0,1.0,1.0,1.0,17.0,0,1716720405.0962954,synthetic_009,train
3.5665383,7.0552077,-0.5062062,0.8,1.0,2.3609326,6.535382,4.0,4.0,1.0,21.795809,0.0,2.0,2.0,36.0,1.0,1.0,1.0,0.0,21.0,0,1716720410.0962954,synthetic_009,train
3.0570328,6.6178174,-0.5063119,0.8,1.0,2.4135423,6.535382,5.0,4.0,1.0,27.25421,0.0,2.0,2.0,42.0,1.0,1.0,1.0,0.0,21.0,0,1716720415.0962954,synthetic_009,train
4.2230797,7.426515,-0.41614333,0.71666664,1.0,2.120817,5.8702397,4.0,4.0,1.0,28.86452,0.0,2.0,2.0,43.0,1.0,1.0,1.0,0.0,6.0,0,1716720420.0962954,synthetic_009,train
1.8138506,5.441552,1.0883104,0.875,1.0,2.8823931,5.8702397,4.0,4.0,0.0,20.071299,0.0,1.0,1.0,28.0,1.0,1.0,1.0,0.0,6.0,0,1716720425.0962954,synthetic_009,train
2.2035248,5.1406646,0.78781086,0.7,1.0,3.0852666,7.921289,4.0,4.0,0.0,28.687439,0.0,1.0,1.0,33.0,1.0,1.0,1.0,0.0,6.0,0,1716720430.0962954,synthetic_009,train
45.010654,82.86411,8.200194,0.25,0.8,1.9087151,7.921289,4.0,4.0,0.0,11.662092,2.0,1.0,1.0,60.0,1.0,1.0,0.0,0.0,0.0,0,1716720435.0962954,synthetic_009,train
40.539097,76.38645,2.3694952,0.2,0.6,1.6804396,7.921289,3.0,4.0,0.0,10.209973,2.0,1.0,1.0,73.0,1.0,1.0,1.0,0.0,0.0,1,1716720440.0962954,synthetic_009,train
41.37445,75.96107,-0.09985586,0.1,0.4,1.5626018,7.921289,2.0,4.0,0.0,11.7417145,2.0,1.0,1.0,75.0,1.0,1.0,1.0,0.0,0.0,1,1716720445.0962954,synthetic_009,train
40.98997,76.098694,-2.4361217,0.05,0.2,1.5518813,7.921289,2.0,3.0,0.0,12.484684,2.0,1.0,1.0,76.0,1.0,1.0,1.0,0.0,0.0,1,1716720450.0962954,synthetic_009,train
36.482937,69.76105,-2.3348124,0.10666667,0.33333334,1.4594197,7.921289,2.0,3.0,0.0,16.725237,2.0,1.0,1.0,92.0,1.0,1.0,1.0,1.0,0.0,1,1716720455.0962954,synthetic_009,train
34.724873,68.75252,-3.8153927,0.23,0.75,1.1892631,3.1046572,1.0,3.0,0.0,18.453527,2.0,1.0,1.0,96.0,0.0,1.0,1.0,1.0,0.0,1,1716720460.0962954,synthetic_009,train
9.017446,9.683963,-0.61491054,0.26666668,0.8,1.5841551,3.1046572,1.0,3.0,0.0,19.666754,1.0,1.0,1.0,60.0,0.0,1.0,1.0,1.0,0.0,1,1716720465.0962954,synthetic_009,train
6.693122,9.630073,-0.7179621,0.42222223,0.6666667,2.2836294,6.5889835,3.0,3.0,1.0,19.712667,1.0,2.0,2.0,52.0,0.0,1.0,1.0,1.0,3.0,1,1716720470.0962954,synthetic_009,train
6.1393514,10.071364,-0.9384269,0.43333334,0.6,2.6003733,6.5889835,4.0,3.0,0.0,16.391563,1.0,2.0,2.0,48.0,0.0,1.0,1.0,1.0,3.0,1,1716720475.0962954,synthetic_009,train
6.1071177,10.595572,-1.58266,0.33333334,0.6,2.7748165,6.5889835,4.0,3.0,1.0,15.625541,1.0,3.0,3.0,44.0,0.0,1.0,1.0,1.0,3.0,1,1716720480.0962954,synthetic_009,train
2.4979448,3.0046122,0.697016,0.33333334,0.8,2.9093246,6.5889835,4.0,3.0,1.0,26.526579,1.0,3.0,3.0,44.0,0.0,1.0,1.0,1.0,3.0,1,1716720485.0962954,synthetic_009,train
3.0530436,3.0623577,0.36194956,0.35,0.5,3.2518258,6.5889835,5.0,3.0,0.0,22.677448,0.0,3.0,3.0,36.0,0.0,1.0,1.0,1.0,17.0,1,1716720490.0962954,synthetic_009,train
2.9723077,2.8984847,0.21919827,0.3,0.4,3.4610014,6.5889835,6.0,3.0,0.0,28.02103,0.0,3.0,3.0,40.0,0.0,1.0,1.0,1.0,4.0,1,1716720495.0962954,synthetic_009,train
3.550357,2.6573298,0.012960261,0.2,0.2,2.9742656,5.3435826,6.0,3.0,0.0,25.005875,0.0,3.0,3.0,40.0,0.0,1.0,1.0,1.0,4.0,1,1716720500.0962954,synthetic_009,train
3.5792906,2.6465797,-0.09452939,0.2,0.2,2.925712,5.3435826,6.0,3.0,0.0,24.505857,0.0,3.0,3.0,40.0,0.0,1.0,1.0,1.0,4.0,1,1716720505.0962954,synthetic_009,train
3.6963625,2.779522,-0.2177818,0.2,0.4,2.722873,5.3435826,5.0,3.0,0.0,22.570215,0.0,2.0,2.0,36.0,0.0,1.0,1.0,1.0,4.0,1,1716720510.0962954,synthetic_009,train
4.978884,6.6285224,1.406311,0.1,0.2,3.663039,7.1029596,6.0,3.0,0.0,26.28342,0.0,2.0,2.0,32.0,1.0,1.0,1.0,1.0,4.0,1,1716720515.0962954,synthetic_009,train
7.7214146,8.860895,1.6050102,0.0,0.0,3.1494339,7.1029596,5.0,3.0,0.0,26.150757,0.0,2.0,2.0,40.0,1.0,1.0,0.0,0.0,23.0,1,1716720520.0962954,synthetic_009,train
8.329829,9.174175,1.750578,0.0,0.0,2.9056396,7.1029596,4.0,3.0,0.0,22.830463,0.0,1.0,1.0,36.0,1.0,1.0,0.0,0.0,23.0,1,1716720525.0962954,synthetic_009,train
8.420843,10.011071,0.7239012,0.16666667,0.33333334,3.7140539,9.891315,3.0,4.0,0.0,25.461185,0.0,1.0,1.0,32.0,1.0,1.0,1.0,1.0,23.0,1,1716720530.0962954,synthetic_009,train
7.1715603,9.987408,-0.94221264,0.375,0.75,3.4060876,9.891315,3.0,4.0,0.0,23.55183,0.0,1.0,1.0,36.0,1.0,1.0,1.0,1.0,23.0,1,1716720535.0962954,synthetic_009,train
6.1614347,9.239676,-0.9831805,0.53333336,1.0,3.278127,9.891315,4.0,4.0,0.0,28.956438,0.0,1.0,1.0,44.0,1.0,1.0,1.0,1.0,23.0,1,1716720540.0962954,synthetic_009,train
4.8085556,8.706303,-1.2144554,0.45,0.5,3.356446,9.891315,4.0,4.0,1.0,27.877296,0.0,2.0,2.0,36.0,0.0,1.0,1.0,1.0,23.0,1,1716720545.0962954,synthetic_009,train
5.490093,11.029339,1.6251445,0.6,0.8,2.884593,9.891315,4.0,4.0,0.0,18.954615,0.0,2.0,2.0,40.0,0.0,1.0,1.0,1.0,1.0,1,1716720550.0962954,synthetic_009,train
5.490093,11.029339,1.6251445,0.6,0.8,2.884593,9.891315,4.0,4.0,0.0,18.954615,0.0,2.0,2.0,40.0,0.0,1.0,1.0,1.0,1.0,1,1716720555.0962954,synthetic_009,train
6.0080194,10.6034155,0.97872204,0.4,0.6,2.511001,7.593752,4.0,4.0,1.0,23.33905,0.0,2.0,2.0,44.0,1.0,1.0,1.0,1.0,5.0,0,1716720560.0962954,synthetic_009,train
8.11507,11.601682,0.61191386,0.33333334,0.6,2.5533707,7.593752,4.0,4.0,1.0,26.927275,0.0,2.0,2.0,48.0,1.0,1.0,1.0,1.0,16.0,1,1716720565.0962954,synthetic_009,train
12.373834,21.244442,0.4686751,0.55,1.0,1.8839965,7.593752,3.0,4.0,1.0,25.636375,0.0,3.0,3.0,64.0,1.0,1.0,0.0,0.0,16.0,1,1716720570.0962954,synthetic_009,train
11.100997,19.74372,-0.31865785,0.475,0.6,1.6082144,7.593752,2.0,4.0,1.0,29.333961,0.0,3.0,3.0,76.0,1.0,1.0,0.0,0.0,16.0,1,1716720575.0962954,synthetic_009,train
9.806939,19.339571,-0.5526506,0.43333334,0.6,1.7116042,7.593752,2.0,4.0,1.0,23.215124,0.0,3.0,3.0,72.0,1.0,1.0,0.0,0.0,4.0,1,1716720580.0962954,synthetic_009,train
9.504243,18.84094,-0.56056184,0.4125,0.6,1.7772455,7.593752,2.0,4.0,1.0,26.173912,0.0,3.0,3.0,76.0,1.0,1.0,0.0,0.0,4.0,1,1716720585.0962954,synthetic_009,train
9.253422,18.819544,-0.9011556,0.3625,0.6,1.7271302,4.9444585,3.0,4.0,1.0,27.871014,0.0,3.0,3.0,76.0,1.0,1.0,0.0,0.0,4.0,1,1716720590.0962954,synthetic_009,train
10.649585,19.42918,-0.4242803,0.3,0.6,1.448681,4.5367527,2.0,4.0,1.0,26.70007,0.0,3.0,3.0,76.0,1.0,1.0,1.0,1.0,5.0,1,1716720595.0962954,synthetic_009,train
7.0364194,9.98958,0.7770492,0.28333333,0.4,1.8557403,4.5367527,3.0,4.0,0.0,23.221998,0.0,2.0,2.0,56.0,1.0,1.0,1.0,1.0,5.0,1,1716720600.0962954,synthetic_009,train
7.769305,10.562214,0.3669066,0.3,0.5,2.2221038,4.5367527,4.0,4.0,0.0,24.669361,0.0,1.0,1.0,50.0,1.0,1.0,1.0,1.0,5.0,1,1716720605.0962954,synthetic_009,train
6.7547965,10.870357,-0.7208507,0.46666667,1.0,2.4525466,4.920314,5.0,4.0,0.0,26.47177,0.0,1.0,1.0,53.0,0.0,1.0,1.0,1.0,10.0,1,1716720610.0962954,synthetic_009,train
6.931237,10.567823,-0.3260761,0.4,0.6,2.1510034,4.920314,5.0,4.0,0.0,27.728298,0.0,1.0,1.0,69.0,1.0,1.0,1.0,1.0,19.0,1,1716720615.0962954,synthetic_009,train
7.4966846,10.569503,-0.33392766,0.475,0.6,1.780091,4.920314,4.0,4.0,0.0,24.030602,1.0,2.0,2.0,85.0,1.0,1.0,1.0,1.0,26.0,1,1716720620.0962954,synthetic_009,train
30.720463,70.895935,4.2701054,0.32,0.6,1.4537116,4.920314,4.0,4.0,0.0,14.22898,1.0,2.0,2.0,120.0,1.0,1.0,0.0,0.0,0.0,0,1716720625.0962954,synthetic_009,train
32.256485,72.3783,4.4592724,0.35,0.6,1.3582208,4.920314,3.0,2.0,0.0,11.361223,1.0,2.0,2.0,116.0,1.0,1.0,0.0,0.0,0.0,0,1716720630.0962954,synthetic_009,train
33.410954,74.1722,3.6858552,0.3625,0.8,1.6152529,9.129969,3.0,2.0,0.0,14.919178,1.0,2.0,2.0,113.0,1.0,1.0,0.0,0.0,0.0,0,1716720635.0962954,synthetic_009,train
35.348995,75.83041,1.1872483,0.36666667,0.6666667,1.7581125,9.129969,4.0,2.0,0.0,21.236866,1.0,2.0,2.0,112.0,1.0,1.0,0.0,0.0,0.0,0,1716720640.0962954,synthetic_009,train
43.522514,84.704926,-2.1463878,0.3,0.5,1.8466247,9.129969,4.0,2.0,0.0,22.982264,1.0,2.0,2.0,92.0,0.0,1.0,0.0,0.0,0.0,0,1716720645.0962954,synthetic_009,train
52.674404,94.22975,-16.359646,0.46666667,1.0,2.543424,9.129969,4.0,0.0,0.0,27.331032,0.0,2.0,2.0,75.0,0.0,1.0,1.0,0.0,0.0,0,1716720650.0962954,synthetic_009,train
1.8468398,2.3385048,0.32147548,0.55,0.6,4.4695816,9.129969,5.0,4.0,0.0,22.157103,0.0,3.0,3.0,49.0,1.0,1.0,1.0,0.0,22.0,0,1716720655.0962954,synthetic_009,train
1.4364309,2.182812,-0.065442756,0.675,0.75,3.7725942,9.129969,5.0,4.0,0.0,24.82338,0.0,3.0,3.0,63.0,1.0,1.0,1.0,1.0,22.0,0,1716720660.0962954,synthetic_009,train
1.5300376,2.0791543,-0.18199566,0.6,0.8,3.146157,7.835621,5.0,4.0,0.0,26.705362,0.0,3.0,3.0,70.0,1.0,1.0,1.0,1.0,4.0,0,1716720665.0962954,synthetic_009,train
6.08803,12.999133,2.1475194,0.4,0.6,2.636708,7.835621,4.0,4.0,0.0,21.168167,0.0,3.0,3.0,77.0,1.0,1.0,1.0,1.0,7.0,0,1716720670.0962954,synthetic_009,train
7.3427277,13.381976,1.0142652,0.525,0.6,2.0426633,7.835621,4.0,4.0,1.0,26.889658,0.0,3.0,3.0,119.0,1.0,1.0,1.0,1.0,7.0,0,1716720675.0962954,synthetic_009,train
7.801648,13.681987,1.03355,0.4,0.6,1.6806036,5.0579605,3.0,4.0,1.0,24.544277,0.0,3.0,3.0,112.0,1.0,1.0,1.0,1.0,7.0,0,1716720680.0962954,synthetic_009,train
7.1540966,13.472389,0.1378703,0.575,0.8,1.7992319,6.369824,3.0,4.0,1.0,29.28679,0.0,3.0,3.0,119.0,0.0,1.0,1.0,1.0,7.0,0,1716720685.0962954,synthetic_009,train
7.8247423,13.680465,-0.2922252,0.4,0.6,1.954759,6.369824,4.0,4.0,1.0,26.218184,0.0,4.0,4.0,112.0,0.0,1.0,0.0,0.0,6.0,1,1716720690.0962954,synthetic_009,train
8.188226,14.080427,-0.94927824,0.53333336,0.8,1.9210498,6.369824,4.0,4.0,1.0,24.734554,0.0,4.0,4.0,105.0,0.0,1.0,0.0,0.0,7.0,1,1716720695.0962954,synthetic_009,train
5.17252,10.735597,-0.6071098,0.62222224,0.6666667,2.3594904,7.2230153,4.0,3.0,1.0,28.80341,0.0,4.0,4.0,91.0,0.0,1.0,0.0,0.0,6.0,1,1716720700.0962954,synthetic_009,train
3.0315175,4.660658,0.59378177,0.6,0.6,2.8786027,7.2230153,4.0,2.0,0.0,22.416204,0.0,4.0,4.0,70.0,1.0,1.0,0.0,0.0,21.0,1,1716720705.0962954,synthetic_009,train
3.0315175,4.660658,0.59378177,0.6,0.6,2.8786027,7.2230153,4.0,2.0,0.0,22.416204,0.0,4.0,4.0,70.0,1.0,1.0,0.0,0.0,21.0,1,1716720710.0962954,synthetic_009,train
3.063337,5.050967,-0.3766756,0.7,1.0,3.3821528,7.6621895,4.0,2.0,0.0,17.776308,1.0,4.0,4.0,56.0,1.0,1.0,0.0,0.0,21.0,1,1716720715.0962954,synthetic_009,train
2.9290488,4.999617,-0.09144605,0.7,0.8,3.1466155,7.6621895,4.0,2.0,0.0,13.64418,2.0,4.0,4.0,70.0,1.0,1.0,0.0,0.0,22.0,1,1716720720.0962954,synthetic_009,train
2.6627717,4.8245716,-0.4680003,0.8,1.0,2.737113,7.6621895,3.0,4.0,0.0,10.402376,2.0,4.0,4.0,77.0,1.0,1.0,0.0,0.0,22.0,1,1716720725.0962954,synthetic_009,train
3.0774868,4.545952,-0.33310813,0.5777778,0.8,2.148526,7.6621895,2.0,4.0,1.0,16.651878,2.0,4.0,4.0,91.0,1.0,1.0,0.0,0.0,22.0,1,1716720730.0962954,synthetic_009,train
2.047064,3.0981548,0.3349616,0.46666667,0.8,2.5076568,7.6621895,3.0,4.0,1.0,16.299847,1.0,4.0,4.0,77.0,1.0,1.0,0.0,0.0,22.0,1,1716720735.0962954,synthetic_009,train
10.826576,32.192547,3.0213015,0.55,0.8,2.077157,7.6621895,4.0,4.0,1.0,24.396603,1.0,4.0,4.0,119.0,1.0,1.0,1.0,0.0,22.0,1,1716720740.0962954,synthetic_009,train
22.39107,47.099174,4.5203543,0.45,0.8,1.5433066,4.8056903,3.0,4.0,1.0,24.517136,0.0,3.0,3.0,133.0,1.0,1.0,1.0,0.0,0.0,1,1716720745.0962954,synthetic_009,train
21.951069,47.276253,2.4279144,0.5375,0.8,1.4942743,4.942071,3.0,4.0,1.0,26.749374,0.0,3.0,3.0,133.0,1.0,1.0,1.0,0.0,0.0,1,1716720750.0962954,synthetic_009,train
20.764303,45.037655,0.36408308,0.56,1.0,1.4163481,4.942071,3.0,4.0,1.0,26.85096,0.0,3.0,3.0,147.0,1.0,1.0,1.0,0.0,0.0,1,1716720755.0962954,synthetic_009,train
21.184425,44.938946,-0.9394894,0.56,1.0,1.5308915,4.942071,4.0,4.0,1.0,28.661194,0.0,3.0,3.0,147.0,1.0,1.0,1.0,0.0,0.0,1,1716720760.0962954,synthetic_009,train
21.132559,44.961075,-1.4375511,0.4,0.8,1.6078118,5.102853,4.0,4.0,1.0,29.193922,0.0,3.0,3.0,147.0,1.0,1.0,1.0,0.0,0.0,1,1716720765.0962954,synthetic_009,train
17.640602,41.94986,-3.7007155,0.55,1.0,1.7273473,5.102853,3.0,4.0,0.0,26.045795,0.0,2.0,2.0,112.0,1.0,1.0,0.0,0.0,0.0,1,1716720770.0962954,synthetic_009,train
2.9193637,5.372207,-0.0804947,0.65,0.75,2.2405796,6.1660666,4.0,4.0,0.0,26.426043,0.0,2.0,2.0,98.0,1.0,1.0,1.0,0.0,15.0,1,1716720775.0962954,synthetic_009,train
3.4059243,5.683322,-0.6996834,0.6666667,1.0,2.3166242,6.1660666,4.0,4.0,0.0,24.940174,0.0,2.0,2.0,84.0,1.0,1.0,1.0,0.0,22.0,1,1716720780.0962954,synthetic_009,train
2.5173013,4.7813416,-0.7436584,0.6,0.8,3.2490609,6.1660666,6.0,4.0,0.0,29.637121,0.0,1.0,1.0,70.0,1.0,1.0,1.0,0.0,19.0,1,1716720785.0962954,synthetic_009,train
4.0841866,11.000591,0.9983188,0.7,0.8,2.9379337,6.1660666,6.0,4.0,0.0,24.276484,0.0,1.0,1.0,70.0,1.0,1.0,1.0,0.0,23.0,1,1716720790.0962954,synthetic_009,train
7.18106,13.346021,2.084099,0.46666667,1.0,2.3698857,6.1660666,5.0,4.0,1.0,24.467787,0.0,3.0,3.0,77.0,1.0,1.0,1.0,0.0,23.0,1,1716720795.0962954,synthetic_009,train
7.8991656,13.842119,2.3000615,0.6,0.8,2.4467788,6.1660666,5.0,4.0,1.0,18.30172,0.0,3.0,3.0,70.0,0.0,1.0,1.0,0.0,23.0,1,1716720800.0962954,synthetic_009,train
6.5826383,12.89268,-0.33020914,0.73333335,1.0,2.5524807,9.794898,5.0,4.0,1.0,27.365597,0.0,3.0,3.0,84.0,0.0,1.0,1.0,1.0,23.0,1,1716720805.0962954,synthetic_009,train
12.0521345,23.2652,1.6505998,0.62222224,0.6666667,2.5067441,9.794898,5.0,4.0,1.0,27.380901,0.0,3.0,3.0,93.0,0.0,1.0,1.0,1.0,23.0,0,1716720810.0962954,synthetic_009,train
11.962463,23.304035,0.11323515,0.5777778,1.0,2.2943044,9.794898,4.0,3.0,1.0,29.485126,0.0,3.0,3.0,95.0,0.0,1.0,1.0,1.0,23.0,0,1716720815.0962954,synthetic_009,train
10.025314,23.221344,-0.4818257,0.73333335,1.0,2.4427726,9.794898,4.0,3.0,1.0,27.89558,0.0,3.0,3.0,90.0,1.0,1.0,1.0,1.0,20.0,0,1716720820.0962954,synthetic_009,train
6.9221163,22.310347,-0.13872837,0.7,1.0,2.8274682,9.794898,5.0,3.0,1.0,24.13472,0.0,3.0,3.0,92.0,1.0,1.0,1.0,1.0,20.0,0,1716720825.0962954,synthetic_009,train
5.9332423,20.675903,-0.45232332,0.78333336,1.0,2.7104626,9.794898,6.0,3.0,1.0,28.151579,0.0,3.0,3.0,108.0,1.0,1.0,1.0,1.0,20.0,0,1716720830.0962954,synthetic_009,train
7.7453933,23.226938,-2.72634,0.46666667,0.8,2.8363109,5.6704025,6.0,3.0,1.0,26.13181,0.0,3.0,3.0,88.0,1.0,1.0,1.0,0.0,26.0,0,1716720835.0962954,synthetic_009,train
0.9224427,1.5458316,0.03418351,0.6888889,0.8,2.2862802,5.6704025,5.0,3.0,0.0,24.051239,0.0,3.0,3.0,104.0,1.0,1.0,1.0,0.0,20.0,0,1716720840.0962954,synthetic_009,train
5.0613947,15.8782425,1.481223,0.55,0.8,1.8538933,5.623429,4.0,3.0,1.0,26.043943,0.0,3.0,3.0,128.0,1.0,1.0,1.0,0.0,3.0,0,1716720845.0962954,synthetic_009,train
5.2719,15.8289175,1.0692464,0.7,1.0,1.9221929,5.623429,4.0,4.0,1.0,28.024025,0.0,3.0,3.0,128.0,1.0,1.0,1.0,0.0,3.0,0,1716720850.0962954,synthetic_009,train
6.0161242,15.484793,0.6945232,0.6166667,0.8,1.544604,5.623429,3.0,4.0,1.0,24.39444,0.0,3.0,3.0,144.0,1.0,1.0,1.0,0.0,3.0,0,1716720855.0962954,synthetic_009,train
6.5647144,14.82689,0.3360652,0.55,0.6,1.5414497,5.623429,3.0,4.0,1.0,25.205564,0.0,3.0,3.0,160.0,1.0,1.0,1.0,0.0,19.0,0,1716720860.0962954,synthetic_009,train
17.61546,32.185387,1.522024,0.5,0.8,1.0173126,3.7372632,2.0,4.0,1.0,29.877216,0.0,3.0,3.0,240.0,1.0,1.0,1.0,0.0,0.0,0,1716720865.0962954,synthetic_009,train
19.595295,33.390865,1.3659256,0.4,0.6,1.0790262,3.7372632,2.0,4.0,1.0,26.544441,0.0,2.0,2.0,216.0,1.0,1.0,1.0,0.0,0.0,0,1716720870.0962954,synthetic_009,train
22.909931,36.55792,2.0376945,0.36,0.6,1.2640643,7.1128106,3.0,4.0,0.0,26.77469,0.0,2.0,2.0,192.0,1.0,1.0,0.0,0.0,0.0,1,1716720875.0962954,synthetic_009,train
23.883785,37.058086,1.574902,0.32,0.6,1.2877481,7.1128106,3.0,3.0,1.0,26.956451,0.0,3.0,3.0,184.0,1.0,1.0,0.0,0.0,0.0,1,1716720880.0962954,synthetic_009,train
24.825636,37.46364,0.2886704,0.24,0.6,1.438186,7.1128106,3.0,3.0,0.0,27.90283,0.0,3.0,3.0,176.0,0.0,1.0,0.0,0.0,0.0,1,1716720885.0962954,synthetic_009,train
26.545427,38.8578,-1.6071995,0.25,0.6,1.5030682,7.1128106,3.0,4.0,0.0,26.899096,1.0,3.0,3.0,160.0,0.0,1.0,0.0,0.0,0.0,1,1716720890.0962954,synthetic_009,train
13.207022,25.9502,-1.9778858,0.13333334,0.4,2.3739905,7.1128106,3.0,4.0,1.0,17.276558,1.0,3.0,3.0,88.0,0.0,1.0,0.0,0.0,19.0,1,1716720895.0962954,synthetic_009,train
12.881882,26.084164,-2.952388,0.13333334,0.4,2.881471,7.940914,4.0,4.0,1.0,15.643964,1.0,3.0,3.0,88.0,0.0,1.0,0.0,0.0,19.0,1,1716720900.0962954,synthetic_009,train
7.8987055,9.236399,0.49531782,0.45,1.0,1.8365375,7.940914,3.0,4.0,1.0,17.314053,1.0,3.0,3.0,129.0,0.0,1.0,1.0,1.0,2.0,1,1716720905.0962954,synthetic_009,train
8.7579155,10.332589,0.24527341,0.35,0.4,1.5024703,7.940914,2.0,4.0,1.0,22.501558,1.0,3.0,3.0,166.0,0.0,1.0,1.0,1.0,19.0,1,1716720910.0962954,synthetic_009,train
9.223978,10.997952,0.3458815,0.3625,0.4,1.5565864,7.940914,3.0,4.0,1.0,26.551397,1.0,3.0,3.0,160.0,1.0,1.0,1.0,1.0,14.0,1,1716720915.0962954,synthetic_009,train
11.29153,12.791137,0.6103395,0.3,0.4,1.3717409,7.940914,2.0,4.0,1.0,25.574429,0.0,3.0,3.0,162.0,1.0,1.0,1.0,1.0,19.0,1,1716720920.0962954,synthetic_009,train
23.178492,61.55924,2.8576782,0.37333333,0.6666667,1.4581243,7.940914,3.0,4.0,1.0,24.483076,1.0,3.0,3.0,200.0,1.0,1.0,1.0,1.0,19.0,1,1716720925.0962954,synthetic_009,train
22.393808,60.333454,1.8944004,0.38,0.5,1.1956369,4.9772534,2.0,4.0,1.0,25.29851,2.0,3.0,3.0,210.0,1.0,1.0,1.0,1.0,4.0,1,1716720930.0962954,synthetic_009,train
25.605589,69.524414,2.0266144,0.41666666,0.6666667,1.5727893,4.9772534,3.0,4.0,1.0,24.014486,2.0,2.0,2.0,162.0,1.0,1.0,0.0,0.0,4.0,0,1716720935.0962954,synthetic_009,train
29.397533,78.73378,0.6510587,0.36666667,0.5,2.0471969,5.215873,4.0,4.0,1.0,20.757019,2.0,2.0,2.0,126.0,1.0,1.0,0.0,0.0,17.0,1,1716720940.0962954,synthetic_009,train
28.596636,78.8712,-1.8067594,0.35,0.6,2.01124,5.215873,4.0,4.0,1.0,22.720264,2.0,2.0,2.0,126.0,1.0,1.0,0.0,0.0,17.0,1,1716720945.0962954,synthetic_009,train
29.443401,85.42973,-3.4853926,0.33333334,0.6,2.1837645,5.215873,4.0,3.0,0.0,17.689932,2.0,2.0,2.0,108.0,1.0,1.0,0.0,0.0,17.0,1,1716720950.0962954,synthetic_009,train
3.1531367,3.3937638,0.47652432,0.2,0.4,4.2131853,12.127252,4.0,3.0,0.0,24.3786,1.0,1.0,1.0,63.0,1.0,1.0,0.0,0.0,6.0,1,1716720955.0962954,synthetic_009,train
15.229617,34.51242,5.791816,0.26666668,0.33333334,3.7315583,12.127252,4.0,4.0,0.0,25.303255,0.0,1.0,1.0,72.0,0.0,1.0,0.0,0.0,6.0,1,1716720960.0962954,synthetic_009,train
15.229617,34.51242,2.8909366,0.33333334,0.6666667,3.562793,12.127252,4.0,4.0,0.0,23.286472,0.0,1.0,1.0,72.0,1.0,1.0,0.0,0.0,6.0,1,1716720965.0962954,synthetic_009,train
16.841497,32.904495,1.305268,0.375,0.75,3.2792764,12.127252,4.0,4.0,0.0,26.322319,0.0,1.0,1.0,81.0,1.0,1.0,0.0,0.0,6.0,1,1716720970.0962954,synthetic_009,train
15.262364,31.420588,-2.0666597,0.4,0.4,3.2910264,12.127252,4.0,4.0,0.0,16.62641,1.0,2.0,2.0,90.0,1.0,1.0,0.0,0.0,25.0,1,1716720975.0962954,synthetic_009,train
14.332615,29.967262,-2.0148692,0.26666668,0.4,3.208502,12.127252,4.0,4.0,0.0,16.848196,1.0,2.0,2.0,99.0,1.0,1.0,0.0,0.0,25.0,1,1716720980.0962954,synthetic_009,train
14.536016,29.875092,-3.2474794,0.26666668,0.6,2.4440897,5.852452,4.0,4.0,0.0,15.673158,1.0,2.0,2.0,99.0,1.0,1.0,0.0,0.0,25.0,1,1716720985.0962954,synthetic_009,train
5.6364927,9.702514,-0.7003687,0.4,0.6,3.1959445,5.852452,5.0,4.0,0.0,14.380178,2.0,2.0,2.0,90.0,1.0,1.0,0.0,0.0,5.0,1,1716720990.0962954,synthetic_009,train
8.100741,12.309452,0.19443911,0.26666668,0.4,2.9014492,5.852452,4.0,4.0,0.0,11.847041,2.0,2.0,2.0,99.0,1.0,1.0,1.0,1.0,5.0,1,1716720995.0962954,synthetic_009,train
5.707095,9.916184,0.77491736,0.4,0.6,2.8670254,5.738911,3.0,3.0,0.0,12.117708,2.0,2.0,2.0,90.0,1.0,1.0,1.0,1.0,5.0,1,1716721000.0962954,synthetic_009,train
6.409854,10.424622,0.68511564,0.33333334,0.6,2.6448987,5.738911,3.0,1.0,0.0,19.42591,1.0,2.0,2.0,99.0,1.0,1.0,1.0,1.0,24.0,1,1716721005.0962954,synthetic_009,train
6.2222257,9.966797,0.34421232,0.33333334,0.6,2.6794105,5.738911,4.0,1.0,0.0,23.695173,1.0,2.0,2.0,108.0,1.0,1.0,1.0,1.0,24.0,1,1716721010.0962954,synthetic_009,train
6.326857,9.490616,0.11874749,0.41666666,0.6,2.4232395,5.738911,3.0,4.0,1.0,22.14649,2.0,2.0,2.0,126.0,1.0,1.0,1.0,1.0,10.0,1,1716721015.0962954,synthetic_009,train
6.1775007,9.578451,-0.58181775,0.51666665,0.75,1.9363242,4.813423,2.0,4.0,1.0,17.371029,1.0,2.0,2.0,126.0,1.0,1.0,1.0,1.0,17.0,1,1716721020.0962954,synthetic_009,train
8.737471,18.165146,1.6968299,0.51666665,0.75,2.2678342,7.6217556,3.0,4.0,0.0,16.439058,1.0,2.0,2.0,126.0,1.0,1.0,1.0,1.0,17.0,1,1716721025.0962954,synthetic_009,train
11.744462,20.270428,1.4405763,0.475,0.6,1.9449568,7.6217556,3.0,4.0,1.0,16.618141,1.0,2.0,2.0,153.0,1.0,1.0,1.0,1.0,17.0,1,1716721030.0962954,synthetic_009,train
12.042683,20.335457,0.6141389,0.425,0.8,1.8223207,7.6217556,3.0,4.0,1.0,21.189787,2.0,3.0,3.0,155.0,1.0,1.0,1.0,1.0,10.0,1,1716721035.0962954,synthetic_009,train
12.651368,20.855879,0.22637516,0.35,0.6,1.7049297,7.6217556,2.0,4.0,1.0,19.859434,2.0,3.0,3.0,147.0,1.0,1.0,1.0,1.0,10.0,1,1716721040.0962954,synthetic_009,train
14.252746,22.84029,-0.5398389,0.44444445,0.8,1.6759794,7.6217556,2.0,4.0,1.0,17.755875,1.0,3.0,3.0,120.0,1.0,1.0,1.0,1.0,0.0,1,1716721045.0962954,synthetic_009,train
15.440474,23.432838,-2.6306238,0.43333334,0.6,2.427211,9.055956,3.0,4.0,1.0,16.128584,1.0,3.0,3.0,112.0,1.0,1.0,1.0,1.0,0.0,1,1716721050.0962954,synthetic_009,train
9.816368,15.883454,-1.6857821,0.37777779,0.4,2.2259943,9.055956,3.0,4.0,1.0,14.244637,3.0,3.0,3.0,124.0,1.0,1.0,1.0,1.0,17.0,1,1716721055.0962954,synthetic_009,train
4.8097,6.8693943,-0.9459083,0.53333336,1.0,2.698267,9.055956,4.0,4.0,1.0,7.1116376,3.0,3.0,3.0,108.0,1.0,1.0,0.0,0.0,4.0,1,1716721060.0962954,synthetic_009,train
3.0999281,3.1424367,-0.18749236,0.325,0.4,3.3305306,9.055956,4.0,3.0,1.0,15.685029,2.0,2.0,2.0,90.0,0.0,1.0,0.0,0.0,4.0,1,1716721065.0962954,synthetic_009,train
1.9099655,2.7908638,-0.23372597,0.6666667,1.0,2.9935503,9.055956,5.0,3.0,1.0,17.362251,2.0,2.0,2.0,110.0,1.0,1.0,1.0,1.0,4.0,1,1716721070.0962954,synthetic_009,train
1.7508018,2.717505,-0.2532494,0.6666667,1.0,2.9275997,9.055956,5.0,3.0,1.0,19.55643,2.0,2.0,2.0,120.0,1.0,1.0,1.0,1.0,4.0,1,1716721075.0962954,synthetic_009,train
1.9707023,2.86819,-0.1848033,0.5833333,0.75,2.3450642,5.859452,5.0,3.0,1.0,23.118382,1.0,2.0,2.0,140.0,1.0,1.0,1.0,1.0,4.0,1,1716721080.0962954,synthetic_009,train
2.8103852,4.4501567,0.44802916,0.56666666,0.8,2.1665556,4.7618766,4.0,4.0,1.0,25.760687,0.0,2.0,2.0,140.0,1.0,0.0,1.0,1.0,24.0,1,1716721085.0962954,synthetic_009,train
2.971935,4.5641775,0.41428486,0.46666667,0.8,2.4276392,6.266455,4.0,4.0,1.0,27.873903,0.0,2.0,2.0,130.0,1.0,1.0,1.0,1.0,24.0,1,1716721090.0962954,synthetic_009,train
2.8020265,4.750674,0.57928675,0.46666667,1.0,2.4916656,6.266455,4.0,4.0,1.0,28.983763,0.0,3.0,3.0,120.0,1.0,1.0,1.0,1.0,24.0,1,1716721095.0962954,synthetic_009,train
2.8020265,4.750674,-0.1261185,0.6666667,1.0,2.4371784,6.266455,4.0,4.0,1.0,27.043997,0.0,3.0,3.0,120.0,1.0,1.0,0.0,0.0,23.0,1,1716721100.0962954,synthetic_009,train
4.160552,5.5279083,0.20756973,0.46666667,0.6,2.1647978,6.266455,4.0,4.0,1.0,27.710089,0.0,3.0,3.0,150.0,1.0,1.0,0.0,0.0,23.0,1,1716721105.0962954,synthetic_009,train
14.9749565,42.09873,3.6791131,0.3,0.8,1.9187696,6.266455,3.0,4.0,1.0,28.016674,0.0,3.0,3.0,160.0,1.0,1.0,0.0,0.0,15.0,1,1716721110.0962954,synthetic_009,train
14.4539995,42.14676,2.4266694,0.5,1.0,1.9418957,6.266455,3.0,4.0,1.0,24.803877,0.0,3.0,3.0,160.0,1.0,1.0,0.0,0.0,9.0,1,1716721115.0962954,synthetic_009,train
14.88605,40.049156,1.376994,0.38333333,0.6,1.666632,4.8707294,3.0,3.0,0.0,25.128649,0.0,3.0,3.0,182.0,1.0,1.0,1.0,1.0,4.0,1,1716721120.0962954,synthetic_009,train
14.456964,38.016445,0.5452279,0.4,0.8,1.4599013,3.8997295,2.0,3.0,0.0,26.16712,0.0,3.0,3.0,205.0,1.0,1.0,1.0,1.0,4.0,1,1716721125.0962954,synthetic_009,train
16.65098,39.675995,-0.25961983,0.25,0.6,1.46057,3.8997295,1.0,4.0,0.0,24.868494,0.0,2.0,2.0,186.0,1.0,1.0,1.0,1.0,4.0,1,1716721130.0962954,synthetic_009,train
19.089851,40.89601,-1.1405796,0.2,0.4,1.5852425,4.945339,2.0,4.0,0.0,24.678562,0.0,2.0,2.0,179.0,1.0,1.0,1.0,1.0,5.0,1,1716721135.0962954,synthetic_009,train
10.827404,12.591419,1.1075575,0.2,0.4,1.6896244,4.945339,2.0,4.0,0.0,20.502403,0.0,2.0,2.0,139.0,1.0,1.0,1.0,1.0,5.0,1,1716721140.0962954,synthetic_009,train
11.613791,13.563891,0.32005432,0.13333334,0.4,2.3216903,9.052494,3.0,4.0,0.0,21.638865,0.0,2.0,2.0,120.0,1.0,1.0,1.0,1.0,5.0,1,1716721145.0962954,synthetic_009,train
10.089254,11.930683,0.34974572,0.1,0.2,3.0677118,9.052494,3.0,4.0,0.0,26.894955,0.0,2.0,2.0,99.0,1.0,1.0,0.0,0.0,5.0,1,1716721150.0962954,synthetic_009,train
9.855167,11.277653,0.14053477,0.2,0.6,2.5377617,9.052494,3.0,4.0,1.0,29.318748,0.0,2.0,2.0,132.0,1.0,1.0,0.0,0.0,25.0,1,1716721155.0962954,synthetic_009,train
9.3671665,11.219311,-0.070330836,0.31111112,0.6,2.449683,9.052494,3.0,3.0,1.0,26.900537,0.0,2.0,2.0,143.0,1.0,1.0,1.0,1.0,25.0,1,1716721160.0962954,synthetic_009,train
7.818048,8.8051405,1.0323654,0.26666668,0.6,2.4810688,9.052494,3.0,3.0,1.0,23.2014,0.0,2.0,2.0,143.0,1.0,1.0,1.0,1.0,25.0,1,1716721165.0962954,synthetic_009,train
7.818048,8.8051405,1.0323654,0.26666668,0.6,2.4810688,9.052494,3.0,3.0,1.0,23.2014,0.0,2.0,2.0,143.0,1.0,1.0,1.0,1.0,25.0,1,1716721170.0962954,synthetic_009,train
6.6872683,8.670145,-0.01704976,0.46666667,0.6,2.2852721,7.266313,4.0,3.0,1.0,27.01277,0.0,2.0,2.0,165.0,1.0,1.0,1.0,1.0,25.0,1,1716721175.0962954,synthetic_009,train
7.239744,8.897346,0.0023162076,0.4,0.8,1.8990666,7.1347237,4.0,4.0,1.0,29.853119,0.0,2.0,2.0,189.0,1.0,1.0,1.0,1.0,25.0,0,1716721180.0962954,synthetic_009,train
5.9969068,8.66613,-0.35790348,0.5,0.8,2.388365,7.1347237,5.0,4.0,1.0,27.808685,0.0,2.0,2.0,135.0,1.0,1.0,1.0,1.0,20.0,0,1716721185.0962954,synthetic_009,train
6.085015,8.701053,0.012638873,0.44444445,0.6,2.4442883,7.1347237,6.0,4.0,1.0,27.553808,0.0,2.0,2.0,149.0,1.0,1.0,1.0,1.0,12.0,1,1716721190.0962954,synthetic_009,train
5.9460535,8.82949,0.95677805,0.48333332,0.8,2.2203,7.1347237,6.0,4.0,1.0,23.949476,0.0,2.0,2.0,164.0,1.0,1.0,1.0,1.0,17.0,1,1716721195.0962954,synthetic_009,train
6.380333,8.672964,0.940237,0.46666667,0.8,2.1364841,7.1347237,6.0,4.0,1.0,24.912539,0.0,2.0,2.0,176.0,1.0,1.0,1.0,1.0,17.0,1,1716721200.0962954,synthetic_009,train
8.576053,10.840567,0.6205934,0.4,0.4,1.8480241,5.6642075,5.0,4.0,1.0,26.133165,0.0,2.0,2.0,179.0,1.0,1.0,1.0,1.0,17.0,1,1716721205.0962954,synthetic_009,train
8.6852255,11.306107,1.0027504,0.43333334,0.5,1.8707501,5.6642075,4.0,4.0,1.0,19.159641,0.0,2.0,2.0,144.0,1.0,1.0,0.0,0.0,22.0,1,1716721210.0962954,synthetic_009,train
8.094744,11.032153,-0.043384455,0.42222223,0.6666667,2.394738,11.893463,4.0,4.0,1.0,27.560017,0.0,2.0,2.0,156.0,1.0,1.0,0.0,0.0,22.0,1,1716721215.0962954,synthetic_009,train
6.9999847,11.255827,-0.88285595,0.6,1.0,2.4481378,11.893463,3.0,4.0,1.0,27.97786,0.0,2.0,2.0,144.0,1.0,1.0,0.0,0.0,13.0,1,1716721220.0962954,synthetic_009,train
4.2186365,10.223877,-1.4737962,0.8,1.0,2.7576835,11.893463,3.0,3.0,1.0,29.371456,0.0,2.0,2.0,132.0,1.0,1.0,1.0,0.0,4.0,1,1716721225.0962954,synthetic_009,train
2.8287296,9.4857025,-1.0540802,0.8666667,1.0,2.8076496,11.893463,3.0,3.0,1.0,28.027588,0.0,2.0,2.0,144.0,1.0,1.0,1.0,0.0,4.0,1,1716721230.0962954,synthetic_009,train
0.09172342,0.30421215,-0.04586171,0.93333334,1.0,2.9454992,11.893463,3.0,3.0,1.0,20.507027,0.0,2.0,2.0,132.0,1.0,1.0,1.0,0.0,4.0,1,1716721235.0962954,synthetic_009,train
3.653765,10.98528,1.4619378,0.7111111,1.0,2.6510885,11.893463,3.0,4.0,1.0,22.570688,0.0,2.0,2.0,156.0,1.0,1.0,1.0,0.0,4.0,1,1716721240.0962954,synthetic_009,train
3.8741655,11.44369,1.4153248,0.76666665,1.0,2.2170088,4.686062,3.0,4.0,1.0,24.412054,0.0,2.0,2.0,144.0,1.0,1.0,1.0,0.0,4.0,1,1716721245.0962954,synthetic_009,train
4.226362,11.933838,1.2059679,0.8666667,1.0,2.7854276,7.924151,4.0,4.0,1.0,26.857056,0.0,2.0,2.0,132.0,1.0,1.0,1.0,0.0,4.0,1,1716721250.0962954,synthetic_009,train
4.226362,11.933838,-0.06194074,0.8666667,1.0,2.6935725,7.924151,3.0,4.0,1.0,19.848038,1.0,1.0,1.0,132.0,1.0,1.0,1.0,0.0,26.0,1,1716721255.0962954,synthetic_009,train
4.6357875,11.851312,-0.70250076,0.53333336,1.0,2.6845586,7.924151,3.0,4.0,0.0,15.685488,1.0,1.0,1.0,132.0,1.0,1.0,1.0,0.0,26.0,1,1716721260.0962954,synthetic_009,train
5.7290573,12.258157,-1.5203571,0.6,0.6,2.597636,7.924151,2.0,4.0,0.0,14.529088,1.0,1.0,1.0,120.0,1.0,1.0,1.0,0.0,26.0,1,1716721265.0962954,synthetic_009,train
1.7866541,2.5636258,0.63658714,0.6,1.0,3.2937403,7.924151,3.0,4.0,0.0,23.060394,1.0,2.0,2.0,120.0,1.0,1.0,1.0,0.0,26.0,1,1716721270.0962954,synthetic_009,train
3.457982,6.7817965,0.6957182,0.6666667,1.0,2.7518597,7.924151,3.0,4.0,0.0,23.00665,1.0,2.0,2.0,144.0,1.0,1.0,1.0,1.0,26.0,1,1716721275.0962954,synthetic_009,train
3.2129726,6.3065195,0.14146104,0.5833333,0.8,2.1444154,6.7561865,3.0,4.0,0.0,27.690186,0.0,2.0,2.0,168.0,1.0,1.0,1.0,1.0,12.0,1,1716721280.0962954,synthetic_009,train
13.971204,30.022446,3.3668401,0.43333334,0.6,1.918563,6.7561865,3.0,2.0,1.0,21.688448,1.0,2.0,2.0,168.0,1.0,1.0,1.0,1.0,12.0,1,1716721285.0962954,synthetic_009,train
14.226205,29.065514,1.5901634,0.4,0.8,2.0745738,7.7571163,4.0,2.0,1.0,19.475273,1.0,2.0,2.0,180.0,1.0,1.0,1.0,1.0,12.0,1,1716721290.0962954,synthetic_009,train
14.317369,27.791586,0.87274206,0.425,0.6,1.938184,7.7571163,4.0,4.0,1.0,13.866852,1.0,2.0,2.0,204.0,1.0,1.0,1.0,1.0,12.0,1,1716721295.0962954,synthetic_009,train
17.266262,28.13547,0.64548254,0.4125,0.6,1.5795398,7.7571163,3.0,4.0,0.0,15.528111,2.0,2.0,2.0,228.0,1.0,1.0,1.0,1.0,12.0,1,1716721300.0962954,synthetic_009,train
16.749039,27.36927,-0.41253585,0.4,0.6,1.4694763,7.7571163,2.0,4.0,0.0,12.973511,2.0,2.0,2.0,240.0,1.0,1.0,1.0,1.0,3.0,1,1716721305.0962954,synthetic_009,train
18.57384,28.314592,-1.8165544,0.36666667,0.6666667,1.5944425,7.7571163,2.0,4.0,0.0,14.732478,2.0,2.0,2.0,216.0,1.0,1.0,1.0,1.0,23.0,1,1716721310.0962954,synthetic_009,train
11.015994,15.811286,-0.5520085,0.375,0.5,1.9107606,7.7571163,3.0,4.0,1.0,13.090137,1.0,2.0,2.0,204.0,1.0,1.0,1.0,1.0,9.0,1,1716721315.0962954,synthetic_009,train
11.783715,16.838314,-1.384753,0.36666667,0.5,1.7145016,4.234089,2.0,4.0,1.0,13.797183,1.0,2.0,2.0,168.0,1.0,1.0,1.0,1.0,23.0,1,1716721320.0962954,synthetic_009,train
8.699453,15.762981,-2.0904236,0.46666667,0.8,2.0096319,6.5973516,3.0,3.0,1.0,23.791153,1.0,2.0,2.0,180.0,1.0,1.0,1.0,1.0,2.0,1,1716721325.0962954,synthetic_009,train
3.3417866,5.6928935,-0.82763606,0.5555556,0.6666667,2.1821597,6.5973516,3.0,3.0,1.0,27.721296,0.0,2.0,2.0,156.0,1.0,1.0,0.0,0.0,2.0,1,1716721330.0962954,synthetic_009,train
2.417615,4.628013,0.3363138,0.56666666,0.8,2.5510123,6.5973516,3.0,3.0,0.0,19.783545,1.0,2.0,2.0,144.0,1.0,1.0,0.0,0.0,2.0,1,1716721335.0962954,synthetic_009,train
2.1814365,4.6768827,0.26226157,0.73333335,1.0,2.44582,6.5973516,2.0,3.0,0.0,17.318136,1.0,2.0,2.0,145.0,1.0,1.0,0.0,0.0,2.0,1,1716721340.0962954,synthetic_009,train
2.3157592,4.8394823,0.34013316,0.46666667,0.8,2.4712222,6.5973516,2.0,3.0,0.0,11.228777,1.0,2.0,2.0,134.0,1.0,1.0,1.0,1.0,22.0,1,1716721345.0962954,synthetic_009,train
3.2804954,5.5291557,0.32065237,0.65,1.0,2.2374225,6.5973516,3.0,3.0,0.0,18.250881,1.0,2.0,2.0,199.0,1.0,1.0,1.0,1.0,13.0,1,1716721350.0962954,synthetic_009,train
4.914647,6.896013,0.30947185,0.51666665,0.75,1.9057333,5.9870176,2.0,2.0,0.0,21.37145,1.0,2.0,2.0,177.0,1.0,1.0,1.0,1.0,13.0,1,1716721355.0962954,synthetic_009,train
4.932615,7.1772566,-0.00019370664,0.5555556,0.6666667,2.137418,5.9870176,3.0,2.0,0.0,25.510681,0.0,2.0,2.0,166.0,1.0,1.0,1.0,1.0,13.0,1,1716721360.0962954,synthetic_009,train
3.9060168,6.350705,-0.28769106,0.5555556,0.8,2.175546,5.9870176,4.0,2.0,0.0,25.310314,0.0,2.0,2.0,169.0,1.0,1.0,1.0,1.0,26.0,1,1716721365.0962954,synthetic_009,train
3.6270156,6.19022,-0.5649543,0.6,1.0,2.136358,5.9870176,5.0,3.0,0.0,25.704617,0.0,2.0,2.0,182.0,1.0,1.0,1.0,1.0,26.0,1,1716721370.0962954,synthetic_009,train
3.4231472,6.2641883,-0.6940622,0.6666667,1.0,2.2915032,6.3764257,5.0,3.0,1.0,26.094025,0.0,3.0,3.0,182.0,1.0,1.0,1.0,1.0,26.0,1,1716721375.0962954,synthetic_009,train
2.3133154,5.4619284,-0.7098106,0.8,1.0,2.700201,6.3764257,5.0,4.0,0.0,29.040546,0.0,3.0,3.0,143.0,1.0,1.0,1.0,0.0,26.0,1,1716721380.0962954,synthetic_009,train
1.1316438,1.8713679,0.23833309,0.7,0.8,3.1938527,6.3764257,5.0,4.0,1.0,26.521935,0.0,3.0,3.0,130.0,1.0,1.0,1.0,0.0,26.0,1,1716721385.0962954,synthetic_009,train
1.3194033,1.8813841,0.14068925,0.73333335,1.0,3.0125248,6.3764257,5.0,4.0,1.0,28.811016,0.0,3.0,3.0,143.0,1.0,1.0,1.0,1.0,26.0,1,1716721390.0962954,synthetic_009,train
2.524497,3.709216,0.82974887,0.525,0.8,3.1017547,6.3764257,4.0,4.0,1.0,24.317513,0.0,3.0,3.0,118.0,1.0,1.0,1.0,1.0,18.0,1,1716721395.0962954,synthetic_009,train
3.8127654,6.242831,0.6140354,0.5,0.6,2.5841918,6.3764257,4.0,4.0,1.0,24.633875,0.0,3.0,3.0,162.0,1.0,1.0,1.0,1.0,24.0,1,1716721400.0962954,synthetic_009,train
3.8127654,6.242831,0.29408306,0.5,0.6,2.3823273,5.2538676,4.0,4.0,1.0,25.942997,0.0,2.0,2.0,163.0,1.0,1.0,1.0,1.0,24.0,1,1716721405.0962954,synthetic_009,train
4.1216197,6.7715645,0.31261933,0.5,0.8,2.2351441,5.2538676,3.0,4.0,0.0,19.355944,0.0,2.0,2.0,137.0,1.0,1.0,1.0,1.0,18.0,1,1716721410.0962954,synthetic_009,train
3.3621988,6.3295794,-0.1153099,0.56666666,0.8,2.7081335,9.265062,5.0,4.0,0.0,26.34874,1.0,2.0,2.0,166.0,0.0,1.0,1.0,1.0,18.0,1,1716721415.0962954,synthetic_009,train
4.6588874,7.1064124,0.06782926,0.56666666,0.6,2.1489244,9.265062,4.0,4.0,1.0,18.637774,1.0,2.0,2.0,196.0,1.0,1.0,1.0,1.0,18.0,1,1716721420.0962954,synthetic_009,train
4.1231236,6.5695767,0.10054771,0.65,1.0,1.9605507,9.265062,4.0,4.0,1.0,14.863496,1.0,2.0,2.0,242.0,1.0,1.0,1.0,1.0,24.0,1,1716721425.0962954,synthetic_009,train
3.955014,5.4729934,0.14965925,0.5555556,0.6666667,2.1839802,9.265062,3.0,4.0,1.0,18.798223,1.0,3.0,3.0,187.0,1.0,1.0,1.0,1.0,22.0,1,1716721430.0962954,synthetic_009,train
3.8105175,5.286004,-0.17256458,0.5,0.6,2.364678,9.265062,3.0,4.0,1.0,20.434652,1.0,3.0,3.0,203.0,1.0,1.0,1.0,1.0,11.0,1,1716721435.0962954,synthetic_009,train
4.7607303,6.9514823,0.16397984,0.6,1.0,2.3399768,9.265062,4.0,4.0,1.0,24.652744,1.0,4.0,4.0,235.0,1.0,1.0,1.0,1.0,4.0,1,1716721440.0962954,synthetic_009,train
5.217559,6.812446,-0.2020453,0.475,0.6,1.6874286,6.210977,2.0,4.0,1.0,26.209818,1.0,4.0,4.0,257.0,1.0,1.0,1.0,1.0,4.0,1,1716721445.0962954,synthetic_009,train
4.3356085,6.259709,-0.14558288,0.46666667,0.6,1.9476478,6.210977,2.0,4.0,1.0,21.548716,1.0,4.0,4.0,233.0,1.0,1.0,1.0,1.0,4.0,1,1716721450.0962954,synthetic_009,train
4.4825416,6.5428333,-0.2659746,0.43333334,0.5,2.290251,6.210977,2.0,3.0,1.0,16.48495,1.0,4.0,4.0,189.0,1.0,1.0,1.0,1.0,4.0,1,1716721455.0962954,synthetic_009,train
4.1196423,6.6700954,-0.44418702,0.5,0.6,2.7404196,8.157609,3.0,3.0,0.0,15.559867,1.0,4.0,4.0,190.0,1.0,1.0,1.0,1.0,5.0,1,1716721460.0962954,synthetic_009,train
6.2237487,9.3130045,0.1333189,0.44444445,0.6,2.207117,8.157609,2.0,3.0,1.0,10.833373,2.0,4.0,4.0,208.0,1.0,1.0,1.0,0.0,27.0,1,1716721465.0962954,synthetic_009,train
5.0213184,8.1214485,0.6015917,0.33333334,0.6,2.490371,8.157609,2.0,4.0,0.0,11.920937,3.0,4.0,4.0,192.0,1.0,1.0,0.0,0.0,27.0,1,1716721470.0962954,synthetic_009,train
6.098977,8.248967,0.58827174,0.26666668,0.6,2.5204968,8.157609,2.0,4.0,1.0,11.468865,2.0,2.0,2.0,192.0,1.0,1.0,1.0,1.0,3.0,1,1716721475.0962954,synthetic_009,train
9.306652,13.405215,1.4461014,0.36666667,0.5,2.2855413,8.157609,2.0,4.0,1.0,14.478876,2.0,2.0,2.0,192.0,1.0,1.0,1.0,1.0,22.0,1,1716721480.0962954,synthetic_009,train
9.059434,13.526601,0.9375009,0.26666668,0.4,2.678573,8.157609,3.0,4.0,1.0,15.990177,2.0,2.0,2.0,192.0,1.0,1.0,1.0,1.0,22.0,1,1716721485.0962954,synthetic_009,train
9.356157,13.347674,0.31421804,0.2,0.4,2.279617,7.3219433,3.0,4.0,1.0,19.464983,1.0,3.0,3.0,192.0,1.0,1.0,1.0,1.0,22.0,1,1716721490.0962954,synthetic_009,train
8.065984,12.943465,0.20227937,0.2,0.2,2.9580123,7.3219433,4.0,4.0,1.0,21.648651,1.0,3.0,3.0,160.0,1.0,1.0,1.0,1.0,19.0,1,1716721495.0962954,synthetic_009,train
8.048431,12.952463,-0.5217747,0.2,0.4,3.006609,7.3219433,4.0,4.0,1.0,23.317377,1.0,3.0,3.0,161.0,1.0,1.0,1.0,1.0,19.0,1,1716721500.0962954,synthetic_009,train
6.9599137,14.589836,-2.246223,0.26666668,0.33333334,3.8746955,7.3219433,5.0,4.0,0.0,14.682562,1.0,3.0,3.0,131.0,1.0,1.0,1.0,1.0,11.0,1,1716721505.0962954,synthetic_009,train
2.129425,1.393779,0.007941541,0.1,0.2,4.8475704,7.3219433,5.0,4.0,0.0,14.5089855,1.0,3.0,3.0,99.0,1.0,1.0,1.0,1.0,11.0,1,1716721510.0962954,synthetic_009,train
1.8562735,1.6467711,-0.39436522,0.6,1.0,4.9139185,7.720032,5.0,4.0,0.0,21.76114,1.0,3.0,3.0,100.0,1.0,1.0,0.0,0.0,11.0,1,1716721515.0962954,synthetic_009,train
3.1962273,5.306986,1.2508849,0.45,0.5,4.1991673,7.720032,4.0,3.0,0.0,22.694164,0.0,3.0,3.0,118.0,1.0,1.0,0.0,0.0,11.0,1,1716721520.0962954,synthetic_009,train
4.4079485,6.578336,0.90136856,0.425,0.6,3.4779546,7.720032,4.0,3.0,0.0,25.289558,0.0,2.0,2.0,155.0,1.0,0.0,0.0,0.0,11.0,1,1716721525.0962954,synthetic_009,train
4.186171,6.702293,0.40650934,0.55,0.6,3.0186212,7.720032,3.0,3.0,0.0,24.652586,0.0,2.0,2.0,156.0,1.0,0.0,0.0,0.0,6.0,1,1716721530.0962954,synthetic_009,train
7.801287,15.905442,1.7613286,0.46666667,1.0,2.7290115,7.720032,3.0,3.0,0.0,22.299095,0.0,2.0,2.0,194.0,1.0,1.0,0.0,0.0,6.0,1,1716721535.0962954,synthetic_009,train
7.801287,15.905442,1.7613286,0.46666667,1.0,2.7290115,7.720032,3.0,3.0,0.0,22.299095,0.0,2.0,2.0,194.0,1.0,1.0,0.0,0.0,6.0,1,1716721540.0962954,synthetic_009,train
8.581416,16.542486,1.8283523,0.6,0.8,2.2299097,6.1541348,2.0,3.0,0.0,19.82929,0.0,2.0,2.0,177.0,1.0,1.0,0.0,0.0,6.0,1,1716721545.0962954,synthetic_009,train
9.1277275,16.857754,1.8395286,0.6,0.6,3.3454123,13.843519,3.0,3.0,0.0,28.490644,0.0,2.0,2.0,179.0,1.0,1.0,0.0,0.0,6.0,1,1716721550.0962954,synthetic_009,train
9.007863,17.520184,1.1194488,0.65,0.8,3.2765849,13.843519,3.0,3.0,0.0,24.543318,1.0,2.0,2.0,162.0,1.0,1.0,0.0,0.0,26.0,1,1716721555.0962954,synthetic_009,train
10.133845,18.378445,0.6340844,0.56666666,0.8,3.4514039,13.843519,3.0,1.0,0.0,18.77496,1.0,2.0,2.0,144.0,1.0,1.0,0.0,0.0,26.0,1,1716721560.0962954,synthetic_009,train
16.58626,19.742983,5.6489143,0.2,0.4,3.9880307,13.843519,3.0,1.0,0.0,8.04154,1.0,2.0,2.0,126.0,0.0,1.0,0.0,0.0,26.0,0,1716721565.0962954,synthetic_009,train
16.58626,19.742983,5.6489143,0.2,0.4,3.9880307,13.843519,3.0,1.0,0.0,8.04154,1.0,2.0,2.0,126.0,0.0,1.0,0.0,0.0,26.0,0,1716721570.0962954,synthetic_009,train
14.512977,19.196087,2.3837545,0.36666667,0.4,5.0137577,13.843519,4.0,3.0,0.0,16.416588,1.0,2.0,2.0,144.0,0.0,1.0,1.0,1.0,26.0,0,1716721575.0962954,synthetic_009,train
15.974011,21.554438,3.138457,0.6,1.0,4.279039,12.193846,3.0,3.0,0.0,20.269382,1.0,2.0,2.0,108.0,0.0,1.0,1.0,1.0,26.0,0,1716721580.0962954,synthetic_009,train
17.392319,23.783508,-5.33132,0.4,0.4,5.443594,12.193846,3.0,3.0,0.0,18.96008,0.0,2.0,2.0,90.0,0.0,1.0,1.0,1.0,4.0,0,1716721585.0962954,synthetic_009,train
14.338247,20.293005,-3.6434546,0.2,0.4,4.9125295,12.193846,4.0,3.0,0.0,26.129814,0.0,2.0,2.0,126.0,1.0,1.0,1.0,1.0,4.0,1,1716721590.0962954,synthetic_009,train
2.2343569,4.5802784,0.27101183,0.8,1.0,4.95647,12.193846,3.0,3.0,0.0,17.544973,0.0,2.0,2.0,108.0,1.0,1.0,1.0,1.0,12.0,1,1716721595.0962954,synthetic_009,train
1.915163,4.265636,-0.07001298,0.8,1.0,4.6625233,12.193846,3.0,3.0,0.0,20.443819,0.0,2.0,2.0,126.0,1.0,1.0,1.0,1.0,12.0,1,1716721600.0962954,synthetic_009,train
1.915163,4.265636,-0.54880375,0.8,1.0,3.6087675,6.186305,3.0,2.0,0.0,19.075066,0.0,2.0,2.0,126.0,1.0,1.0,1.0,0.0,12.0,1,1716721605.0962954,synthetic_009,train
1.4895712,3.78945,-0.4795441,0.8,1.0,3.7833269,7.7035055,4.0,2.0,0.0,24.767677,1.0,2.0,2.0,162.0,1.0,1.0,1.0,1.0,20.0,1,1716721610.0962954,synthetic_009,train
2.1314538,4.109077,-0.1611403,0.7,0.8,3.2341058,7.7035055,3.0,3.0,0.0,18.35382,1.0,2.0,2.0,180.0,1.0,1.0,1.0,1.0,20.0,1,1716721615.0962954,synthetic_009,train
0.7908396,2.5008545,0.23964837,0.9,1.0,3.0935712,7.7035055,3.0,4.0,0.0,14.556885,1.0,1.0,1.0,180.0,1.0,1.0,1.0,1.0,20.0,1,1716721620.0962954,synthetic_009,train
1.3720703,2.8573422,0.42782238,0.75,1.0,3.2721486,7.7035055,3.0,4.0,0.0,17.700329,1.0,1.0,1.0,162.0,0.0,1.0,1.0,1.0,20.0,1,1716721625.0962954,synthetic_009,train
2.7380533,4.5477557,0.619308,0.73333335,1.0,2.9895725,7.7035055,4.0,4.0,0.0,22.964518,1.0,2.0,2.0,198.0,0.0,1.0,1.0,1.0,20.0,1,1716721630.0962954,synthetic_009,train
3.0118587,4.6972117,0.64320713,0.6,0.8,2.8067744,7.7035055,3.0,4.0,0.0,18.327816,1.0,2.0,2.0,180.0,0.0,1.0,1.0,1.0,20.0,1,1716721635.0962954,synthetic_009,train
7.3847604,15.14075,0.92864233,0.4888889,0.6666667,2.218666,6.830435,3.0,4.0,1.0,25.882614,0.0,2.0,2.0,243.0,1.0,1.0,1.0,0.0,17.0,1,1716721640.0962954,synthetic_009,train
7.8880024,15.267795,0.6542371,0.44444445,0.6,2.2842755,6.830435,4.0,4.0,1.0,23.931795,0.0,2.0,2.0,247.0,1.0,1.0,1.0,0.0,17.0,1,1716721645.0962954,synthetic_009,train
8.545336,15.7533865,-0.24297127,0.43333334,0.6,2.373751,6.830435,4.0,4.0,1.0,25.782452,0.0,2.0,2.0,231.0,1.0,1.0,1.0,0.0,23.0,1,1716721650.0962954,synthetic_009,train
7.2831044,14.829039,-0.83148414,0.51666665,0.75,2.233503,6.830435,5.0,4.0,1.0,28.214062,0.0,2.0,2.0,273.0,1.0,1.0,1.0,1.0,23.0,1,1716721655.0962954,synthetic_009,train
6.8009734,14.695589,-1.252205,0.5,0.6,2.1056256,6.830435,4.0,4.0,1.0,22.648323,0.0,1.0,1.0,279.0,1.0,1.0,1.0,1.0,17.0,1,1716721660.0962954,synthetic_009,train
6.0805316,13.826952,-1.0782458,0.6,1.0,2.268784,6.830435,5.0,4.0,1.0,29.470108,0.0,1.0,1.0,319.0,1.0,1.0,1.0,1.0,17.0,1,1716721665.0962954,synthetic_009,train
3.9417338,6.326521,0.14941113,0.5555556,0.6666667,2.419198,5.7834735,5.0,4.0,0.0,26.94965,0.0,1.0,1.0,260.0,0.0,1.0,1.0,1.0,27.0,1,1716721670.0962954,synthetic_009,train
3.2780411,5.648753,0.4073583,0.5,0.6,2.5696082,5.7834735,5.0,4.0,0.0,26.281479,0.0,1.0,1.0,240.0,0.0,1.0,1.0,1.0,27.0,0,1716721675.0962954,synthetic_009,train
3.2780411,5.648753,0.13227792,0.5,0.6,2.3370376,5.7834735,4.0,4.0,0.0,24.93538,0.0,1.0,1.0,240.0,0.0,1.0,1.0,1.0,27.0,0,1716721680.0962954,synthetic_009,train
58.364147,109.3612,9.441546,0.32,0.6,1.512745,5.7834735,4.0,3.0,0.0,28.141186,1.0,2.0,2.0,420.0,0.0,1.0,1.0,1.0,0.0,0,1716721685.0962954,synthetic_009,train
74.81952,111.448296,3.4250805,0.23333333,0.8,1.1053604,5.7834735,4.0,3.0,0.0,15.400814,1.0,2.0,2.0,590.0,0.0,0.0,1.0,1.0,0.0,0,1716721690.0962954,synthetic_009,train
77.13049,109.59121,1.5654023,0.23333333,0.6,0.88862276,4.7160673,3.0,3.0,0.0,13.026881,1.0,2.0,2.0,615.0,0.0,0.0,1.0,1.0,0.0,0,1716721695.0962954,synthetic_009,train
74.33071,81.86052,-0.90365076,0.074074075,0.22222222,0.4828953,3.4250596,1.0,0.0,0.0,25.955973,0.0,0.0,0.0,110.0,1.0,1.0,0.0,0.0,0.0,0,1716720030.1203737,synthetic_010,train
65.11067,67.48286,-0.32389316,0.13605443,0.6666667,0.48992553,3.4250596,1.0,0.0,0.0,20.95374,0.0,0.0,0.0,110.0,1.0,1.0,0.0,0.0,0.0,0,1716720035.1203737,synthetic_010,train
57.731102,65.57632,-0.25705877,0.14285715,0.6,0.91869605,11.55884,2.0,0.0,0.0,27.831247,0.0,0.0,0.0,93.0,1.0,1.0,0.0,0.0,0.0,1,1716720040.1203737,synthetic_010,train
62.191814,77.745445,-7.3103743,0.36,1.0,1.3054905,11.55884,2.0,2.0,0.0,27.260838,0.0,1.0,1.0,63.0,1.0,1.0,1.0,0.0,0.0,1,1716720045.1203737,synthetic_010,train
3.3033874,5.3236165,0.012074033,0.55,0.6,3.3849256,11.55884,3.0,2.0,0.0,24.831942,1.0,1.0,1.0,27.0,1.0,1.0,1.0,1.0,26.0,1,1716720050.1203737,synthetic_010,train
4.2327566,5.014305,-0.5095553,0.325,0.4,3.40956,11.55884,3.0,2.0,0.0,19.106148,1.0,1.0,1.0,28.0,0.0,1.0,1.0,1.0,16.0,1,1716720055.1203737,synthetic_010,train
3.574911,5.1516814,-0.6510846,0.45,0.5,3.306491,11.55884,3.0,2.0,0.0,10.110876,1.0,1.0,1.0,29.0,0.0,0.0,1.0,1.0,26.0,1,1716720060.1203737,synthetic_010,train
3.1671119,4.7339096,-0.550756,0.6,1.0,3.4166453,11.55884,5.0,2.0,0.0,14.19505,1.0,1.0,1.0,37.0,0.0,1.0,1.0,1.0,26.0,1,1716720065.1203737,synthetic_010,train
5.9009895,14.010937,1.3259813,0.44444445,0.6,2.3131452,5.123578,4.0,3.0,0.0,15.02553,2.0,1.0,1.0,50.0,0.0,1.0,1.0,1.0,24.0,1,1716720070.1203737,synthetic_010,train
5.4625077,13.5534115,0.55292,0.5,0.6,2.1836429,5.123578,4.0,3.0,0.0,12.723711,2.0,1.0,1.0,59.0,1.0,1.0,1.0,1.0,24.0,1,1716720075.1203737,synthetic_010,train
5.295214,13.60923,-0.031881113,0.5833333,0.75,2.2419078,4.504453,5.0,3.0,1.0,16.640015,1.0,2.0,2.0,63.0,1.0,1.0,1.0,1.0,13.0,1,1716720080.1203737,synthetic_010,train
5.480723,14.778305,-0.1519145,0.73333335,1.0,2.1009622,4.504453,4.0,3.0,1.0,16.0749,1.0,2.0,2.0,56.0,1.0,1.0,1.0,1.0,13.0,1,1716720085.1203737,synthetic_010,train
4.6977625,13.738983,-0.67367524,0.73333335,1.0,2.3720345,5.4536643,5.0,3.0,1.0,22.553167,1.0,2.0,2.0,67.0,1.0,1.0,1.0,1.0,13.0,1,1716720090.1203737,synthetic_010,train
4.5074744,13.787681,-1.1523262,0.8,1.0,2.0965488,5.4536643,4.0,3.0,1.0,25.281378,1.0,2.0,2.0,69.0,1.0,0.0,1.0,1.0,24.0,1,1716720095.1203737,synthetic_010,train
6.1292944,17.168978,2.2384157,0.7111111,1.0,2.421959,5.770623,5.0,3.0,0.0,29.508253,0.0,2.0,2.0,65.0,1.0,1.0,1.0,1.0,13.0,0,1716720100.1203737,synthetic_010,train
40.23811,71.14413,6.267607,0.4,1.0,1.4149013,5.770623,5.0,2.0,0.0,27.468796,0.0,2.0,2.0,110.0,1.0,1.0,1.0,1.0,0.0,0,1716720105.1203737,synthetic_010,train
40.388813,71.05829,4.303767,0.42,1.0,1.3549342,5.770623,4.0,2.0,0.0,24.354889,0.0,2.0,2.0,110.0,1.0,1.0,1.0,1.0,0.0,0,1716720110.1203737,synthetic_010,train
40.388813,71.05829,4.303767,0.42,1.0,1.3549342,5.770623,4.0,2.0,0.0,24.354889,0.0,2.0,2.0,110.0,1.0,1.0,1.0,1.0,0.0,0,1716720115.1203737,synthetic_010,train
43.198456,71.77009,2.303758,0.24,0.6,1.3302518,6.507289,4.0,3.0,0.0,24.04241,0.0,2.0,2.0,105.0,0.0,1.0,1.0,1.0,0.0,0,1716720120.1203737,synthetic_010,train
43.315216,71.69826,-0.02386198,0.36,1.0,1.4950849,6.507289,4.0,3.0,1.0,25.62616,0.0,3.0,3.0,105.0,0.0,1.0,1.0,1.0,0.0,1,1716720125.1203737,synthetic_010,train
46.402237,76.488594,-1.3701218,0.23333333,0.33333334,1.3590559,6.507289,3.0,3.0,1.0,23.365696,0.0,3.0,3.0,90.0,0.0,1.0,1.0,1.0,0.0,1,1716720130.1203737,synthetic_010,train
6.970875,9.351333,1.0684432,0.53333336,1.0,2.738094,6.507289,4.0,3.0,1.0,26.499622,0.0,3.0,3.0,61.0,0.0,1.0,1.0,1.0,4.0,1,1716720135.1203737,synthetic_010,train
8.151574,9.999828,1.0123644,0.325,0.4,2.7175872,6.507289,3.0,3.0,1.0,17.950996,0.0,3.0,3.0,51.0,0.0,1.0,1.0,1.0,4.0,1,1716720140.1203737,synthetic_010,train
7.4550242,9.681821,0.35632867,0.3,0.4,3.457569,10.117403,4.0,3.0,1.0,28.068398,0.0,3.0,3.0,58.0,0.0,1.0,1.0,1.0,4.0,1,1716720145.1203737,synthetic_010,train
6.2096257,8.835785,0.10213191,0.26666668,0.4,2.943382,10.117403,4.0,4.0,0.0,27.483194,0.0,3.0,3.0,72.0,1.0,1.0,0.0,0.0,2.0,1,1716720150.1203737,synthetic_010,train
7.0383143,8.969009,-0.66551375,0.3,0.4,2.759728,10.117403,3.0,4.0,0.0,21.572159,0.0,3.0,3.0,71.0,1.0,1.0,0.0,0.0,2.0,1,1716720155.1203737,synthetic_010,train
6.1110945,8.420341,-0.76267886,0.36666667,0.5,2.9575582,10.117403,5.0,4.0,0.0,29.465576,0.0,3.0,3.0,89.0,1.0,1.0,0.0,0.0,9.0,1,1716720160.1203737,synthetic_010,train
3.0049417,3.0953338,0.095056094,0.35,0.5,3.6692367,10.117403,4.0,4.0,0.0,15.567254,0.0,2.0,2.0,58.0,1.0,1.0,0.0,0.0,2.0,1,1716720165.1203737,synthetic_010,train
2.703349,2.8675349,-0.086513594,0.35,0.5,3.90859,10.117403,6.0,4.0,0.0,25.059908,0.0,2.0,2.0,76.0,1.0,1.0,0.0,0.0,9.0,1,1716720170.1203737,synthetic_010,train
2.9704728,2.8201113,-0.15383051,0.325,0.4,3.1558168,5.8513813,6.0,4.0,0.0,25.050121,0.0,2.0,2.0,78.0,1.0,1.0,0.0,0.0,9.0,1,1716720175.1203737,synthetic_010,train
2.8839095,2.1569858,0.35485923,0.2,0.4,3.802775,5.8513813,6.0,3.0,0.0,20.829561,1.0,2.0,2.0,72.0,1.0,0.0,0.0,0.0,9.0,0,1716720180.1203737,synthetic_010,train
2.425704,2.1346169,0.21352103,0.325,0.4,3.5844672,5.8513813,7.0,3.0,0.0,15.796999,1.0,2.0,2.0,81.0,1.0,0.0,0.0,0.0,9.0,0,1716720185.1203737,synthetic_010,train
33.99943,92.00814,16.847775,0.2,0.2,2.824258,5.8513813,6.0,1.0,0.0,15.673839,1.0,2.0,2.0,90.0,1.0,1.0,0.0,0.0,16.0,0,1716720190.1203737,synthetic_010,train
33.99943,92.00814,16.847775,0.2,0.2,2.824258,5.8513813,6.0,1.0,0.0,15.673839,1.0,2.0,2.0,90.0,1.0,1.0,0.0,0.0,16.0,0,1716720195.1203737,synthetic_010,train
64.64879,117.762245,8.157768,0.23333333,0.5,2.0826862,7.215183,5.0,4.0,1.0,18.439404,2.0,3.0,3.0,128.0,1.0,1.0,1.0,0.0,0.0,0,1716720200.1203737,synthetic_010,train
69.345604,121.19831,7.848803,0.2888889,0.6666667,1.9857819,7.215183,4.0,4.0,1.0,15.885422,1.0,3.0,3.0,119.0,0.0,1.0,1.0,0.0,0.0,0,1716720205.1203737,synthetic_010,train
81.162415,128.94809,5.2868257,0.2,0.4,1.7064483,7.215183,3.0,4.0,1.0,10.998354,1.0,3.0,3.0,101.0,0.0,1.0,1.0,0.0,0.0,0,1716720210.1203737,synthetic_010,train
80.93833,129.099,-10.706359,0.46666667,1.0,2.7587621,14.555639,3.0,4.0,0.0,14.754953,1.0,3.0,3.0,103.0,0.0,1.0,1.0,0.0,13.0,0,1716720215.1203737,synthetic_010,train
57.795536,114.35486,-19.063833,0.3,0.4,3.1961584,14.555639,2.0,4.0,1.0,17.322481,1.0,3.0,3.0,96.0,1.0,1.0,1.0,1.0,0.0,0,1716720220.1203737,synthetic_010,train
48.667866,105.619606,-14.849342,0.36666667,0.5,2.8616333,14.555639,2.0,4.0,1.0,20.343313,1.0,3.0,3.0,116.0,1.0,1.0,1.0,1.0,4.0,0,1716720225.1203737,synthetic_010,train
2.2328703,2.6065776,-0.024378052,0.6,1.0,4.3435173,14.555639,2.0,4.0,1.0,15.848982,0.0,3.0,3.0,70.0,1.0,1.0,1.0,1.0,4.0,0,1716720230.1203737,synthetic_010,train
1.7366769,2.462748,-0.27187797,0.6,1.0,3.9695313,14.555639,3.0,4.0,1.0,21.170143,0.0,4.0,4.0,90.0,1.0,1.0,1.0,1.0,4.0,0,1716720235.1203737,synthetic_010,train
5.5385876,11.783579,0.89433074,0.48333332,1.0,2.9341958,14.555639,3.0,4.0,1.0,26.5231,0.0,4.0,4.0,140.0,1.0,1.0,1.0,1.0,13.0,0,1716720240.1203737,synthetic_010,train
6.680098,12.097817,0.84889084,0.4,0.8,2.0154583,6.4727025,2.0,4.0,1.0,23.389578,0.0,4.0,4.0,130.0,1.0,1.0,1.0,1.0,8.0,0,1716720245.1203737,synthetic_010,train
6.507888,12.756066,0.59690654,0.56666666,0.8,2.2190838,6.4727025,3.0,4.0,1.0,24.648495,0.0,4.0,4.0,120.0,1.0,1.0,1.0,1.0,13.0,0,1716720250.1203737,synthetic_010,train
7.203561,13.914404,0.5654155,0.6,0.8,2.425099,6.4727025,3.0,4.0,1.0,17.778286,0.0,4.0,4.0,100.0,0.0,1.0,1.0,1.0,8.0,0,1716720255.1203737,synthetic_010,train
6.1900167,12.29912,-0.55528414,0.5555556,0.8,2.3825438,8.837145,3.0,4.0,1.0,27.397198,0.0,4.0,4.0,130.0,1.0,1.0,1.0,1.0,22.0,0,1716720260.1203737,synthetic_010,train
6.705851,12.698285,-1.5508184,0.6,1.0,2.2667348,8.837145,2.0,4.0,1.0,25.951033,0.0,2.0,2.0,120.0,1.0,1.0,1.0,1.0,22.0,0,1716720265.1203737,synthetic_010,train
2.6514404,4.188037,-1.1333688,0.7,1.0,3.1211228,8.837145,2.0,4.0,0.0,20.662731,0.0,1.0,1.0,70.0,1.0,0.0,0.0,0.0,22.0,0,1716720270.1203737,synthetic_010,train
1.7203395,2.844439,0.11044201,0.6333333,0.6666667,4.2733808,11.27211,3.0,4.0,1.0,28.26801,0.0,1.0,1.0,80.0,1.0,0.0,1.0,1.0,22.0,1,1716720275.1203737,synthetic_010,train
6.923564,9.110524,1.9576426,0.4,0.6,3.0457733,11.27211,2.0,4.0,0.0,21.620588,0.0,1.0,1.0,100.0,1.0,0.0,1.0,1.0,22.0,1,1716720280.1203737,synthetic_010,train
6.294149,8.891528,1.1535245,0.6,1.0,3.169884,11.27211,3.0,4.0,1.0,26.03158,0.0,2.0,2.0,110.0,1.0,0.0,1.0,1.0,22.0,1,1716720285.1203737,synthetic_010,train
7.6001287,10.08785,0.23765369,0.53333336,0.6666667,3.7633238,11.27211,3.0,4.0,0.0,28.557684,0.0,2.0,2.0,80.0,1.0,0.0,1.0,1.0,9.0,1,1716720290.1203737,synthetic_010,train
9.237298,9.246696,-0.11327813,0.35,0.5,3.4421782,11.27211,3.0,3.0,1.0,19.707493,0.0,3.0,3.0,90.0,1.0,1.0,1.0,1.0,9.0,1,1716720295.1203737,synthetic_010,train
8.560203,8.97696,-0.45170906,0.3,0.4,3.5845113,11.27211,4.0,3.0,1.0,24.573002,0.0,3.0,3.0,100.0,1.0,1.0,1.0,1.0,9.0,1,1716720300.1203737,synthetic_010,train
23.430174,55.6239,3.0820246,0.46666667,1.0,2.3812315,8.432651,4.0,4.0,1.0,28.127888,0.0,3.0,3.0,120.0,1.0,1.0,1.0,1.0,4.0,1,1716720305.1203737,synthetic_010,train
25.076574,65.01568,6.026446,0.45,0.5,2.9316728,8.432651,4.0,4.0,1.0,21.974062,0.0,3.0,3.0,90.0,1.0,1.0,1.0,1.0,4.0,1,1716720310.1203737,synthetic_010,train
25.076574,65.01568,2.2649596,0.475,0.75,3.7234366,11.536868,4.0,4.0,1.0,25.07828,0.0,3.0,3.0,90.0,1.0,1.0,1.0,1.0,4.0,1,1716720315.1203737,synthetic_010,train
24.900885,58.32128,-1.3905727,0.2,0.6,2.6670196,11.536868,3.0,4.0,1.0,28.532665,0.0,3.0,3.0,110.0,1.0,1.0,1.0,1.0,4.0,1,1716720320.1203737,synthetic_010,train
23.22549,58.854393,-4.839389,0.26666668,0.4,2.8007462,11.536868,4.0,4.0,0.0,25.9427,0.0,2.0,2.0,110.0,1.0,1.0,1.0,1.0,4.0,1,1716720325.1203737,synthetic_010,train
21.355175,56.491352,-6.1881537,0.43333334,0.6,2.4737191,11.536868,4.0,4.0,1.0,25.60265,0.0,2.0,2.0,120.0,1.0,1.0,1.0,1.0,12.0,1,1716720330.1203737,synthetic_010,train
6.1526566,11.421484,-1.9400705,0.45,0.5,3.3275316,11.536868,4.0,4.0,0.0,18.410915,0.0,2.0,2.0,90.0,0.0,1.0,1.0,1.0,0.0,0,1716720335.1203737,synthetic_010,train
5.374312,10.395179,-1.4254915,0.6,1.0,3.1331675,11.536868,5.0,4.0,1.0,22.927973,0.0,2.0,2.0,110.0,0.0,1.0,1.0,1.0,0.0,0,1716720340.1203737,synthetic_010,train
6.024334,10.388725,-0.8782718,0.4888889,0.6666667,2.288938,6.5171366,5.0,4.0,1.0,29.420746,0.0,2.0,2.0,130.0,0.0,1.0,1.0,1.0,0.0,0,1716720345.1203737,synthetic_010,train
3.8916168,5.7977605,0.84628457,0.4,0.6,2.3751974,6.5171366,5.0,4.0,1.0,27.682188,0.0,1.0,1.0,120.0,1.0,1.0,1.0,1.0,25.0,0,1716720350.1203737,synthetic_010,train
13.601008,29.47422,4.4355025,0.33333334,0.6,2.2542145,6.5171366,5.0,4.0,1.0,25.610239,0.0,2.0,2.0,130.0,1.0,1.0,1.0,1.0,25.0,0,1716720355.1203737,synthetic_010,train
12.397506,28.645403,1.726756,0.51666665,0.8,2.3623834,6.5171366,6.0,4.0,1.0,26.55623,0.0,2.0,2.0,140.0,1.0,1.0,1.0,1.0,24.0,0,1716720360.1203737,synthetic_010,train
18.962915,35.356094,2.414488,0.35,0.8,1.7385085,5.3285875,5.0,4.0,1.0,26.349104,0.0,2.0,2.0,170.0,1.0,1.0,0.0,0.0,24.0,0,1716720365.1203737,synthetic_010,train
20.091896,36.193047,1.6425072,0.3,0.4,1.8285345,5.3285875,5.0,4.0,1.0,23.927965,0.0,2.0,2.0,160.0,1.0,1.0,1.0,1.0,24.0,0,1716720370.1203737,synthetic_010,train
21.808193,38.32081,0.34850496,0.26666668,0.8,1.8836752,4.2189655,5.0,4.0,0.0,24.576021,0.0,2.0,2.0,140.0,1.0,1.0,1.0,1.0,0.0,0,1716720375.1203737,synthetic_010,train
19.68212,37.62535,-1.8119428,0.33333334,0.4,2.1459866,6.0635743,6.0,4.0,1.0,28.137491,0.0,2.0,2.0,150.0,1.0,1.0,1.0,1.0,0.0,0,1716720380.1203737,synthetic_010,train
10.252543,27.065802,-0.98362285,0.6,1.0,1.9019616,6.0635743,5.0,4.0,1.0,28.851597,0.0,3.0,3.0,170.0,1.0,1.0,1.0,1.0,0.0,0,1716720385.1203737,synthetic_010,train
18.01493,37.18688,0.0442562,0.3,0.8,1.8588794,6.0635743,4.0,4.0,1.0,28.41912,0.0,3.0,3.0,161.0,1.0,1.0,1.0,1.0,0.0,0,1716720390.1203737,synthetic_010,train
10.725723,30.475605,2.7490683,0.44444445,0.8,2.429775,6.0635743,5.0,4.0,0.0,27.368109,0.0,3.0,3.0,132.0,1.0,1.0,1.0,1.0,15.0,0,1716720395.1203737,synthetic_010,train
9.970666,29.417147,1.4461837,0.5,0.8,2.2729654,6.0635743,5.0,4.0,1.0,27.878395,0.0,4.0,4.0,144.0,1.0,1.0,0.0,0.0,15.0,0,1716720400.1203737,synthetic_010,train
27.870293,77.567245,6.142981,0.35,0.6,2.0772824,6.0635743,5.0,4.0,1.0,27.172945,0.0,4.0,4.0,167.0,1.0,1.0,1.0,1.0,22.0,1,1716720405.1203737,synthetic_010,train
29.985273,79.85458,3.9539053,0.46666667,0.8,1.8139051,4.8434167,4.0,4.0,1.0,26.291178,0.0,4.0,4.0,159.0,1.0,1.0,1.0,1.0,22.0,1,1716720410.1203737,synthetic_010,train
39.865314,92.25609,-0.93036467,0.2,0.4,2.6330671,6.5940404,5.0,4.0,1.0,24.152174,0.0,4.0,4.0,120.0,1.0,1.0,1.0,1.0,22.0,1,1716720415.1203737,synthetic_010,train
36.06365,99.03318,0.52272713,0.325,0.4,2.6716115,6.5940404,4.0,4.0,1.0,19.201088,0.0,4.0,4.0,99.0,1.0,1.0,1.0,1.0,22.0,1,1716720420.1203737,synthetic_010,train
34.669086,93.43721,-4.3326254,0.2,0.2,2.7906017,8.123559,4.0,4.0,1.0,23.90498,0.0,4.0,4.0,110.0,1.0,1.0,1.0,1.0,22.0,1,1716720425.1203737,synthetic_010,train
34.735863,93.4123,-12.345383,0.2,0.2,2.774857,8.123559,4.0,4.0,0.0,24.514986,0.0,4.0,4.0,110.0,1.0,1.0,1.0,1.0,22.0,1,1716720430.1203737,synthetic_010,train
6.0884423,9.376899,0.62286896,0.26666668,0.6,2.7152126,8.123559,4.0,4.0,0.0,28.228434,0.0,1.0,1.0,121.0,0.0,1.0,1.0,1.0,9.0,1,1716720435.1203737,synthetic_010,train
6.0214195,9.3457775,0.40918493,0.26666668,0.6,2.9290028,8.123559,5.0,2.0,0.0,25.62499,0.0,1.0,1.0,121.0,0.0,1.0,1.0,1.0,6.0,1,1716720440.1203737,synthetic_010,train
5.855981,9.443192,-0.09369384,0.6,1.0,2.806582,8.123559,5.0,2.0,0.0,22.748844,0.0,1.0,1.0,121.0,0.0,1.0,1.0,1.0,22.0,1,1716720445.1203737,synthetic_010,train
6.565616,8.664888,0.16272143,0.35,0.6,2.5591354,8.123559,5.0,4.0,0.0,27.704336,0.0,2.0,2.0,154.0,1.0,1.0,1.0,1.0,22.0,1,1716720450.1203737,synthetic_010,train
6.478241,8.233959,0.7799122,0.33333334,0.6,2.150411,6.1084776,4.0,4.0,0.0,22.784195,1.0,2.0,2.0,143.0,1.0,1.0,1.0,1.0,22.0,1,1716720455.1203737,synthetic_010,train
7.775385,11.150497,0.36677966,0.46666667,0.6,2.0987701,6.1084776,4.0,4.0,0.0,16.915384,1.0,2.0,2.0,165.0,1.0,1.0,1.0,1.0,22.0,1,1716720460.1203737,synthetic_010,train
7.011322,10.353659,-0.11430794,0.4888889,0.6666667,2.2747536,5.2474117,4.0,4.0,0.0,13.822131,1.0,2.0,2.0,143.0,1.0,1.0,1.0,1.0,22.0,1,1716720465.1203737,synthetic_010,train
7.4099345,11.084105,-0.49203435,0.6,1.0,2.220417,5.2474117,3.0,4.0,0.0,12.203658,1.0,2.0,2.0,121.0,1.0,1.0,0.0,0.0,22.0,1,1716720470.1203737,synthetic_010,train
7.6746755,10.159027,-0.67796224,0.26666668,0.6,2.2910697,6.782334,3.0,4.0,1.0,22.300358,1.0,2.0,2.0,143.0,1.0,1.0,0.0,0.0,22.0,1,1716720475.1203737,synthetic_010,train
6.0223284,10.695654,-1.113485,0.6,1.0,2.5354002,6.782334,4.0,3.0,1.0,29.592426,0.0,2.0,2.0,132.0,1.0,1.0,0.0,0.0,22.0,1,1716720480.1203737,synthetic_010,train
4.8713,9.861176,-0.4215679,0.6,0.8,2.2243812,6.782334,4.0,3.0,1.0,28.496166,0.0,3.0,3.0,165.0,1.0,1.0,0.0,0.0,22.0,1,1716720485.1203737,synthetic_010,train
3.3445084,5.1451273,0.16273436,0.4,1.0,2.4465733,6.782334,4.0,3.0,1.0,25.939379,0.0,3.0,3.0,132.0,1.0,1.0,0.0,0.0,10.0,1,1716720490.1203737,synthetic_010,train
3.6624818,5.5674825,0.07208798,0.5,0.6,2.3791745,6.782334,3.0,3.0,1.0,17.00941,0.0,3.0,3.0,110.0,1.0,1.0,0.0,0.0,10.0,1,1716720495.1203737,synthetic_010,train
3.1844106,5.169367,-0.16455291,0.5,0.6,2.7955716,7.556155,4.0,3.0,1.0,26.764524,0.0,3.0,3.0,132.0,1.0,1.0,0.0,0.0,10.0,1,1716720500.1203737,synthetic_010,train
2.5867777,4.575102,0.41601035,0.4,1.0,2.6411343,7.556155,4.0,4.0,0.0,23.69992,0.0,3.0,3.0,123.0,1.0,1.0,0.0,0.0,1.0,0,1716720505.1203737,synthetic_010,train
4.0714965,4.949687,0.58815175,0.26666668,0.6,2.423706,7.556155,3.0,4.0,0.0,25.106142,0.0,3.0,3.0,125.0,1.0,1.0,0.0,0.0,1.0,0,1716720510.1203737,synthetic_010,train
10.35021,24.74094,2.8545032,0.53333336,1.0,2.7369244,7.556155,4.0,4.0,0.0,26.290836,0.0,3.0,3.0,129.0,1.0,1.0,1.0,0.0,1.0,0,1716720515.1203737,synthetic_010,train
9.481354,23.779882,1.2625245,0.43333334,0.6,2.614875,7.556155,4.0,4.0,1.0,23.822346,0.0,3.0,3.0,142.0,1.0,1.0,1.0,0.0,1.0,0,1716720520.1203737,synthetic_010,train
8.189809,21.339518,0.19725384,0.46666667,0.6,2.465344,7.556155,5.0,4.0,1.0,29.424004,0.0,4.0,4.0,178.0,1.0,1.0,1.0,0.0,16.0,0,1716720525.1203737,synthetic_010,train
8.697643,20.798985,-0.30154493,0.4,0.8,2.0064263,4.008521,4.0,4.0,1.0,28.201555,0.0,4.0,4.0,192.0,1.0,1.0,1.0,1.0,16.0,0,1716720530.1203737,synthetic_010,train
8.166197,20.96576,-0.89852154,0.7,1.0,1.9422643,5.08332,4.0,4.0,1.0,29.012558,0.0,4.0,4.0,192.0,1.0,1.0,1.0,1.0,9.0,0,1716720535.1203737,synthetic_010,train
8.166232,22.50195,-1.353197,0.71666664,0.8,1.990825,5.08332,4.0,4.0,1.0,23.86303,0.0,4.0,4.0,168.0,1.0,1.0,1.0,1.0,9.0,0,1716720540.1203737,synthetic_010,train
3.201631,5.7158804,0.19136494,0.6333333,0.8,2.3844032,6.527365,4.0,4.0,1.0,27.435062,0.0,4.0,4.0,144.0,1.0,1.0,1.0,1.0,9.0,0,1716720545.1203737,synthetic_010,train
3.2136755,5.994706,-0.1077211,0.8,1.0,2.8049924,7.329742,4.0,4.0,1.0,29.532003,0.0,4.0,4.0,132.0,1.0,1.0,1.0,1.0,9.0,1,1716720550.1203737,synthetic_010,train
4.5533895,8.540671,0.6700475,0.53333336,0.8,2.5415046,7.329742,3.0,4.0,0.0,26.675657,0.0,2.0,2.0,132.0,1.0,1.0,1.0,1.0,9.0,1,1716720555.1203737,synthetic_010,train
3.876413,7.976854,1.2310286,0.65,0.8,3.0574615,7.329742,4.0,4.0,0.0,22.433832,0.0,2.0,2.0,108.0,1.0,1.0,0.0,0.0,15.0,1,1716720560.1203737,synthetic_010,train
4.293904,7.8458624,0.25597557,0.525,0.8,3.1274981,7.329742,4.0,4.0,0.0,21.620117,0.0,2.0,2.0,108.0,1.0,1.0,1.0,1.0,24.0,1,1716720565.1203737,synthetic_010,train
3.9174826,7.1369667,-0.04998089,0.6666667,1.0,3.0914922,7.329742,5.0,4.0,0.0,27.47905,0.0,2.0,2.0,132.0,1.0,1.0,1.0,1.0,24.0,1,1716720570.1203737,synthetic_010,train
3.7951121,7.2606344,-0.11525944,0.5,0.6,2.9755754,7.329742,5.0,2.0,0.0,22.426014,0.0,2.0,2.0,120.0,1.0,1.0,1.0,1.0,24.0,1,1716720575.1203737,synthetic_010,train
3.7951121,7.2606344,-0.57527304,0.5,0.6,2.9447317,7.021303,5.0,2.0,0.0,25.104153,1.0,2.0,2.0,120.0,1.0,1.0,1.0,1.0,24.0,1,1716720580.1203737,synthetic_010,train
16.244213,43.467236,8.4153185,0.45,0.5,3.326102,7.021303,6.0,1.0,0.0,16.997694,1.0,2.0,2.0,108.0,0.0,1.0,1.0,1.0,24.0,1,1716720585.1203737,synthetic_010,train
14.349423,41.397404,3.6423335,0.6,0.8,3.129077,7.021303,6.0,1.0,0.0,19.667961,2.0,2.0,2.0,120.0,1.0,1.0,1.0,1.0,1.0,1,1716720590.1203737,synthetic_010,train
14.9323635,37.286457,0.4263145,0.33333334,0.6,2.676883,7.021303,5.0,1.0,0.0,22.06819,2.0,1.0,1.0,144.0,1.0,1.0,1.0,1.0,1.0,1,1716720595.1203737,synthetic_010,train
16.415648,38.754093,-1.3412244,0.26666668,0.6,2.5746958,7.021303,4.0,1.0,0.0,17.899878,2.0,1.0,1.0,132.0,1.0,0.0,1.0,1.0,1.0,1,1716720600.1203737,synthetic_010,train
17.733704,40.58968,-2.667003,0.4,0.8,2.4612331,7.021303,3.0,1.0,0.0,12.31372,1.0,1.0,1.0,120.0,1.0,0.0,1.0,1.0,1.0,1,1716720605.1203737,synthetic_010,train
19.704115,42.541553,-5.1449375,0.3,0.6,1.9545587,4.093659,2.0,1.0,0.0,11.270782,1.0,1.0,1.0,108.0,1.0,0.0,1.0,1.0,1.0,1,1716720610.1203737,synthetic_010,train
5.128021,6.105557,-0.008140342,0.325,0.4,3.270393,13.797693,2.0,1.0,0.0,25.339876,0.0,1.0,1.0,108.0,1.0,0.0,1.0,1.0,24.0,1,1716720615.1203737,synthetic_010,train
11.038115,14.708058,1.1835331,0.13333334,0.4,2.6698806,13.797693,2.0,1.0,0.0,26.852798,0.0,1.0,1.0,132.0,1.0,1.0,1.0,1.0,24.0,1,1716720620.1203737,synthetic_010,train
8.411711,15.987581,-0.22073717,0.4,0.6,2.9278607,13.797693,3.0,1.0,0.0,27.22062,0.0,1.0,1.0,120.0,1.0,1.0,0.0,0.0,17.0,1,1716720625.1203737,synthetic_010,train
16.026632,25.44325,2.7768016,0.35,0.4,2.3535233,13.797693,4.0,2.0,0.0,19.151632,0.0,1.0,1.0,168.0,1.0,1.0,0.0,0.0,11.0,1,1716720630.1203737,synthetic_010,train
16.026632,25.44325,2.7768016,0.35,0.4,2.3535233,13.797693,4.0,2.0,0.0,19.151632,0.0,1.0,1.0,168.0,1.0,1.0,0.0,0.0,11.0,1,1716720635.1203737,synthetic_010,train
16.026632,25.44325,2.7768016,0.35,0.4,2.3535233,13.797693,4.0,2.0,0.0,19.151632,0.0,1.0,1.0,168.0,1.0,1.0,0.0,0.0,11.0,1,1716720640.1203737,synthetic_010,train
16.044893,25.431625,0.86399394,0.35,0.6,2.3296018,10.663302,5.0,3.0,1.0,28.47408,0.0,1.0,1.0,168.0,1.0,1.0,0.0,0.0,11.0,1,1716720645.1203737,synthetic_010,train
13.98885,26.289404,1.9670095,0.26666668,0.6,2.685665,10.663302,4.0,3.0,1.0,23.959341,0.0,1.0,1.0,132.0,1.0,1.0,0.0,0.0,8.0,1,1716720650.1203737,synthetic_010,train
19.07417,27.337702,0.2466264,0.2,0.2,2.7400198,10.663302,4.0,4.0,1.0,24.125523,0.0,1.0,1.0,120.0,1.0,1.0,0.0,0.0,8.0,1,1716720655.1203737,synthetic_010,train
12.390385,18.360529,5.512199,0.35,0.5,4.271437,10.663302,4.0,4.0,0.0,19.236757,0.0,1.0,1.0,84.0,1.0,1.0,1.0,0.0,8.0,0,1716720660.1203737,synthetic_010,train
12.416719,16.99871,3.6923554,0.26666668,0.33333334,3.856545,10.663302,4.0,4.0,0.0,20.189058,0.0,1.0,1.0,96.0,1.0,1.0,1.0,0.0,8.0,0,1716720665.1203737,synthetic_010,train
12.416719,16.99871,3.6923554,0.26666668,0.33333334,3.856545,10.663302,4.0,4.0,0.0,20.189058,0.0,1.0,1.0,96.0,1.0,1.0,1.0,0.0,8.0,0,1716720670.1203737,synthetic_010,train
14.029772,17.687023,0.41803834,0.35,0.5,3.843166,10.748305,3.0,4.0,0.0,24.244892,0.0,1.0,1.0,84.0,1.0,1.0,1.0,0.0,4.0,0,1716720675.1203737,synthetic_010,train
12.926643,16.052528,-1.4828105,0.35,0.5,3.6100605,10.748305,4.0,4.0,0.0,28.508156,0.0,2.0,2.0,108.0,1.0,1.0,1.0,0.0,16.0,0,1716720680.1203737,synthetic_010,train
38.863644,84.78826,8.156289,0.43333334,0.6,2.7559326,10.748305,3.0,4.0,0.0,25.127808,0.0,2.0,2.0,144.0,1.0,1.0,1.0,0.0,23.0,0,1716720685.1203737,synthetic_010,train
42.428604,92.755196,11.289853,0.4,0.4,2.4842622,10.748305,2.0,4.0,0.0,23.89032,0.0,2.0,2.0,120.0,1.0,1.0,0.0,0.0,23.0,0,1716720690.1203737,synthetic_010,train
45.742775,97.751724,13.03792,0.425,0.6,2.65448,10.748305,2.0,4.0,0.0,13.142015,0.0,2.0,2.0,108.0,1.0,1.0,0.0,0.0,23.0,0,1716720695.1203737,synthetic_010,train
41.168495,93.28949,6.987063,0.5,0.6,3.7345443,13.455122,3.0,4.0,0.0,26.597137,0.0,2.0,2.0,120.0,1.0,1.0,0.0,0.0,23.0,0,1716720700.1203737,synthetic_010,train
38.392612,85.275215,0.15879673,0.5,0.6,2.5097046,13.455122,3.0,4.0,0.0,24.857576,0.0,2.0,2.0,144.0,1.0,1.0,0.0,0.0,23.0,0,1716720705.1203737,synthetic_010,train
55.410927,100.331,-1.235406,0.5,0.6,2.3721433,13.455122,3.0,4.0,1.0,26.55227,0.0,2.0,2.0,146.0,1.0,1.0,0.0,0.0,23.0,0,1716720710.1203737,synthetic_010,train
34.48668,78.4814,7.452752,0.6333333,0.6666667,3.248022,13.455122,3.0,4.0,0.0,12.529055,0.0,2.0,2.0,99.0,1.0,1.0,0.0,0.0,19.0,0,1716720715.1203737,synthetic_010,train
34.48668,78.4814,7.452752,0.6333333,0.6666667,3.248022,13.455122,3.0,4.0,0.0,12.529055,0.0,2.0,2.0,99.0,1.0,1.0,0.0,0.0,19.0,0,1716720720.1203737,synthetic_010,train
27.589344,70.725006,0.4499654,0.7,0.8,3.868876,13.455122,4.0,4.0,1.0,25.233637,0.0,3.0,3.0,125.0,1.0,1.0,0.0,0.0,16.0,0,1716720725.1203737,synthetic_010,train
30.654827,74.307205,-1.6804097,0.7,1.0,2.8037376,11.010465,3.0,4.0,1.0,22.110233,0.0,3.0,3.0,113.0,0.0,1.0,0.0,0.0,16.0,0,1716720730.1203737,synthetic_010,train
29.020817,78.845955,-13.128363,0.6333333,0.6666667,3.9659896,11.010465,3.0,1.0,1.0,27.398586,0.0,3.0,3.0,103.0,1.0,1.0,0.0,0.0,16.0,0,1716720735.1203737,synthetic_010,train
1.059896,2.3699996,1.059896,0.8,0.8,5.0266,11.010465,2.0,1.0,0.0,22.718178,0.0,3.0,3.0,65.0,1.0,0.0,0.0,0.0,16.0,0,1716720740.1203737,synthetic_010,train
1.059896,2.3699996,0.529948,0.8,0.8,6.6437397,11.010465,3.0,1.0,0.0,22.208235,0.0,3.0,3.0,65.0,1.0,0.0,0.0,0.0,16.0,0,1716720745.1203737,synthetic_010,train
2.1207125,4.2796164,0.909096,0.73333335,0.8,4.8602843,11.010465,4.0,4.0,1.0,27.871809,0.0,4.0,4.0,104.0,1.0,0.0,0.0,0.0,16.0,0,1716720750.1203737,synthetic_010,train
2.4236715,4.5289054,0.4547672,0.65,0.8,4.2986994,10.500521,4.0,4.0,0.0,22.341673,0.0,4.0,4.0,91.0,1.0,0.0,0.0,0.0,10.0,0,1716720755.1203737,synthetic_010,train
4.8020315,7.9283094,1.3732487,0.6,0.8,3.4023743,10.500521,4.0,4.0,0.0,21.019617,1.0,4.0,4.0,130.0,1.0,1.0,0.0,0.0,10.0,1,1716720760.1203737,synthetic_010,train
4.7467594,8.407198,1.1293324,0.65,0.8,3.4834988,10.500521,4.0,4.0,0.0,13.900645,1.0,4.0,4.0,117.0,1.0,1.0,0.0,0.0,10.0,1,1716720765.1203737,synthetic_010,train
28.56007,85.801094,9.466285,0.6333333,0.8,2.9600735,10.500521,5.0,4.0,0.0,12.5101795,1.0,4.0,4.0,156.0,1.0,1.0,0.0,0.0,10.0,1,1716720770.1203737,synthetic_010,train
28.7541,85.73324,7.1591883,0.56666666,0.6,2.5145135,7.3413405,5.0,4.0,1.0,16.852226,1.0,4.0,4.0,156.0,1.0,1.0,0.0,0.0,9.0,1,1716720775.1203737,synthetic_010,train
33.551785,93.91775,4.938626,0.5,0.6,3.0131547,7.3413405,5.0,4.0,1.0,20.974674,1.0,3.0,3.0,130.0,1.0,1.0,0.0,0.0,15.0,1,1716720780.1203737,synthetic_010,train
28.998295,85.61487,-1.4502417,0.43333334,0.6,2.6000452,7.3413405,4.0,4.0,1.0,26.999062,1.0,3.0,3.0,156.0,1.0,1.0,0.0,0.0,15.0,1,1716720785.1203737,synthetic_010,train
28.865944,85.63782,-6.4790606,0.43333334,0.6,2.6098716,7.3413405,4.0,4.0,1.0,23.977118,0.0,3.0,3.0,156.0,1.0,1.0,0.0,0.0,12.0,1,1716720790.1203737,synthetic_010,train
25.40129,79.26614,-6.91578,0.36666667,0.5,2.1115832,5.62096,3.0,4.0,1.0,28.738214,0.0,3.0,3.0,182.0,1.0,1.0,0.0,0.0,12.0,1,1716720795.1203737,synthetic_010,train
4.5520787,6.1713233,-0.24500191,0.35555556,0.6666667,2.386914,5.62096,3.0,4.0,1.0,25.87608,0.0,3.0,3.0,169.0,1.0,1.0,1.0,0.0,15.0,1,1716720800.1203737,synthetic_010,train
5.9195013,7.202879,0.123556875,0.33333334,0.4,2.0449846,5.62096,3.0,4.0,0.0,25.053808,0.0,3.0,3.0,195.0,1.0,1.0,1.0,0.0,15.0,1,1716720805.1203737,synthetic_010,train
6.189832,7.3953934,0.02730183,0.36666667,0.5,1.7895577,3.3717697,2.0,4.0,0.0,23.10649,0.0,3.0,3.0,182.0,1.0,1.0,1.0,0.0,13.0,1,1716720810.1203737,synthetic_010,train
6.2858334,7.9607944,-0.46847254,0.36666667,0.5,2.4829972,9.724357,3.0,4.0,0.0,29.282576,0.0,1.0,1.0,156.0,1.0,1.0,1.0,0.0,13.0,1,1716720815.1203737,synthetic_010,train
5.375316,6.32042,0.38918,0.3,0.4,2.728572,9.724357,3.0,4.0,0.0,24.785028,0.0,1.0,1.0,130.0,1.0,1.0,1.0,0.0,26.0,0,1716720820.1203737,synthetic_010,train
9.397586,10.854036,0.99876505,0.24444444,0.4,2.3349044,9.724357,4.0,4.0,0.0,24.90645,1.0,1.0,1.0,173.0,0.0,1.0,1.0,0.0,0.0,0,1716720825.1203737,synthetic_010,train
46.539158,67.61417,4.3297024,0.1,0.2,1.1561556,9.724357,3.0,2.0,0.0,12.31952,2.0,1.0,1.0,357.0,0.0,1.0,0.0,0.0,0.0,0,1716720830.1203737,synthetic_010,train
58.600655,78.411255,3.2157195,0.06666667,0.2,1.0002809,9.724357,3.0,2.0,0.0,8.113628,2.0,1.0,1.0,416.0,0.0,1.0,0.0,0.0,0.0,1,1716720835.1203737,synthetic_010,train
55.246323,76.9899,2.057302,0.12857144,0.5,0.99909794,9.724357,3.0,2.0,0.0,9.732965,2.0,1.0,1.0,444.0,0.0,1.0,1.0,1.0,0.0,1,1716720840.1203737,synthetic_010,train
55.20776,77.018135,1.416715,0.2,1.0,0.85010886,4.956706,3.0,2.0,0.0,12.029514,2.0,1.0,1.0,445.0,0.0,1.0,1.0,1.0,0.0,1,1716720845.1203737,synthetic_010,train
53.38675,75.465546,0.37625456,0.2,0.8,0.95646197,4.956706,4.0,3.0,0.0,15.82799,2.0,2.0,2.0,491.0,0.0,1.0,1.0,1.0,0.0,1,1716720850.1203737,synthetic_010,train
58.258804,78.815544,-1.8226292,0.17142858,0.6,0.9366201,4.956706,4.0,3.0,0.0,19.049307,1.0,2.0,2.0,439.0,0.0,1.0,1.0,1.0,0.0,1,1716720855.1203737,synthetic_010,train
36.73905,71.35915,-5.364662,0.35,0.6,1.3343093,4.956706,4.0,3.0,0.0,26.102255,0.0,2.0,2.0,289.0,0.0,1.0,1.0,1.0,0.0,1,1716720860.1203737,synthetic_010,train
10.459232,27.852303,-0.7797607,0.53333336,0.8,1.9531796,5.8455167,4.0,4.0,1.0,28.080996,0.0,3.0,3.0,221.0,0.0,1.0,1.0,1.0,19.0,1,1716720865.1203737,synthetic_010,train
11.309672,29.91844,-1.6281292,0.5555556,0.8,2.1026912,5.8455167,4.0,4.0,1.0,22.37828,0.0,3.0,3.0,193.0,0.0,1.0,1.0,0.0,19.0,1,1716720870.1203737,synthetic_010,train
9.309201,27.106312,-1.9271681,0.65,1.0,2.0228896,6.2451744,4.0,4.0,1.0,28.875422,0.0,3.0,3.0,239.0,0.0,1.0,1.0,0.0,19.0,1,1716720875.1203737,synthetic_010,train
3.3031013,4.567661,-0.7041912,0.4888889,0.6666667,2.1401787,6.2451744,4.0,4.0,1.0,26.762455,0.0,3.0,3.0,195.0,0.0,1.0,0.0,0.0,19.0,1,1716720880.1203737,synthetic_010,train
2.3176155,4.1016593,-0.5798116,0.56666666,0.8,2.6087847,7.695233,4.0,4.0,0.0,29.47683,0.0,3.0,3.0,181.0,0.0,1.0,0.0,0.0,17.0,1,1716720885.1203737,synthetic_010,train
1.7745559,2.1563177,0.37792745,0.5,0.6,3.3153064,7.695233,4.0,4.0,0.0,27.307549,0.0,3.0,3.0,153.0,1.0,1.0,0.0,0.0,17.0,1,1716720890.1203737,synthetic_010,train
25.755098,76.751396,6.720747,0.46666667,0.6,2.0659504,7.695233,3.0,2.0,0.0,24.744083,0.0,2.0,2.0,235.0,1.0,1.0,1.0,1.0,2.0,1,1716720895.1203737,synthetic_010,train
23.770058,72.08115,4.0137224,0.475,0.6,1.8750664,7.695233,3.0,2.0,0.0,25.630953,0.0,2.0,2.0,267.0,1.0,1.0,1.0,1.0,2.0,1,1716720900.1203737,synthetic_010,train
25.800692,74.0248,0.92513996,0.55,1.0,1.914087,7.695233,3.0,2.0,0.0,27.356098,0.0,2.0,2.0,255.0,1.0,0.0,1.0,1.0,18.0,1,1716720905.1203737,synthetic_010,train
36.147713,90.842896,2.222231,0.45,0.6,1.636168,7.695233,2.0,4.0,1.0,25.028126,0.0,2.0,2.0,320.0,1.0,0.0,1.0,1.0,22.0,1,1716720910.1203737,synthetic_010,train
36.31477,82.10895,0.6601557,0.36,0.6,1.1848507,5.1771283,1.0,4.0,1.0,27.530079,0.0,2.0,2.0,400.0,1.0,1.0,1.0,1.0,11.0,1,1716720915.1203737,synthetic_010,train
35.206337,78.50512,-0.68506044,0.46666667,1.0,1.0248263,5.1771283,1.0,4.0,1.0,26.030382,1.0,2.0,2.0,448.0,1.0,1.0,1.0,1.0,11.0,1,1716720920.1203737,synthetic_010,train
29.292553,67.356255,0.07476908,0.52,1.0,1.119065,5.1771283,1.0,4.0,1.0,21.071,1.0,2.0,2.0,336.0,0.0,1.0,1.0,1.0,0.0,1,1716720925.1203737,synthetic_010,train
29.953693,69.01535,-0.99626434,0.4,0.6,1.4847078,7.0806613,2.0,4.0,1.0,20.839474,1.0,2.0,2.0,320.0,0.0,1.0,1.0,1.0,11.0,1,1716720930.1203737,synthetic_010,train
34.613663,74.146255,-3.5654676,0.375,0.5,1.232761,7.0806613,1.0,4.0,1.0,16.24875,1.0,2.0,2.0,272.0,0.0,1.0,1.0,1.0,11.0,1,1716720935.1203737,synthetic_010,train
26.462803,36.814392,0.3541736,0.36666667,0.5,2.0728061,13.304426,2.0,4.0,1.0,18.565327,1.0,2.0,2.0,224.0,0.0,1.0,1.0,1.0,11.0,0,1716720940.1203737,synthetic_010,train
16.028334,33.76526,-1.616516,0.56666666,0.6,2.3867033,13.304426,2.0,3.0,1.0,20.428516,1.0,3.0,3.0,192.0,0.0,1.0,1.0,0.0,3.0,1,1716720945.1203737,synthetic_010,train
14.904454,35.784187,-3.1211917,0.55,0.6,3.5320802,13.304426,2.0,3.0,1.0,17.6439,0.0,3.0,3.0,112.0,0.0,1.0,1.0,0.0,16.0,1,1716720950.1203737,synthetic_010,train
13.176232,33.488388,-3.2329423,0.46666667,0.6,4.48116,13.304426,3.0,4.0,1.0,28.76862,0.0,3.0,3.0,128.0,0.0,1.0,1.0,0.0,18.0,1,1716720955.1203737,synthetic_010,train
14.682502,31.409824,-2.9353402,0.425,0.6,3.5546699,13.304426,2.0,4.0,1.0,16.611202,1.0,3.0,3.0,144.0,0.0,1.0,1.0,0.0,18.0,1,1716720960.1203737,synthetic_010,train
14.6265745,27.922523,-1.2604675,0.26666668,0.6,3.2331994,13.304426,3.0,4.0,1.0,16.995977,1.0,4.0,4.0,192.0,0.0,1.0,1.0,0.0,18.0,1,1716720965.1203737,synthetic_010,train
7.5034366,11.590047,1.327604,0.2,0.6,2.6850998,11.124719,3.0,4.0,1.0,15.005744,2.0,4.0,4.0,176.0,0.0,1.0,0.0,0.0,18.0,1,1716720970.1203737,synthetic_010,train
12.955818,16.101057,1.7073176,0.125,0.25,3.300529,11.124719,4.0,4.0,1.0,8.257796,2.0,5.0,5.0,144.0,0.0,0.0,0.0,0.0,20.0,1,1716720975.1203737,synthetic_010,train
10.338861,14.056389,-0.16425148,0.24444444,0.4,2.774393,11.124719,4.0,4.0,1.0,13.430518,2.0,5.0,5.0,212.0,1.0,0.0,0.0,0.0,18.0,1,1716720980.1203737,synthetic_010,train
10.455628,13.979146,-0.77564996,0.2,0.6,2.2741327,4.621333,4.0,4.0,1.0,16.516836,2.0,5.0,5.0,213.0,1.0,1.0,1.0,0.0,14.0,1,1716720985.1203737,synthetic_010,train
9.314141,13.621502,-0.70378417,0.31111112,0.4,2.4924102,5.177891,5.0,4.0,1.0,22.79852,1.0,5.0,5.0,215.0,1.0,1.0,1.0,0.0,4.0,1,1716720990.1203737,synthetic_010,train
26.925896,76.25994,7.1559415,0.33333334,0.6,2.0236785,5.177891,4.0,4.0,1.0,26.187862,0.0,5.0,5.0,252.0,1.0,1.0,1.0,0.0,4.0,1,1716720995.1203737,synthetic_010,train
50.937798,86.221794,5.655025,0.25,0.6,1.2477762,5.177891,3.0,4.0,1.0,25.857498,0.0,5.0,5.0,410.0,1.0,1.0,1.0,0.0,0.0,1,1716721000.1203737,synthetic_010,train
49.236115,86.83061,3.9728427,0.3,0.5,1.2660034,5.177891,2.0,4.0,1.0,28.125582,0.0,2.0,2.0,414.0,1.0,1.0,1.0,0.0,0.0,0,1716721005.1203737,synthetic_010,train
51.476578,88.08474,0.85050815,0.26666668,0.6,1.3306749,5.177891,3.0,4.0,1.0,25.98419,0.0,2.0,2.0,400.0,1.0,1.0,1.0,0.0,0.0,0,1716721010.1203737,synthetic_010,train
53.69839,89.49553,0.33720514,0.3,0.5,1.1810995,5.177891,2.0,4.0,1.0,20.8063,0.0,2.0,2.0,383.0,1.0,1.0,1.0,0.0,0.0,0,1716721015.1203737,synthetic_010,train
53.161057,89.782845,-2.1356156,0.3,0.6,1.3683866,6.7923627,3.0,4.0,1.0,29.881886,0.0,3.0,3.0,385.0,1.0,1.0,1.0,0.0,0.0,1,1716721020.1203737,synthetic_010,train
43.615967,73.98299,-4.2700033,0.35,0.6,1.3134257,6.7923627,3.0,4.0,1.0,24.880146,0.0,3.0,3.0,354.0,1.0,1.0,1.0,1.0,0.0,1,1716721025.1203737,synthetic_010,train
5.0821104,9.495142,0.9613803,0.6,0.6,2.2509747,6.7923627,3.0,4.0,1.0,19.665827,0.0,3.0,3.0,180.0,1.0,1.0,1.0,1.0,13.0,1,1716721030.1203737,synthetic_010,train
6.352638,10.329223,0.6783994,0.53333336,0.6666667,2.211167,6.7923627,3.0,4.0,1.0,15.824626,0.0,3.0,3.0,144.0,1.0,1.0,1.0,1.0,13.0,1,1716721035.1203737,synthetic_010,train
5.296887,10.371191,0.20157929,0.6333333,0.6666667,3.5806313,14.142095,3.0,4.0,0.0,21.852688,0.0,3.0,3.0,144.0,1.0,1.0,1.0,1.0,26.0,1,1716721040.1203737,synthetic_010,train
4.9696293,9.750912,-0.05524891,0.55,0.6,3.7497802,14.142095,4.0,4.0,0.0,26.95566,0.0,3.0,3.0,162.0,1.0,1.0,1.0,1.0,26.0,1,1716721045.1203737,synthetic_010,train
9.008802,14.587864,1.1718142,0.55,0.6,2.8657744,14.142095,2.0,4.0,0.0,25.58602,0.0,2.0,2.0,162.0,1.0,1.0,1.0,1.0,26.0,1,1716721050.1203737,synthetic_010,train
6.6129193,12.069093,0.09757047,0.5,0.6,3.3238368,14.142095,3.0,4.0,0.0,19.096273,0.0,2.0,2.0,180.0,1.0,1.0,1.0,0.0,26.0,1,1716721055.1203737,synthetic_010,train
5.086861,10.846981,-0.50079244,0.6666667,1.0,2.9040592,14.142095,3.0,4.0,1.0,23.610676,0.0,3.0,3.0,234.0,1.0,1.0,1.0,0.0,26.0,1,1716721060.1203737,synthetic_010,train
4.723514,10.509747,-0.5459729,0.6666667,1.0,2.9874353,14.142095,4.0,4.0,1.0,27.682001,0.0,3.0,3.0,252.0,1.0,1.0,1.0,0.0,26.0,1,1716721065.1203737,synthetic_010,train
6.041377,10.800131,-0.22823878,0.53333336,1.0,1.9632713,6.9736667,3.0,4.0,1.0,24.346096,0.0,3.0,3.0,270.0,1.0,1.0,1.0,0.0,26.0,1,1716721070.1203737,synthetic_010,train
6.06335,10.515537,-0.25863022,0.575,1.0,1.7932745,6.9736667,3.0,4.0,1.0,28.575188,0.0,3.0,3.0,306.0,1.0,1.0,1.0,1.0,26.0,1,1716721075.1203737,synthetic_010,train
4.5020256,6.5037374,0.28347003,0.45,0.6,1.9660347,6.9736667,4.0,2.0,0.0,26.448923,0.0,3.0,3.0,306.0,1.0,1.0,1.0,1.0,26.0,1,1716721080.1203737,synthetic_010,train
4.701141,6.614832,0.3537734,0.46666667,0.8,2.0500677,5.0307107,4.0,2.0,0.0,27.619791,0.0,3.0,3.0,252.0,1.0,1.0,1.0,1.0,17.0,1,1716721085.1203737,synthetic_010,train
5.324764,6.5907025,-0.36827862,0.37777779,0.4,2.3264885,5.0307107,5.0,4.0,0.0,26.173025,0.0,3.0,3.0,234.0,1.0,1.0,1.0,1.0,26.0,1,1716721090.1203737,synthetic_010,train
5.4348617,6.345528,-0.554856,0.36666667,0.5,2.2868218,5.0307107,5.0,4.0,0.0,29.412668,0.0,2.0,2.0,252.0,1.0,1.0,1.0,1.0,26.0,1,1716721095.1203737,synthetic_010,train
6.91899,10.724926,1.3393815,0.26666668,0.4,2.4711688,5.0307107,5.0,4.0,0.0,22.152145,0.0,2.0,2.0,198.0,1.0,1.0,1.0,1.0,17.0,1,1716721100.1203737,synthetic_010,train
7.543209,12.167114,0.96432245,0.43333334,0.6,2.5007,5.7912674,5.0,4.0,0.0,21.429262,1.0,2.0,2.0,216.0,1.0,1.0,1.0,1.0,22.0,1,1716721105.1203737,synthetic_010,train
7.45216,12.764554,0.8645172,0.33333334,0.6,2.6185458,5.7912674,5.0,4.0,0.0,16.007748,1.0,2.0,2.0,198.0,1.0,1.0,1.0,1.0,22.0,1,1716721110.1203737,synthetic_010,train
7.1531963,12.909511,0.29867935,0.6666667,1.0,2.5110931,5.7912674,4.0,4.0,0.0,13.144791,1.0,1.0,1.0,198.0,1.0,1.0,1.0,1.0,13.0,1,1716721115.1203737,synthetic_010,train
7.013434,12.962351,-0.8472695,0.6666667,1.0,2.5899758,6.4220357,4.0,4.0,0.0,15.524065,1.0,1.0,1.0,198.0,1.0,0.0,1.0,1.0,22.0,1,1716721120.1203737,synthetic_010,train
7.270477,13.545912,-1.9424666,0.5,0.6,2.7599528,6.4220357,4.0,4.0,0.0,21.814161,1.0,1.0,1.0,180.0,1.0,0.0,1.0,0.0,23.0,1,1716721125.1203737,synthetic_010,train
3.823207,8.235045,-0.17653425,0.5,0.6,2.8413827,6.4220357,5.0,2.0,1.0,25.946548,1.0,2.0,2.0,216.0,1.0,1.0,1.0,1.0,23.0,1,1716721130.1203737,synthetic_010,train
1.6660999,2.1070905,-0.02646892,0.5,0.6,2.9163165,6.4220357,4.0,2.0,1.0,25.205359,0.0,2.0,2.0,180.0,1.0,1.0,1.0,1.0,23.0,1,1716721135.1203737,synthetic_010,train
8.213111,22.162233,2.394839,0.44444445,0.6,2.3543537,6.4220357,3.0,4.0,1.0,28.139606,0.0,2.0,2.0,236.0,1.0,1.0,1.0,1.0,22.0,1,1716721140.1203737,synthetic_010,train
7.587633,20.627527,0.9449433,0.46666667,0.6,2.2416303,6.4220357,3.0,4.0,1.0,27.20242,0.0,2.0,2.0,275.0,1.0,1.0,1.0,1.0,22.0,1,1716721145.1203737,synthetic_010,train
7.6889963,20.601135,0.26466525,0.46666667,0.6,2.1001737,4.9522758,3.0,4.0,1.0,26.55033,0.0,3.0,3.0,277.0,1.0,1.0,1.0,1.0,22.0,1,1716721150.1203737,synthetic_010,train
8.065129,21.325293,0.15214181,0.5,0.6,1.8964521,3.999941,2.0,4.0,1.0,22.550388,0.0,3.0,3.0,259.0,0.0,1.0,1.0,1.0,22.0,1,1716721155.1203737,synthetic_010,train
7.9672685,22.26407,-0.96871394,0.6666667,1.0,2.1553936,6.3582935,2.0,4.0,1.0,26.558762,0.0,3.0,3.0,244.0,1.0,0.0,0.0,0.0,22.0,1,1716721160.1203737,synthetic_010,train
9.415863,24.079512,-2.5443676,0.6666667,1.0,2.1807663,6.3582935,2.0,4.0,1.0,22.07993,0.0,3.0,3.0,208.0,1.0,0.0,0.0,0.0,19.0,1,1716721165.1203737,synthetic_010,train
1.442667,2.5546048,-0.36727807,0.6333333,0.6666667,3.6768544,10.827643,3.0,4.0,1.0,27.219658,0.0,4.0,4.0,154.0,1.0,0.0,0.0,0.0,15.0,1,1716721170.1203737,synthetic_010,train
29.02542,82.95497,8.441357,0.55,0.6,3.1448393,10.827643,3.0,4.0,1.0,24.762693,0.0,5.0,5.0,177.0,1.0,1.0,1.0,1.0,17.0,1,1716721175.1203737,synthetic_010,train
32.22997,88.08506,3.17328,0.6333333,0.6666667,3.361968,10.827643,3.0,3.0,1.0,20.537453,0.0,5.0,5.0,159.0,1.0,1.0,1.0,1.0,17.0,1,1716721180.1203737,synthetic_010,train
26.193075,74.62888,-1.001584,0.33333334,0.6,3.2734206,10.827643,5.0,3.0,1.0,29.649332,0.0,5.0,5.0,219.0,1.0,1.0,1.0,1.0,17.0,1,1716721185.1203737,synthetic_010,train
29.080956,78.02546,-6.427565,0.3,0.4,3.2176983,10.827643,5.0,3.0,1.0,21.34934,0.0,5.0,5.0,200.0,0.0,1.0,1.0,1.0,8.0,1,1716721190.1203737,synthetic_010,train
26.437233,74.53896,-6.1425357,0.53333336,1.0,3.2769074,10.827643,6.0,3.0,1.0,22.925762,1.0,5.0,5.0,220.0,0.0,1.0,1.0,1.0,2.0,1,1716721195.1203737,synthetic_010,train
26.577717,71.01861,-6.620021,0.26666668,0.6,2.503488,5.1023498,6.0,3.0,1.0,20.890793,1.0,5.0,5.0,240.0,1.0,1.0,1.0,1.0,2.0,1,1716721200.1203737,synthetic_010,train
7.775138,11.026983,1.8488595,0.26666668,0.33333334,3.2085361,5.1023498,6.0,3.0,1.0,13.920272,1.0,3.0,3.0,160.0,1.0,1.0,1.0,1.0,2.0,1,1716721205.1203737,synthetic_010,train
7.9810157,10.875415,0.5051326,0.1,0.2,3.6947894,7.285881,6.0,3.0,1.0,12.2279825,1.0,3.0,3.0,160.0,1.0,1.0,1.0,1.0,2.0,1,1716721210.1203737,synthetic_010,train
5.904895,10.131378,0.70224863,0.1,0.2,4.479955,7.285881,5.0,3.0,0.0,18.67641,1.0,3.0,3.0,120.0,1.0,1.0,1.0,1.0,22.0,1,1716721215.1203737,synthetic_010,train
5.457271,10.3588295,-0.78513813,0.6,1.0,4.8178744,7.285881,5.0,3.0,0.0,25.038248,0.0,3.0,3.0,120.0,1.0,1.0,1.0,1.0,22.0,1,1716721220.1203737,synthetic_010,train
5.490582,9.456685,-1.8383735,0.35,0.5,4.3938174,7.285881,5.0,3.0,0.0,26.386278,0.0,3.0,3.0,140.0,1.0,1.0,0.0,0.0,7.0,1,1716721225.1203737,synthetic_010,train
2.1410697,2.5802765,0.31008956,0.45,0.5,4.484302,7.285881,5.0,3.0,0.0,17.21731,1.0,1.0,1.0,140.0,0.0,1.0,0.0,0.0,7.0,1,1716721230.1203737,synthetic_010,train
3.0598483,3.683216,0.5751259,0.4,0.4,3.5344863,7.285881,5.0,4.0,1.0,14.029491,2.0,2.0,2.0,200.0,0.0,1.0,0.0,0.0,7.0,1,1716721235.1203737,synthetic_010,train
3.6789622,3.8109963,0.59980524,0.26666668,0.6,3.0384264,6.495552,5.0,4.0,1.0,12.267906,2.0,2.0,2.0,220.0,1.0,1.0,0.0,0.0,7.0,1,1716721240.1203737,synthetic_010,train
3.5093899,3.9391115,0.33365244,0.6,1.0,2.7460113,6.495552,5.0,4.0,1.0,12.933039,2.0,2.0,2.0,220.0,1.0,1.0,0.0,0.0,15.0,1,1716721245.1203737,synthetic_010,train
3.6841364,3.8083253,0.07008666,0.26666668,0.4,2.7230349,6.242811,5.0,4.0,1.0,17.719282,2.0,2.0,2.0,220.0,1.0,1.0,0.0,0.0,8.0,1,1716721250.1203737,synthetic_010,train
2.7327516,3.6628814,-0.32452136,0.53333336,1.0,1.9514261,6.242811,4.0,4.0,1.0,20.711126,2.0,2.0,2.0,300.0,1.0,1.0,0.0,0.0,10.0,1,1716721255.1203737,synthetic_010,train
2.7081966,3.7753975,-0.50200117,0.6,1.0,1.831883,6.242811,3.0,4.0,1.0,19.521845,1.0,2.0,2.0,260.0,1.0,1.0,0.0,0.0,9.0,1,1716721260.1203737,synthetic_010,train
1.9007076,2.9101014,-0.47770303,0.4,1.0,2.6367724,9.144767,4.0,4.0,1.0,20.50057,1.0,2.0,2.0,220.0,1.0,1.0,0.0,0.0,9.0,1,1716721265.1203737,synthetic_010,train
1.195082,2.042237,-0.06545345,0.73333335,1.0,2.664478,9.144767,4.0,4.0,1.0,16.604338,1.0,2.0,2.0,220.0,1.0,1.0,0.0,0.0,9.0,1,1716721270.1203737,synthetic_010,train
1.5326209,2.1299155,-0.016192157,0.4,0.6,2.6658618,9.144767,4.0,4.0,0.0,12.590001,1.0,2.0,2.0,220.0,1.0,1.0,1.0,0.0,16.0,1,1716721275.1203737,synthetic_010,train
1.2447182,2.108787,-0.101923145,0.73333335,1.0,2.5651996,9.144767,5.0,4.0,0.0,16.819336,1.0,2.0,2.0,240.0,1.0,1.0,1.0,1.0,16.0,1,1716721280.1203737,synthetic_010,train
9.632215,19.79461,3.4461756,0.325,0.4,3.2732372,9.144767,5.0,4.0,1.0,20.31437,0.0,2.0,2.0,180.0,1.0,1.0,1.0,1.0,16.0,1,1716721285.1203737,synthetic_010,train
10.738957,20.08765,0.9412741,0.46666667,0.6,2.4338777,9.144767,5.0,4.0,1.0,27.3634,0.0,2.0,2.0,300.0,1.0,1.0,1.0,1.0,16.0,1,1716721290.1203737,synthetic_010,train
11.528785,19.765728,0.64190394,0.4,0.6,1.8639504,4.1601305,4.0,4.0,1.0,26.62767,0.0,2.0,2.0,321.0,1.0,1.0,1.0,1.0,16.0,1,1716721295.1203737,synthetic_010,train
12.047021,20.346645,-0.08802263,0.53333336,0.8,2.033216,6.343504,4.0,4.0,1.0,27.266289,0.0,2.0,2.0,302.0,1.0,1.0,1.0,1.0,19.0,0,1716721300.1203737,synthetic_010,train
11.799493,20.47744,-0.6273151,0.6,0.8,2.0480423,6.343504,4.0,4.0,1.0,26.560503,0.0,2.0,2.0,303.0,1.0,1.0,1.0,1.0,13.0,0,1716721305.1203737,synthetic_010,train
12.642313,20.978716,-1.9390628,0.5833333,0.75,2.1885467,7.6197467,3.0,4.0,1.0,29.602287,0.0,2.0,2.0,284.0,1.0,1.0,1.0,1.0,13.0,0,1716721310.1203737,synthetic_010,train
9.007532,17.681822,-1.4048014,0.8,1.0,2.4478574,7.6197467,3.0,4.0,0.0,23.928482,0.0,2.0,2.0,224.0,1.0,1.0,1.0,1.0,13.0,0,1716721315.1203737,synthetic_010,train
4.1147375,10.079008,-2.1161509,0.9,1.0,4.3248253,7.6197467,4.0,4.0,0.0,23.975203,0.0,2.0,2.0,125.0,0.0,1.0,1.0,0.0,8.0,0,1716721320.1203737,synthetic_010,train
3.9556103,9.363761,2.7800026,0.65,0.8,4.653297,7.6197467,6.0,4.0,0.0,26.229574,0.0,2.0,2.0,147.0,0.0,1.0,0.0,0.0,16.0,0,1716721325.1203737,synthetic_010,train
4.47753,9.207042,2.1825397,0.4,0.8,4.216307,7.6197467,6.0,2.0,0.0,26.059807,0.0,2.0,2.0,147.0,0.0,1.0,0.0,0.0,16.0,0,1716721330.1203737,synthetic_010,train
4.47753,9.207042,1.0631573,0.55,0.6,4.7071395,7.6197467,6.0,1.0,0.0,25.33023,0.0,2.0,2.0,147.0,0.0,1.0,0.0,0.0,16.0,1,1716721335.1203737,synthetic_010,train
5.464557,8.282957,0.27044645,0.45,0.5,3.2852407,6.8901687,5.0,3.0,0.0,23.495613,0.0,2.0,2.0,189.0,1.0,1.0,0.0,0.0,16.0,1,1716721340.1203737,synthetic_010,train
5.464557,8.282957,0.27044645,0.45,0.5,3.2852407,6.8901687,5.0,3.0,0.0,23.495613,0.0,2.0,2.0,189.0,1.0,1.0,0.0,0.0,16.0,1,1716721345.1203737,synthetic_010,train
6.147627,8.579585,-0.19913615,0.36666667,0.4,2.9369516,6.8901687,4.0,3.0,0.0,18.904722,0.0,2.0,2.0,168.0,1.0,1.0,0.0,0.0,16.0,1,1716721350.1203737,synthetic_010,train
3.2005138,4.303717,-0.4824181,0.45,0.5,3.9708896,13.159969,3.0,3.0,1.0,21.009985,1.0,3.0,3.0,147.0,1.0,1.0,0.0,0.0,26.0,1,1716721355.1203737,synthetic_010,train
2.6246626,4.1304812,-0.5965424,0.53333336,0.6666667,3.9387665,13.159969,3.0,3.0,1.0,15.387477,1.0,3.0,3.0,168.0,1.0,1.0,0.0,0.0,22.0,1,1716721360.1203737,synthetic_010,train
3.51645,4.699556,-0.23246229,0.45,0.5,3.2858768,13.159969,3.0,3.0,1.0,15.829038,1.0,3.0,3.0,189.0,1.0,1.0,0.0,0.0,22.0,1,1716721365.1203737,synthetic_010,train
1.9728209,3.9173846,0.58281386,0.55,0.6,4.3546925,13.159969,4.0,3.0,0.0,14.848181,1.0,3.0,3.0,147.0,1.0,1.0,0.0,0.0,0.0,1,1716721370.1203737,synthetic_010,train
2.3363757,3.7697492,0.6309125,0.46666667,0.6,4.1176534,13.159969,4.0,3.0,0.0,17.308601,1.0,3.0,3.0,168.0,1.0,1.0,1.0,0.0,0.0,1,1716721375.1203737,synthetic_010,train
2.3363757,3.7697492,0.6309125,0.46666667,0.6,4.1176534,13.159969,4.0,3.0,0.0,17.308601,1.0,3.0,3.0,168.0,1.0,1.0,1.0,0.0,0.0,1,1716721380.1203737,synthetic_010,train
2.7290869,3.914366,0.24980251,0.3,0.6,4.0881414,9.0603075,4.0,3.0,0.0,23.27687,0.0,1.0,1.0,147.0,1.0,0.0,1.0,0.0,0.0,1,1716721385.1203737,synthetic_010,train
3.5877643,4.498831,-0.01196335,0.36666667,0.4,3.7468743,9.0603075,4.0,3.0,0.0,26.148748,0.0,1.0,1.0,168.0,1.0,0.0,1.0,0.0,0.0,1,1716721390.1203737,synthetic_010,train
4.348757,6.0321198,0.98229563,0.35,0.5,3.3192904,9.0603075,4.0,3.0,0.0,24.726723,0.0,1.0,1.0,189.0,1.0,1.0,1.0,1.0,26.0,1,1716721395.1203737,synthetic_010,train
4.348757,6.0321198,0.3299821,0.35,0.5,3.3512425,9.0603075,4.0,3.0,0.0,27.7028,0.0,1.0,1.0,189.0,1.0,1.0,1.0,1.0,26.0,1,1716721400.1203737,synthetic_010,train
4.282194,6.4450727,0.52845687,0.43333334,0.6666667,3.46285,9.0603075,4.0,3.0,0.0,18.642494,0.0,1.0,1.0,168.0,1.0,1.0,1.0,1.0,26.0,1,1716721405.1203737,synthetic_010,train
3.900431,5.7407675,0.08455468,0.3,0.4,3.781966,9.0603075,6.0,4.0,0.0,28.759354,0.0,1.0,1.0,210.0,1.0,1.0,1.0,1.0,26.0,1,1716721410.1203737,synthetic_010,train
4.783858,5.975263,0.25418487,0.3,0.4,2.9940603,7.012182,5.0,4.0,0.0,22.928421,0.0,1.0,1.0,210.0,1.0,1.0,1.0,1.0,26.0,1,1716721415.1203737,synthetic_010,train
5.086241,5.6270175,0.1939623,0.2,0.4,2.7555072,5.43446,5.0,4.0,0.0,26.565287,0.0,1.0,1.0,231.0,0.0,1.0,1.0,1.0,25.0,1,1716721420.1203737,synthetic_010,train
3.808047,4.012339,0.1321081,0.53333336,1.0,2.6054208,5.43446,4.0,4.0,1.0,23.225168,0.0,3.0,3.0,231.0,0.0,1.0,1.0,1.0,25.0,1,1716721425.1203737,synthetic_010,train
3.808047,4.012339,-0.24869658,0.53333336,1.0,2.5933974,5.3022017,4.0,4.0,1.0,23.360023,0.0,4.0,4.0,231.0,0.0,1.0,1.0,1.0,25.0,1,1716721430.1203737,synthetic_010,train
4.2959814,5.654591,0.13875756,0.4,0.6,2.315413,5.3022017,5.0,4.0,1.0,29.56385,0.0,4.0,4.0,315.0,0.0,1.0,1.0,1.0,14.0,1,1716721435.1203737,synthetic_010,train
4.8522615,5.892997,0.14798686,0.43333334,0.6,1.8622055,5.3022017,3.0,4.0,1.0,24.889627,0.0,4.0,4.0,294.0,0.0,1.0,1.0,1.0,25.0,1,1716721440.1203737,synthetic_010,train
6.759085,8.62648,0.91618365,0.3,0.6,1.9530566,5.3022017,4.0,4.0,1.0,28.690561,0.0,4.0,4.0,359.0,0.0,1.0,0.0,0.0,14.0,1,1716721445.1203737,synthetic_010,train
7.3037486,9.648739,1.6499608,0.33333334,0.6,1.8827307,5.3022017,3.0,4.0,1.0,23.459822,0.0,4.0,4.0,275.0,0.0,1.0,0.0,0.0,14.0,1,1716721450.1203737,synthetic_010,train
7.4586544,9.982722,0.8583694,0.36666667,0.6,2.4423537,7.583256,4.0,2.0,1.0,24.006042,0.0,4.0,4.0,256.0,1.0,1.0,0.0,0.0,14.0,1,1716721455.1203737,synthetic_010,train
8.136714,10.176017,0.7090445,0.46666667,1.0,2.1823676,7.583256,3.0,2.0,1.0,19.433243,0.0,4.0,4.0,235.0,1.0,1.0,0.0,0.0,14.0,1,1716721460.1203737,synthetic_010,train
11.060542,10.782006,0.8606557,0.1,0.2,2.96223,10.686251,3.0,4.0,1.0,28.165758,0.0,2.0,2.0,217.0,1.0,1.0,0.0,0.0,27.0,1,1716721465.1203737,synthetic_010,train
9.593579,10.951449,-0.29837486,0.4,1.0,3.0439231,10.686251,4.0,4.0,1.0,28.478561,0.0,2.0,2.0,240.0,1.0,1.0,0.0,0.0,4.0,1,1716721470.1203737,synthetic_010,train
6.0497317,9.483249,-0.024694357,0.43333334,0.6666667,3.631457,10.686251,4.0,4.0,1.0,21.468401,0.0,2.0,2.0,176.0,1.0,1.0,0.0,0.0,4.0,1,1716721475.1203737,synthetic_010,train
6.0497317,9.483249,-0.024694357,0.43333334,0.6666667,3.631457,10.686251,4.0,4.0,1.0,21.468401,0.0,2.0,2.0,176.0,1.0,1.0,0.0,0.0,4.0,1,1716721480.1203737,synthetic_010,train
6.8826795,9.916936,-2.2011347,0.35,0.5,4.2600384,10.686251,4.0,4.0,0.0,19.134016,0.0,2.0,2.0,154.0,0.0,1.0,0.0,0.0,25.0,1,1716721485.1203737,synthetic_010,train
6.5688405,8.635526,-1.1702241,0.225,0.25,3.8302145,10.686251,4.0,4.0,1.0,23.785679,0.0,2.0,2.0,198.0,1.0,1.0,0.0,0.0,25.0,1,1716721490.1203737,synthetic_010,train
2.2095425,2.6121294,0.29383945,0.45,0.5,3.715364,8.801951,4.0,4.0,0.0,22.213266,0.0,2.0,2.0,154.0,1.0,1.0,0.0,0.0,4.0,1,1716721495.1203737,synthetic_010,train
7.5641527,15.537855,0.9445376,0.4,0.4,2.9950674,8.801951,4.0,3.0,1.0,26.069834,0.0,2.0,2.0,220.0,1.0,0.0,0.0,0.0,11.0,1,1716721500.1203737,synthetic_010,train
7.393763,14.751332,-0.06444203,0.26666668,0.6,2.8205712,8.801951,3.0,3.0,1.0,22.224333,0.0,2.0,2.0,242.0,1.0,0.0,0.0,0.0,16.0,1,1716721505.1203737,synthetic_010,train
7.228943,14.076427,-0.12564157,0.26666668,0.6,2.7701645,8.801951,3.0,3.0,1.0,24.440022,0.0,2.0,2.0,264.0,1.0,0.0,0.0,0.0,16.0,1,1716721510.1203737,synthetic_010,train
7.012492,13.536836,-0.5707355,0.37777779,0.6,2.353391,5.4269342,3.0,3.0,1.0,27.713726,0.0,2.0,2.0,286.0,1.0,1.0,0.0,0.0,16.0,1,1716721515.1203737,synthetic_010,train
6.868759,14.186008,-1.0714453,0.33333334,0.6,2.6156874,5.445831,4.0,3.0,1.0,28.032549,0.0,2.0,2.0,264.0,1.0,1.0,0.0,0.0,16.0,1,1716721520.1203737,synthetic_010,train
9.575644,15.252354,-0.012012104,0.26666668,0.4,2.2745433,5.445831,3.0,3.0,1.0,26.41667,0.0,2.0,2.0,308.0,1.0,1.0,0.0,0.0,16.0,1,1716721525.1203737,synthetic_010,train
6.7535877,10.672767,0.94637465,0.46666667,1.0,2.4134705,5.445831,3.0,4.0,0.0,23.700739,0.0,2.0,2.0,242.0,1.0,1.0,0.0,0.0,19.0,1,1716721530.1203737,synthetic_010,train
7.6357017,10.924443,0.43478328,0.2,0.4,2.5310285,5.445831,5.0,4.0,0.0,28.156652,0.0,1.0,1.0,264.0,1.0,1.0,1.0,0.0,19.0,0,1716721535.1203737,synthetic_010,train
7.184375,11.134346,0.04020339,0.36666667,0.5,2.5720518,5.445831,5.0,4.0,0.0,26.787254,0.0,1.0,1.0,264.0,1.0,1.0,1.0,0.0,19.0,0,1716721540.1203737,synthetic_010,train
10.455985,15.568529,0.82931066,0.36666667,0.6,2.3947701,5.445831,5.0,4.0,1.0,23.29141,0.0,2.0,2.0,264.0,1.0,1.0,1.0,0.0,19.0,0,1716721545.1203737,synthetic_010,train
9.64885,14.534522,-0.20551014,0.35,0.6,2.2666326,4.4055142,5.0,4.0,1.0,29.888275,0.0,2.0,2.0,308.0,1.0,1.0,1.0,0.0,19.0,0,1716721550.1203737,synthetic_010,train
7.1721325,12.585628,0.28013763,0.33333334,0.6,2.525252,4.4055142,5.0,4.0,1.0,29.464893,0.0,2.0,2.0,286.0,1.0,1.0,1.0,0.0,10.0,1,1716721555.1203737,synthetic_010,train
7.7143006,12.97219,-0.32275024,0.26666668,0.6,2.7498882,4.4055142,5.0,4.0,0.0,28.593143,0.0,2.0,2.0,264.0,1.0,1.0,1.0,0.0,10.0,1,1716721560.1203737,synthetic_010,train
7.23933,13.520464,-0.87229705,0.3,0.6,2.8427813,4.209771,4.0,4.0,0.0,25.719845,0.0,2.0,2.0,220.0,1.0,1.0,1.0,0.0,10.0,1,1716721565.1203737,synthetic_010,train
8.0437,14.084546,-1.802686,0.2,0.4,2.8577604,4.209771,4.0,3.0,0.0,21.959608,0.0,2.0,2.0,198.0,1.0,1.0,1.0,0.0,10.0,1,1716721570.1203737,synthetic_010,train
3.5683267,2.404216,-0.23601265,0.1,0.2,3.9710271,10.075052,4.0,3.0,0.0,27.81585,0.0,2.0,2.0,176.0,1.0,1.0,1.0,0.0,10.0,1,1716721575.1203737,synthetic_010,train
4.5648713,4.350804,0.22036646,0.16666667,0.33333334,3.4600883,10.075052,3.0,3.0,0.0,25.28141,0.0,2.0,2.0,176.0,1.0,1.0,1.0,0.0,20.0,1,1716721580.1203737,synthetic_010,train
3.8187497,4.9867826,-0.04895378,0.5,1.0,3.870055,10.075052,4.0,4.0,0.0,22.954912,0.0,2.0,2.0,154.0,0.0,1.0,1.0,0.0,26.0,1,1716721585.1203737,synthetic_010,train
3.6670005,5.0352654,-0.3920222,0.35,0.5,4.211214,10.075052,4.0,4.0,0.0,25.268726,0.0,2.0,2.0,154.0,0.0,1.0,0.0,0.0,26.0,1,1716721590.1203737,synthetic_010,train
4.355877,5.0985065,0.07767694,0.325,0.4,3.292906,10.075052,3.0,4.0,0.0,19.561102,0.0,1.0,1.0,198.0,1.0,1.0,1.0,1.0,26.0,1,1716721595.1203737,synthetic_010,train
4.1688256,4.843175,-0.045535665,0.3,0.4,3.4464421,10.075052,4.0,4.0,0.0,24.389368,0.0,1.0,1.0,220.0,1.0,1.0,1.0,1.0,26.0,1,1716721600.1203737,synthetic_010,train
4.5511966,4.9713173,-0.102844425,0.26666668,0.4,2.8094213,6.5235863,4.0,4.0,0.0,28.745905,0.0,1.0,1.0,242.0,1.0,1.0,1.0,1.0,26.0,1,1716721605.1203737,synthetic_010,train
4.0140114,5.0700345,0.34627604,0.6,1.0,2.732452,6.5235863,4.0,4.0,0.0,25.740818,0.0,1.0,1.0,242.0,1.0,1.0,1.0,1.0,26.0,1,1716721610.1203737,synthetic_010,train
5.2185645,5.255632,0.43683013,0.26666668,0.6,2.535947,6.5235863,4.0,4.0,0.0,26.443726,0.0,1.0,1.0,286.0,1.0,1.0,1.0,1.0,26.0,1,1716721615.1203737,synthetic_010,train
4.992854,5.2592154,0.010682103,0.4,0.4,2.0738933,5.2598176,3.0,4.0,0.0,29.235582,0.0,2.0,2.0,330.0,1.0,1.0,1.0,1.0,26.0,1,1716721620.1203737,synthetic_010,train
5.3159976,6.065235,0.1713952,0.45,0.75,2.1233819,5.2598176,3.0,4.0,1.0,24.89908,0.0,3.0,3.0,308.0,1.0,1.0,0.0,0.0,26.0,1,1716721625.1203737,synthetic_010,train
23.462614,73.96926,6.412699,0.35,0.6,1.8797561,5.2598176,3.0,4.0,1.0,24.81628,0.0,5.0,5.0,352.0,1.0,1.0,0.0,0.0,5.0,1,1716721630.1203737,synthetic_010,train
26.131132,79.04647,8.249058,0.43333334,0.5,1.682988,4.7184305,2.0,4.0,1.0,22.491535,0.0,5.0,5.0,308.0,1.0,1.0,0.0,0.0,5.0,1,1716721635.1203737,synthetic_010,train
39.335125,91.08789,9.608873,0.35,0.6,2.041163,8.3289585,3.0,3.0,1.0,23.857851,0.0,5.0,5.0,308.0,1.0,1.0,1.0,0.0,7.0,1,1716721640.1203737,synthetic_010,train
42.909924,90.734436,4.560742,0.53333336,0.6,1.9429603,8.3289585,3.0,3.0,1.0,27.794716,0.0,5.0,5.0,330.0,1.0,1.0,1.0,0.0,7.0,1,1716721645.1203737,synthetic_010,train
43.30606,90.58816,-1.647136,0.53333336,0.6,1.8978299,8.3289585,3.0,4.0,1.0,27.713469,0.0,5.0,5.0,330.0,1.0,1.0,1.0,1.0,16.0,0,1716721650.1203737,synthetic_010,train
45.47778,93.56972,-5.629513,0.5,0.6,2.1045053,8.3289585,4.0,4.0,1.0,25.998095,0.0,5.0,5.0,308.0,1.0,1.0,1.0,1.0,16.0,0,1716721655.1203737,synthetic_010,train
25.861074,60.605614,-3.9913516,0.51111114,0.6,2.2312386,8.3289585,4.0,4.0,1.0,20.677143,0.0,4.0,4.0,286.0,1.0,0.0,1.0,1.0,19.0,0,1716721660.1203737,synthetic_010,train
19.951775,53.626305,-3.3918698,0.65,1.0,2.0871637,8.3289585,5.0,4.0,1.0,27.152824,0.0,4.0,4.0,374.0,1.0,0.0,1.0,1.0,19.0,0,1716721665.1203737,synthetic_010,train
9.329188,26.63686,-0.79864156,0.5625,0.8,1.7686691,5.4177246,4.0,4.0,1.0,28.186989,0.0,4.0,4.0,418.0,1.0,0.0,1.0,1.0,2.0,0,1716721670.1203737,synthetic_010,train
3.7881417,6.2692285,0.27386603,0.65,1.0,1.7307764,4.0427485,3.0,4.0,1.0,26.554455,0.0,4.0,4.0,352.0,1.0,0.0,1.0,1.0,2.0,0,1716721675.1203737,synthetic_010,train
3.3832881,5.8270016,0.4108517,0.48333332,0.8,2.2326868,7.5529127,4.0,3.0,0.0,27.275618,0.0,1.0,1.0,308.0,1.0,0.0,1.0,1.0,2.0,0,1716721680.1203737,synthetic_010,train
3.3743312,5.82771,0.38451657,0.48333332,0.6,2.245036,7.5529127,4.0,4.0,1.0,27.387754,0.0,1.0,1.0,308.0,1.0,0.0,1.0,1.0,2.0,0,1716721685.1203737,synthetic_010,train
3.4055662,6.064453,0.22177354,0.51111114,0.8,2.4903014,7.5529127,4.0,4.0,1.0,28.355446,0.0,1.0,1.0,286.0,1.0,0.0,1.0,1.0,2.0,1,1716721690.1203737,synthetic_010,train
4.58735,7.0159826,-0.40487087,0.45,0.5,2.8775816,7.5529127,3.0,4.0,0.0,23.513206,0.0,1.0,1.0,198.0,1.0,0.0,1.0,1.0,24.0,1,1716721695.1203737,synthetic_010,train
0.8953914,1.3093063,-0.1588791,0.6,0.6,5.4257007,7.8749213,4.0,4.0,0.0,25.246178,0.0,1.0,1.0,110.0,0.0,0.0,1.0,1.0,24.0,1,1716721700.1203737,synthetic_010,train
4.173869,8.115537,2.4635098,0.3,0.6,5.1321063,7.8749213,5.0,4.0,0.0,23.239725,0.0,1.0,1.0,132.0,0.0,0.0,1.0,1.0,15.0,1,1716721705.1203737,synthetic_010,train
5.0940576,7.7309217,1.2597831,0.46666667,0.6,3.4782813,7.8749213,5.0,4.0,0.0,17.753523,1.0,2.0,2.0,176.0,1.0,0.0,1.0,1.0,24.0,1,1716721710.1203737,synthetic_010,train
5.775164,7.412019,0.9827997,0.425,0.6,3.118246,7.8749213,5.0,4.0,0.0,12.444865,1.0,2.0,2.0,198.0,1.0,0.0,1.0,1.0,24.0,1,1716721715.1203737,synthetic_010,train
6.3664823,6.808654,0.3691438,0.3,0.6,2.7619412,7.8749213,5.0,1.0,0.0,11.846693,1.0,2.0,2.0,220.0,1.0,1.0,1.0,1.0,23.0,1,1716721720.1203737,synthetic_010,train
6.55868,8.827896,0.37865174,0.45,0.75,2.557895,7.8749213,6.0,2.0,1.0,19.954006,1.0,3.0,3.0,313.0,1.0,1.0,1.0,1.0,10.0,1,1716721725.1203737,synthetic_010,train
16.46799,36.230804,3.938765,0.36666667,0.5,2.001579,5.1436896,5.0,2.0,1.0,18.117886,1.0,3.0,3.0,315.0,1.0,1.0,1.0,1.0,23.0,1,1716721730.1203737,synthetic_010,train
13.5940485,34.172867,1.231369,0.5,1.0,1.9480194,6.2614408,5.0,2.0,1.0,26.33818,1.0,3.0,3.0,367.0,1.0,1.0,1.0,1.0,22.0,1,1716721735.1203737,synthetic_010,train
22.893682,44.44316,3.0123432,0.25,0.4,1.808275,6.2614408,4.0,3.0,0.0,25.692463,0.0,3.0,3.0,373.0,1.0,1.0,1.0,1.0,22.0,1,1716721740.1203737,synthetic_010,train
58.436676,78.55197,3.8108306,0.2,0.6,1.2338419,6.2614408,4.0,3.0,0.0,28.40733,1.0,3.0,3.0,649.0,1.0,1.0,1.0,1.0,0.0,1,1716721745.1203737,synthetic_010,train
60.90036,79.258255,1.0395821,0.2,0.6,0.944202,6.2614408,3.0,3.0,0.0,19.133747,1.0,3.0,3.0,855.0,1.0,1.0,1.0,0.0,0.0,0,1716721750.1203737,synthetic_010,train
72.44569,80.202065,0.19778554,0.08163265,0.2857143,0.6428598,6.2614408,2.0,3.0,0.0,12.818752,2.0,1.0,1.0,1121.0,1.0,1.0,1.0,0.0,0.0,0,1716721755.1203737,synthetic_010,train
73.66384,81.31018,0.34288955,0.07936508,0.22222222,0.5960321,6.2614408,2.0,3.0,0.0,11.668374,2.0,1.0,1.0,1445.0,1.0,1.0,1.0,0.0,0.0,0,1716721760.1203737,synthetic_010,train
71.54543,86.18823,0.08418917,0.15151516,0.27272728,0.45462987,2.0119398,0.0,3.0,0.0,20.442991,3.0,2.0,2.0,26.0,0.0,0.0,0.0,0.0,0.0,0,1716720030.0225153,synthetic_011,train
67.69943,85.27988,-0.42234728,0.21825397,0.75,0.5043897,2.3657556,0.0,3.0,0.0,16.23594,3.0,2.0,2.0,34.0,0.0,0.0,1.0,0.0,0.0,0,1716720035.0225153,synthetic_011,train
60.357967,83.342834,-0.84252644,0.26785713,0.875,0.5583062,2.612291,0.0,3.0,0.0,11.436293,3.0,2.0,2.0,42.0,0.0,1.0,1.0,0.0,0.0,0,1716720040.0225153,synthetic_011,train
58.612038,86.018394,-1.8356318,0.24489796,0.85714287,0.66055256,2.9848135,0.0,4.0,0.0,11.727095,3.0,2.0,2.0,48.0,0.0,1.0,1.0,0.0,0.0,0,1716720045.0225153,synthetic_011,train
54.90004,84.25817,-3.1102798,0.4047619,1.0,0.828981,5.3228674,1.0,4.0,0.0,12.065609,2.0,2.0,2.0,50.0,0.0,1.0,1.0,0.0,0.0,0,1716720050.0225153,synthetic_011,train
32.13593,66.036156,-3.5522025,0.3888889,0.8,1.0560397,5.3228674,2.0,4.0,1.0,18.700388,2.0,4.0,4.0,49.0,0.0,1.0,1.0,0.0,0.0,0,1716720055.0225153,synthetic_011,train
4.5064735,6.758609,0.37008044,0.53333336,0.8,1.6313049,5.3228674,2.0,4.0,1.0,22.103817,0.0,4.0,4.0,31.0,0.0,1.0,1.0,0.0,21.0,0,1716720060.0225153,synthetic_011,train
5.593851,6.980256,0.05976664,0.37777779,0.6,2.2060635,6.4883933,3.0,4.0,1.0,26.066536,0.0,4.0,4.0,30.0,1.0,1.0,0.0,0.0,13.0,0,1716720065.0225153,synthetic_011,train
7.6682615,8.837859,0.61704767,0.13333334,0.2,2.7644486,6.4883933,4.0,4.0,1.0,25.014812,1.0,4.0,4.0,30.0,1.0,1.0,0.0,0.0,13.0,0,1716720070.0225153,synthetic_011,train
7.94728,8.686332,0.74320775,0.13333334,0.4,2.6044583,6.4883933,4.0,2.0,0.0,14.843928,1.0,4.0,4.0,36.0,1.0,1.0,1.0,0.0,18.0,0,1716720075.0225153,synthetic_011,train
8.861787,9.138434,0.3582937,0.17777778,0.33333334,2.155983,6.4883933,3.0,4.0,1.0,14.7393,1.0,4.0,4.0,46.0,1.0,1.0,1.0,0.0,18.0,0,1716720080.0225153,synthetic_011,train
6.25349,8.293262,-0.5880887,0.45,1.0,1.7802885,6.4883933,2.0,4.0,1.0,19.580654,1.0,4.0,4.0,67.0,1.0,1.0,1.0,1.0,15.0,0,1716720085.0225153,synthetic_011,train
5.9525914,8.009729,-0.4377337,0.4,0.8,1.6814413,6.4883933,2.0,4.0,1.0,23.069368,1.0,4.0,4.0,79.0,1.0,1.0,1.0,1.0,15.0,0,1716720090.0225153,synthetic_011,train
5.729289,8.2693615,-0.6418734,0.4875,1.0,1.7147905,6.8784194,2.0,4.0,1.0,25.787453,1.0,2.0,2.0,76.0,1.0,1.0,1.0,1.0,15.0,0,1716720095.0225153,synthetic_011,train
3.9477744,6.376869,-0.483925,0.6,1.0,1.5128009,6.8784194,1.0,4.0,1.0,28.19286,0.0,2.0,2.0,80.0,1.0,1.0,1.0,1.0,15.0,0,1716720100.0225153,synthetic_011,train
3.6475656,6.768023,-0.18287249,0.6875,1.0,1.5520037,6.8784194,2.0,4.0,1.0,26.631668,0.0,2.0,2.0,76.0,1.0,1.0,1.0,1.0,17.0,0,1716720105.0225153,synthetic_011,train
2.4972596,4.6735263,0.023050837,0.7,1.0,1.5675169,6.8784194,3.0,4.0,1.0,27.330564,1.0,1.0,1.0,83.0,1.0,1.0,1.0,1.0,17.0,0,1716720110.0225153,synthetic_011,train
2.46686,5.05715,-0.13044995,0.73333335,0.8,2.0160213,6.8784194,4.0,4.0,1.0,23.521973,1.0,1.0,1.0,65.0,0.0,1.0,1.0,0.0,17.0,0,1716720115.0225153,synthetic_011,train
2.0217001,4.6506023,0.024744198,0.8,1.0,2.2396996,6.8784194,4.0,4.0,1.0,14.998481,1.0,1.0,1.0,53.0,0.0,0.0,0.0,0.0,2.0,0,1716720120.0225153,synthetic_011,train
2.1293657,4.6143575,-0.09521709,0.6333333,0.8,2.4404986,9.288008,4.0,4.0,1.0,19.11955,1.0,2.0,2.0,54.0,0.0,0.0,0.0,0.0,25.0,0,1716720125.0225153,synthetic_011,train
2.8803537,4.9569225,-0.41071132,0.6666667,1.0,2.4805667,9.288008,4.0,4.0,1.0,15.360819,1.0,2.0,2.0,57.0,0.0,1.0,0.0,0.0,2.0,0,1716720130.0225153,synthetic_011,train
1.5607039,2.8577974,-0.17431828,0.73333335,1.0,2.6282291,9.288008,4.0,4.0,1.0,21.780075,1.0,2.0,2.0,59.0,0.0,1.0,0.0,0.0,2.0,0,1716720135.0225153,synthetic_011,train
1.4112519,2.9729137,-0.033435713,0.675,0.75,3.3311393,9.288008,4.0,3.0,1.0,28.152714,0.0,2.0,2.0,45.0,1.0,1.0,0.0,0.0,10.0,0,1716720140.0225153,synthetic_011,train
34.586887,89.627075,15.641231,0.33333334,0.6,2.7090576,9.288008,4.0,3.0,1.0,20.511625,0.0,2.0,2.0,59.0,1.0,1.0,0.0,0.0,0.0,0,1716720145.0225153,synthetic_011,train
36.702053,74.17229,5.901864,0.25,0.6,1.9723175,9.288008,4.0,3.0,1.0,22.269073,0.0,2.0,2.0,89.0,1.0,1.0,0.0,0.0,0.0,0,1716720150.0225153,synthetic_011,train
36.714886,74.16577,4.240037,0.25,0.8,1.892715,8.014367,4.0,3.0,0.0,28.95186,0.0,2.0,2.0,90.0,1.0,1.0,1.0,1.0,0.0,0,1716720155.0225153,synthetic_011,train
41.651226,78.31367,1.6828102,0.2,0.6,2.063648,8.014367,4.0,4.0,0.0,23.507595,0.0,2.0,2.0,81.0,1.0,1.0,1.0,1.0,0.0,0,1716720160.0225153,synthetic_011,train
41.651226,78.31367,-3.4434946,0.23333333,0.5,2.1192412,8.014367,4.0,4.0,0.0,24.664001,0.0,2.0,2.0,83.0,1.0,0.0,1.0,1.0,0.0,1,1716720165.0225153,synthetic_011,train
36.108482,71.85011,-4.887739,0.325,0.6,1.7563181,8.014367,3.0,4.0,0.0,25.632063,0.0,2.0,2.0,102.0,0.0,1.0,1.0,1.0,0.0,1,1716720170.0225153,synthetic_011,train
17.166338,22.374357,-2.6484904,0.26666668,0.6,1.8984447,8.014367,2.0,4.0,0.0,27.951351,0.0,2.0,2.0,90.0,0.0,1.0,1.0,1.0,0.0,1,1716720175.0225153,synthetic_011,train
4.604736,7.436384,0.24655072,0.43333334,0.6,2.4812155,8.014367,2.0,4.0,0.0,21.76022,0.0,2.0,2.0,72.0,0.0,1.0,1.0,1.0,17.0,1,1716720180.0225153,synthetic_011,train
4.47996,7.5055046,-0.07180111,0.6,1.0,2.1814127,4.4167323,2.0,4.0,1.0,23.61877,0.0,2.0,2.0,72.0,0.0,1.0,1.0,1.0,17.0,1,1716720185.0225153,synthetic_011,train
4.252571,7.1561627,-0.0785663,0.5,0.6,2.3039043,7.2595572,3.0,3.0,0.0,28.256138,0.0,2.0,2.0,84.0,0.0,1.0,1.0,1.0,12.0,1,1716720190.0225153,synthetic_011,train
4.961333,7.5289855,-0.5413275,0.43333334,0.5,2.126055,7.2595572,2.0,3.0,0.0,24.164265,0.0,2.0,2.0,72.0,0.0,1.0,1.0,0.0,12.0,1,1716720195.0225153,synthetic_011,train
6.2529116,10.013363,0.86189365,0.43333334,0.5,2.4299786,7.2595572,3.0,4.0,1.0,27.107483,0.0,2.0,2.0,72.0,1.0,1.0,1.0,0.0,0.0,1,1716720200.0225153,synthetic_011,train
28.343851,82.2023,8.465438,0.44444445,0.6,2.1457996,7.2595572,3.0,4.0,1.0,25.251572,0.0,2.0,2.0,78.0,1.0,1.0,1.0,0.0,4.0,1,1716720205.0225153,synthetic_011,train
24.365942,74.07165,1.2915084,0.55,1.0,2.0717359,7.2595572,4.0,4.0,1.0,19.75259,1.0,2.0,2.0,99.0,1.0,1.0,1.0,0.0,15.0,1,1716720210.0225153,synthetic_011,train
26.317984,71.86688,0.75452626,0.3,0.4,1.806463,7.2595572,3.0,4.0,1.0,13.794303,1.0,2.0,2.0,107.0,1.0,1.0,1.0,1.0,22.0,1,1716720215.0225153,synthetic_011,train
29.248316,76.29979,-1.7407722,0.33333334,0.4,1.919452,6.717796,3.0,4.0,1.0,12.033639,1.0,2.0,2.0,96.0,1.0,1.0,1.0,1.0,4.0,1,1716720220.0225153,synthetic_011,train
27.592037,74.00973,-2.0181458,0.25,0.4,2.072425,6.717796,4.0,4.0,1.0,15.148177,1.0,2.0,2.0,103.0,1.0,1.0,1.0,1.0,4.0,1,1716720225.0225153,synthetic_011,train
32.73743,85.320694,-8.178648,0.2,0.4,2.0265257,6.717796,3.0,4.0,1.0,16.379395,1.0,2.0,2.0,79.0,1.0,1.0,1.0,1.0,15.0,1,1716720230.0225153,synthetic_011,train
8.000794,14.863152,-0.117691934,0.53333336,1.0,2.9314578,7.8372,5.0,4.0,0.0,28.320879,0.0,2.0,2.0,75.0,1.0,1.0,1.0,1.0,25.0,0,1716720235.0225153,synthetic_011,train
11.895484,15.221344,0.018487453,0.2,0.4,2.67912,7.8372,4.0,4.0,0.0,27.728354,0.0,2.0,2.0,77.0,0.0,1.0,1.0,1.0,22.0,0,1716720240.0225153,synthetic_011,train
7.651089,8.719448,1.7409213,0.3,0.6,3.122838,7.8372,5.0,4.0,0.0,24.510586,0.0,2.0,2.0,70.0,0.0,1.0,0.0,0.0,4.0,0,1716720245.0225153,synthetic_011,train
7.675536,8.701502,1.0433724,0.3,0.6,3.0419679,7.8372,5.0,4.0,0.0,26.052658,0.0,2.0,2.0,70.0,0.0,1.0,1.0,0.0,11.0,0,1716720250.0225153,synthetic_011,train
7.400749,8.915169,0.29619566,0.4,0.6,2.7867222,7.8372,4.0,4.0,0.0,20.030022,0.0,2.0,2.0,70.0,0.0,1.0,1.0,0.0,11.0,0,1716720255.0225153,synthetic_011,train
6.925687,8.603182,-0.01538453,0.26666668,0.6,3.0349371,7.8372,5.0,4.0,1.0,25.547108,0.0,2.0,2.0,77.0,0.0,1.0,1.0,0.0,11.0,0,1716720260.0225153,synthetic_011,train
26.140379,38.012184,3.0903459,0.2,0.4,1.8469917,6.9126253,4.0,4.0,1.0,28.795965,0.0,2.0,2.0,119.0,0.0,1.0,1.0,0.0,0.0,0,1716720265.0225153,synthetic_011,train
51.259705,76.41698,6.1064925,0.2,0.4,1.536946,6.9126253,4.0,4.0,0.0,25.465084,0.0,2.0,2.0,134.0,0.0,1.0,1.0,0.0,0.0,0,1716720270.0225153,synthetic_011,train
50.427467,74.42417,3.6200511,0.2,0.4,1.4002964,6.9126253,3.0,4.0,0.0,22.096836,0.0,2.0,2.0,143.0,0.0,1.0,1.0,0.0,0.0,0,1716720275.0225153,synthetic_011,train
50.325928,74.495026,2.1355004,0.25,0.4,1.3559344,6.9126253,3.0,4.0,0.0,25.304123,0.0,2.0,2.0,144.0,0.0,1.0,1.0,0.0,0.0,0,1716720280.0225153,synthetic_011,train
52.974663,75.562584,1.608506,0.2125,0.25,1.3317959,6.9126253,3.0,4.0,0.0,19.787037,0.0,1.0,1.0,137.0,0.0,1.0,1.0,0.0,0.0,0,1716720285.0225153,synthetic_011,train
50.26716,74.53547,-0.84450245,0.25,0.4,1.5950494,12.004023,3.0,3.0,0.0,24.988361,0.0,1.0,1.0,146.0,0.0,0.0,1.0,0.0,0.0,0,1716720290.0225153,synthetic_011,train
45.50995,84.865166,-6.7016087,0.38333333,0.75,2.097206,12.004023,3.0,3.0,0.0,28.679037,0.0,2.0,2.0,106.0,0.0,0.0,1.0,0.0,0.0,0,1716720295.0225153,synthetic_011,train
9.37578,17.110138,1.3631169,0.4,0.8,2.688572,12.004023,3.0,4.0,1.0,27.40503,0.0,2.0,2.0,89.0,1.0,1.0,1.0,1.0,10.0,0,1716720300.0225153,synthetic_011,train
6.764038,16.22385,2.6583862,0.6,0.8,3.2177052,12.004023,4.0,4.0,1.0,27.155203,0.0,2.0,2.0,82.0,1.0,1.0,1.0,1.0,22.0,0,1716720305.0225153,synthetic_011,train
6.764038,16.22385,1.8385028,0.6,0.8,3.2555575,12.004023,4.0,4.0,0.0,20.551552,0.0,2.0,2.0,83.0,1.0,1.0,1.0,1.0,22.0,0,1716720310.0225153,synthetic_011,train
8.643094,16.580801,1.9532105,0.4,0.8,3.060888,12.004023,5.0,4.0,0.0,24.726633,0.0,2.0,2.0,101.0,1.0,1.0,1.0,1.0,10.0,0,1716720315.0225153,synthetic_011,train
9.85026,15.639148,0.8854655,0.33333334,0.8,2.4219909,5.4212604,5.0,4.0,1.0,26.064621,0.0,3.0,3.0,112.0,1.0,1.0,1.0,1.0,10.0,0,1716720320.0225153,synthetic_011,train
10.329084,14.871162,-0.053866256,0.3,0.6,1.894872,5.4003725,4.0,4.0,1.0,29.37981,0.0,3.0,3.0,142.0,1.0,1.0,1.0,1.0,10.0,0,1716720325.0225153,synthetic_011,train
7.7659707,10.879178,0.17272529,0.37777779,0.6,2.3929207,5.4003725,5.0,2.0,0.0,25.964365,0.0,3.0,3.0,119.0,1.0,1.0,0.0,0.0,10.0,0,1716720330.0225153,synthetic_011,train
8.218719,11.234286,-0.027121302,0.43333334,0.6,2.163697,5.4003725,4.0,2.0,0.0,20.563992,0.0,3.0,3.0,110.0,1.0,1.0,0.0,0.0,10.0,0,1716720335.0225153,synthetic_011,train
8.149688,10.758889,-0.592788,0.42222223,0.6666667,2.3437192,8.265307,4.0,2.0,0.0,26.657703,0.0,3.0,3.0,121.0,1.0,1.0,0.0,0.0,10.0,0,1716720340.0225153,synthetic_011,train
5.540858,7.9785256,-0.2927652,0.44444445,0.6,2.4810052,8.265307,4.0,2.0,0.0,27.586262,0.0,4.0,4.0,123.0,1.0,1.0,0.0,0.0,16.0,0,1716720345.0225153,synthetic_011,train
4.669523,8.616446,-0.03767303,0.6,0.6,2.538389,8.265307,3.0,2.0,0.0,24.427162,0.0,4.0,4.0,96.0,1.0,1.0,0.0,0.0,16.0,0,1716720350.0225153,synthetic_011,train
1.9386655,2.840498,0.15955096,0.3,0.6,4.297904,8.265307,4.0,4.0,0.0,17.874044,1.0,4.0,4.0,60.0,1.0,1.0,0.0,0.0,15.0,1,1716720355.0225153,synthetic_011,train
3.7662349,4.218842,0.45489696,0.325,0.4,3.3890052,8.265307,4.0,4.0,0.0,9.88255,2.0,4.0,4.0,90.0,1.0,1.0,0.0,0.0,3.0,1,1716720360.0225153,synthetic_011,train
2.8246763,3.980683,-0.1646878,0.6,1.0,3.0173385,8.265307,4.0,4.0,0.0,16.299942,2.0,4.0,4.0,120.0,1.0,1.0,1.0,0.0,3.0,1,1716720365.0225153,synthetic_011,train
2.8805068,3.8896997,-0.04466177,0.33333334,0.8,2.604699,5.5846972,3.0,4.0,0.0,16.800835,2.0,4.0,4.0,110.0,1.0,1.0,1.0,0.0,10.0,1,1716720370.0225153,synthetic_011,train
3.2804024,4.1988797,-0.39377764,0.475,0.75,2.521321,5.5846972,2.0,4.0,0.0,15.206394,1.0,2.0,2.0,90.0,0.0,1.0,1.0,0.0,10.0,1,1716720375.0225153,synthetic_011,train
2.6839657,3.983136,-0.48318437,0.6666667,1.0,2.8997705,8.957743,3.0,4.0,1.0,23.920708,1.0,2.0,2.0,110.0,0.0,1.0,1.0,0.0,10.0,1,1716720380.0225153,synthetic_011,train
3.1640656,4.936357,-0.15586063,0.62222224,0.8,2.49392,8.957743,3.0,4.0,1.0,27.616919,0.0,2.0,2.0,130.0,0.0,1.0,1.0,1.0,10.0,1,1716720385.0225153,synthetic_011,train
2.3927193,4.2809205,0.47331962,0.46666667,0.8,2.7830815,8.957743,3.0,3.0,1.0,27.819906,0.0,2.0,2.0,110.0,0.0,1.0,1.0,1.0,21.0,1,1716720390.0225153,synthetic_011,train
6.3485794,10.2054205,2.044909,0.425,0.6,2.8106966,8.957743,3.0,3.0,1.0,20.398478,1.0,2.0,2.0,90.0,0.0,1.0,1.0,1.0,21.0,1,1716720395.0225153,synthetic_011,train
6.052511,10.284166,1.6815969,0.4,0.8,3.0948822,8.957743,4.0,3.0,1.0,14.697042,1.0,2.0,2.0,90.0,1.0,1.0,1.0,1.0,26.0,1,1716720400.0225153,synthetic_011,train
5.2771454,9.008933,0.4469584,0.43333334,0.8,3.1088996,8.957743,5.0,3.0,1.0,16.536947,1.0,2.0,2.0,120.0,1.0,1.0,1.0,1.0,23.0,1,1716720405.0225153,synthetic_011,train
6.3325744,9.579688,0.007143102,0.3,0.4,2.810121,6.0542436,4.0,3.0,0.0,12.119814,1.0,2.0,2.0,100.0,1.0,1.0,1.0,1.0,23.0,1,1716720410.0225153,synthetic_011,train
5.695224,9.673422,-1.1684939,0.25,0.5,3.3450687,7.103843,4.0,1.0,0.0,19.659807,1.0,2.0,2.0,90.0,1.0,1.0,1.0,0.0,16.0,1,1716720415.0225153,synthetic_011,train
12.905311,23.566923,1.2123735,0.13333334,0.2,2.6609104,7.103843,3.0,1.0,0.0,28.880623,0.0,2.0,2.0,110.0,1.0,1.0,0.0,0.0,16.0,1,1716720420.0225153,synthetic_011,train
10.338878,22.950346,1.720356,0.13333334,0.2,3.0472755,7.103843,4.0,1.0,0.0,28.614378,0.0,2.0,2.0,110.0,1.0,1.0,0.0,0.0,16.0,1,1716720425.0225153,synthetic_011,train
10.148444,21.973894,0.6454319,0.3,0.5,2.7861116,7.103843,4.0,3.0,0.0,27.379095,0.0,2.0,2.0,121.0,1.0,1.0,0.0,0.0,16.0,1,1716720430.0225153,synthetic_011,train
10.890254,22.13222,-0.9205644,0.36666667,0.5,2.4934492,7.103843,4.0,3.0,0.0,22.817549,0.0,2.0,2.0,124.0,0.0,1.0,1.0,1.0,16.0,1,1716720435.0225153,synthetic_011,train
9.232518,19.988712,-1.030863,0.4,0.6,2.2877076,7.103843,4.0,3.0,1.0,27.211773,0.0,2.0,2.0,157.0,0.0,1.0,1.0,1.0,16.0,1,1716720440.0225153,synthetic_011,train
9.963216,20.544353,-2.0419905,0.36666667,0.6,2.1907036,4.6394067,4.0,3.0,1.0,27.9558,0.0,2.0,2.0,148.0,0.0,1.0,1.0,1.0,16.0,1,1716720445.0225153,synthetic_011,train
4.362109,5.7898836,-0.09438719,0.33333334,0.6,2.3695116,4.6394067,4.0,3.0,0.0,21.425222,0.0,2.0,2.0,119.0,1.0,1.0,1.0,1.0,17.0,1,1716720450.0225153,synthetic_011,train
4.2790265,5.8243647,-0.3134855,0.33333334,0.6,2.5999584,7.1743226,4.0,3.0,0.0,24.92346,0.0,2.0,2.0,120.0,1.0,1.0,1.0,1.0,17.0,1,1716720455.0225153,synthetic_011,train
4.063274,5.9351163,-0.48422596,0.425,0.6,2.642287,7.1743226,3.0,2.0,0.0,19.515194,0.0,2.0,2.0,99.0,1.0,1.0,1.0,1.0,17.0,1,1716720460.0225153,synthetic_011,train
2.504854,3.081412,-0.47059208,0.36666667,0.4,3.5782166,9.802052,3.0,2.0,0.0,27.088202,0.0,2.0,2.0,88.0,1.0,1.0,0.0,0.0,17.0,0,1716720465.0225153,synthetic_011,train
2.5478804,2.28552,-0.5304904,0.1,0.2,4.6936398,9.802052,4.0,2.0,0.0,23.695011,0.0,2.0,2.0,66.0,1.0,1.0,0.0,0.0,17.0,0,1716720470.0225153,synthetic_011,train
2.5201623,2.5541613,-0.88678086,0.2,0.2,4.739002,9.802052,3.0,2.0,0.0,21.890709,0.0,2.0,2.0,55.0,1.0,1.0,0.0,0.0,17.0,0,1716720475.0225153,synthetic_011,train
3.4635072,4.5139823,1.466414,0.1,0.2,4.957426,9.802052,5.0,2.0,0.0,15.730091,1.0,1.0,1.0,77.0,0.0,1.0,1.0,0.0,22.0,1,1716720480.0225153,synthetic_011,train
11.995339,17.091167,2.8067775,0.2,0.4,2.619207,9.802052,4.0,3.0,1.0,16.221323,1.0,2.0,2.0,132.0,0.0,1.0,1.0,1.0,22.0,1,1716720485.0225153,synthetic_011,train
11.995339,17.091167,2.8067775,0.2,0.4,2.619207,9.802052,4.0,3.0,1.0,16.221323,1.0,2.0,2.0,132.0,0.0,1.0,1.0,1.0,22.0,1,1716720490.0225153,synthetic_011,train
10.659374,16.148432,0.09787739,0.38333333,0.75,2.2376747,8.524156,4.0,3.0,1.0,25.440178,1.0,3.0,3.0,154.0,1.0,1.0,1.0,1.0,15.0,1,1716720495.0225153,synthetic_011,train
9.819539,15.380106,-0.5591273,0.55,1.0,1.9905725,8.524156,4.0,3.0,1.0,23.325005,0.0,3.0,3.0,176.0,1.0,1.0,1.0,1.0,22.0,1,1716720500.0225153,synthetic_011,train
9.887759,14.349836,-0.28888643,0.425,0.6,1.8446735,8.524156,4.0,3.0,1.0,26.524641,0.0,3.0,3.0,209.0,1.0,1.0,1.0,1.0,4.0,1,1716720505.0225153,synthetic_011,train
9.974877,15.1658125,-0.90537256,0.525,0.6,1.5742483,6.7261887,3.0,4.0,1.0,25.063847,0.0,3.0,3.0,187.0,1.0,1.0,1.0,1.0,4.0,1,1716720510.0225153,synthetic_011,train
25.012562,79.36294,8.659175,0.56666666,0.6,2.178046,6.7261887,4.0,4.0,0.0,23.766455,0.0,3.0,3.0,154.0,1.0,1.0,0.0,0.0,4.0,1,1716720515.0225153,synthetic_011,train
23.67099,76.65234,6.5324903,0.53333336,0.6,2.1964762,6.7261887,4.0,4.0,1.0,26.220955,0.0,3.0,3.0,166.0,1.0,1.0,0.0,0.0,4.0,1,1716720520.0225153,synthetic_011,train
29.167831,79.21702,4.456846,0.33333334,0.6,2.1453495,6.075639,5.0,4.0,1.0,28.937454,0.0,3.0,3.0,158.0,0.0,1.0,0.0,0.0,4.0,1,1716720525.0225153,synthetic_011,train
30.57039,82.27056,0.5025794,0.42222223,0.6666667,2.3272417,6.075639,4.0,4.0,1.0,28.615866,0.0,2.0,2.0,149.0,0.0,1.0,0.0,0.0,16.0,1,1716720530.0225153,synthetic_011,train
31.063269,85.9997,-4.5659547,0.43333334,0.5,2.5185637,6.075639,4.0,4.0,1.0,25.698069,0.0,2.0,2.0,140.0,0.0,1.0,0.0,0.0,16.0,1,1716720535.0225153,synthetic_011,train
31.063269,85.9997,-7.1726623,0.43333334,0.6,2.5049887,6.075639,4.0,4.0,0.0,23.984226,0.0,2.0,2.0,141.0,0.0,1.0,0.0,0.0,16.0,1,1716720540.0225153,synthetic_011,train
6.4349203,15.732655,-1.2889817,0.6666667,1.0,2.7009902,4.3617964,5.0,4.0,0.0,24.778538,1.0,2.0,2.0,132.0,0.0,1.0,0.0,0.0,16.0,1,1716720545.0225153,synthetic_011,train
5.491262,15.210358,-1.5117888,0.73333335,1.0,2.647519,4.3617964,6.0,4.0,0.0,21.275162,1.0,2.0,2.0,144.0,0.0,1.0,0.0,0.0,16.0,1,1716720550.0225153,synthetic_011,train
3.3055854,6.3911304,1.0747308,0.53333336,0.8,2.4540048,4.3617964,5.0,4.0,0.0,13.562047,1.0,2.0,2.0,144.0,1.0,1.0,1.0,1.0,16.0,1,1716720555.0225153,synthetic_011,train
14.357764,25.47746,3.8473587,0.4,0.8,1.9948086,4.3617964,5.0,4.0,0.0,21.062374,1.0,2.0,2.0,180.0,1.0,1.0,1.0,1.0,26.0,1,1716720560.0225153,synthetic_011,train
14.9476795,26.332685,3.5162764,0.41666666,1.0,2.1257899,4.3617964,6.0,3.0,0.0,21.770796,1.0,1.0,1.0,168.0,1.0,1.0,1.0,1.0,26.0,1,1716720565.0225153,synthetic_011,train
15.07243,26.260464,2.6463192,0.35,0.8,2.3050115,6.8709006,6.0,3.0,0.0,26.634602,1.0,1.0,1.0,168.0,1.0,1.0,1.0,1.0,26.0,1,1716720570.0225153,synthetic_011,train
15.998236,24.842688,0.85914737,0.2,0.4,2.0058248,6.8709006,5.0,3.0,0.0,28.974216,0.0,1.0,1.0,180.0,1.0,1.0,1.0,1.0,23.0,1,1716720575.0225153,synthetic_011,train
16.6658,24.514452,-0.6403753,0.13333334,0.2,1.8145993,6.8709006,4.0,3.0,0.0,23.682148,0.0,1.0,1.0,180.0,1.0,1.0,1.0,1.0,23.0,1,1716720580.0225153,synthetic_011,train
15.410081,23.953571,-1.6068416,0.15,0.4,1.9249212,6.8709006,4.0,4.0,1.0,29.309456,0.0,1.0,1.0,192.0,1.0,1.0,1.0,1.0,19.0,1,1716720585.0225153,synthetic_011,train
6.2708464,6.463317,0.20121792,0.36666667,0.5,2.0116818,6.8709006,4.0,4.0,1.0,19.765707,1.0,1.0,1.0,169.0,0.0,1.0,1.0,1.0,26.0,1,1716720590.0225153,synthetic_011,train
6.753219,6.4596157,0.010336007,0.35555556,0.6666667,1.9351043,6.8709006,3.0,4.0,1.0,14.065734,1.0,1.0,1.0,157.0,0.0,1.0,1.0,1.0,26.0,1,1716720595.0225153,synthetic_011,train
7.170446,6.5613427,-0.2144234,0.36666667,0.5,1.5237879,4.65301,2.0,4.0,0.0,12.929537,1.0,1.0,1.0,145.0,0.0,1.0,1.0,1.0,26.0,1,1716720600.0225153,synthetic_011,train
4.8318043,6.586912,-0.42495343,0.6,1.0,2.5476604,13.39549,2.0,4.0,1.0,14.686769,1.0,1.0,1.0,148.0,0.0,1.0,1.0,1.0,26.0,1,1716720605.0225153,synthetic_011,train
7.8609004,14.938766,0.92603874,0.53333336,0.6,2.1674166,13.39549,2.0,4.0,1.0,20.429377,1.0,1.0,1.0,189.0,0.0,1.0,1.0,0.0,26.0,1,1716720610.0225153,synthetic_011,train
7.161014,15.320545,0.6876837,0.55,0.8,2.1014764,13.39549,1.0,4.0,0.0,28.960657,0.0,1.0,1.0,180.0,0.0,1.0,1.0,0.0,23.0,1,1716720615.0225153,synthetic_011,train
7.4263406,15.113576,0.47296712,0.5,0.8,2.2722826,13.39549,1.0,4.0,0.0,18.416466,0.0,1.0,1.0,182.0,1.0,1.0,1.0,0.0,3.0,1,1716720620.0225153,synthetic_011,train
7.1318107,14.608411,0.27383694,0.46666667,0.8,2.3867202,13.39549,2.0,4.0,0.0,22.405313,0.0,1.0,1.0,195.0,1.0,1.0,1.0,0.0,3.0,1,1716720625.0225153,synthetic_011,train
8.370206,16.010807,0.41787905,0.475,0.8,2.2258246,13.39549,3.0,4.0,1.0,28.895176,0.0,1.0,1.0,247.0,1.0,1.0,1.0,0.0,3.0,1,1716720630.0225153,synthetic_011,train
9.495996,16.6254,-0.1070386,0.35,0.6,1.6791673,3.9888477,3.0,4.0,0.0,28.076996,0.0,1.0,1.0,221.0,1.0,1.0,1.0,0.0,3.0,1,1716720635.0225153,synthetic_011,train
6.099109,11.962265,-0.26104933,0.46666667,0.6,2.0181344,3.9888477,3.0,4.0,0.0,27.289732,0.0,1.0,1.0,195.0,1.0,1.0,1.0,0.0,3.0,1,1716720640.0225153,synthetic_011,train
27.520525,47.42904,4.0140276,0.4125,0.6,1.4708349,3.9888477,3.0,4.0,1.0,25.77806,0.0,1.0,1.0,247.0,1.0,1.0,1.0,0.0,0.0,0,1716720645.0225153,synthetic_011,train
29.437876,48.2994,2.9626365,0.35,0.8,1.5646493,4.6402464,4.0,4.0,0.0,24.17484,0.0,1.0,1.0,234.0,1.0,1.0,1.0,0.0,0.0,0,1716720650.0225153,synthetic_011,train
29.270742,48.40133,1.9279573,0.43333334,0.8,1.4970518,4.6402464,3.0,4.0,0.0,23.023136,0.0,1.0,1.0,234.0,1.0,1.0,1.0,0.0,0.0,0,1716720655.0225153,synthetic_011,train
33.16807,50.12141,0.9300569,0.4,0.8,1.5105165,5.590711,3.0,3.0,0.0,26.567196,0.0,1.0,1.0,260.0,1.0,1.0,0.0,0.0,0.0,0,1716720660.0225153,synthetic_011,train
39.469196,62.72812,1.4629124,0.38666666,0.8,1.3522786,5.590711,2.0,4.0,1.0,29.22229,0.0,1.0,1.0,299.0,1.0,1.0,0.0,0.0,0.0,0,1716720665.0225153,synthetic_011,train
45.38958,65.37,0.1786166,0.3,0.4,1.289573,5.590711,2.0,4.0,0.0,24.302198,0.0,1.0,1.0,260.0,1.0,1.0,0.0,0.0,0.0,0,1716720670.0225153,synthetic_011,train
30.658594,60.789375,2.5442352,0.25,0.4,2.029751,7.4899473,3.0,4.0,1.0,24.356298,1.0,1.0,1.0,208.0,1.0,1.0,0.0,0.0,25.0,1,1716720675.0225153,synthetic_011,train
33.064365,64.765656,2.5686214,0.35,0.6,1.9540524,7.4899473,2.0,4.0,1.0,21.07255,1.0,1.0,1.0,182.0,1.0,1.0,0.0,0.0,25.0,1,1716720680.0225153,synthetic_011,train
34.148163,59.185642,0.595323,0.25,0.4,1.921777,7.4899473,3.0,4.0,1.0,17.723001,1.0,3.0,3.0,234.0,1.0,1.0,0.0,0.0,17.0,1,1716720685.0225153,synthetic_011,train
37.24812,64.24704,-0.22098102,0.2,0.4,1.9418648,7.4899473,2.0,4.0,1.0,17.8253,1.0,4.0,4.0,195.0,1.0,0.0,1.0,0.0,17.0,1,1716720690.0225153,synthetic_011,train
24.195889,39.080585,1.4169173,0.24444444,0.4,2.2700522,7.4899473,3.0,4.0,1.0,20.326828,1.0,4.0,4.0,169.0,1.0,0.0,1.0,0.0,17.0,1,1716720695.0225153,synthetic_011,train
22.641483,37.995193,0.5117716,0.21666667,0.4,2.4600291,7.4899473,4.0,4.0,1.0,25.025427,1.0,4.0,4.0,182.0,1.0,0.0,1.0,0.0,17.0,1,1716720700.0225153,synthetic_011,train
33.291904,49.5693,2.1018832,0.13333334,0.2,1.9314563,5.604904,3.0,4.0,1.0,21.435484,0.0,4.0,4.0,182.0,1.0,0.0,1.0,1.0,17.0,1,1716720705.0225153,synthetic_011,train
31.072445,48.533466,0.8754824,0.2,0.2,2.3435273,8.112523,4.0,4.0,1.0,29.548006,0.0,4.0,4.0,195.0,1.0,0.0,1.0,1.0,17.0,1,1716720710.0225153,synthetic_011,train
31.432089,54.645447,1.3559179,0.2,0.2,2.5145566,8.112523,3.0,4.0,1.0,23.108152,0.0,4.0,4.0,130.0,1.0,0.0,1.0,1.0,3.0,1,1716720715.0225153,synthetic_011,train
22.953962,50.432213,5.2267146,0.26666668,0.33333334,3.3921793,8.112523,4.0,4.0,1.0,23.755959,0.0,4.0,4.0,104.0,1.0,1.0,1.0,1.0,4.0,1,1716720720.0225153,synthetic_011,train
43.096962,69.30651,10.6240835,0.1,0.2,3.5404913,8.112523,4.0,3.0,1.0,20.469927,1.0,4.0,4.0,105.0,1.0,1.0,1.0,1.0,7.0,1,1716720725.0225153,synthetic_011,train
34.56006,59.9998,-2.119269,0.13333334,0.2,2.7814136,8.112523,4.0,3.0,1.0,15.422205,2.0,5.0,5.0,148.0,1.0,1.0,1.0,1.0,9.0,1,1716720730.0225153,synthetic_011,train
23.71158,52.63304,-0.73536956,0.225,0.25,3.2261589,8.112523,4.0,3.0,1.0,9.299069,2.0,5.0,5.0,123.0,1.0,1.0,1.0,0.0,9.0,0,1716720735.0225153,synthetic_011,train
23.886633,52.54687,-4.187075,0.1,0.2,3.1710753,7.616773,4.0,3.0,1.0,12.3658695,2.0,5.0,5.0,124.0,1.0,1.0,1.0,0.0,25.0,0,1716720740.0225153,synthetic_011,train
19.414505,43.62313,-2.6658711,0.13333334,0.2,2.6283684,7.616773,4.0,3.0,1.0,19.306852,2.0,6.0,6.0,180.0,1.0,1.0,1.0,0.0,25.0,0,1716720745.0225153,synthetic_011,train
16.534569,39.556408,-2.9789584,0.4,1.0,2.111935,7.616773,3.0,4.0,1.0,22.55524,2.0,6.0,6.0,223.0,1.0,1.0,1.0,0.0,25.0,1,1716720750.0225153,synthetic_011,train
6.241272,7.04963,-0.41198176,0.5,1.0,2.001838,7.616773,2.0,4.0,1.0,25.130566,1.0,6.0,6.0,224.0,1.0,1.0,1.0,1.0,25.0,1,1716720755.0225153,synthetic_011,train
4.3377666,5.5398254,-0.4385276,0.6,1.0,1.8374027,7.616773,1.0,4.0,0.0,28.062412,0.0,6.0,6.0,224.0,1.0,1.0,1.0,1.0,25.0,1,1716720760.0225153,synthetic_011,train
3.8673644,5.331524,-0.33115235,0.525,0.8,1.7931559,7.616773,1.0,4.0,0.0,22.866879,0.0,6.0,6.0,238.0,1.0,1.0,1.0,1.0,25.0,1,1716720765.0225153,synthetic_011,train
3.9510453,5.3043985,-0.3987543,0.525,0.6,1.5805581,4.0026083,1.0,4.0,1.0,24.386354,0.0,6.0,6.0,238.0,1.0,1.0,1.0,1.0,25.0,1,1716720770.0225153,synthetic_011,train
2.1256354,3.2946484,-0.094886884,0.6333333,0.8,1.889218,5.2086744,2.0,4.0,1.0,24.629673,0.0,3.0,3.0,196.0,1.0,1.0,1.0,1.0,25.0,1,1716720775.0225153,synthetic_011,train
1.4861373,2.5163674,0.061439488,0.6333333,0.8,2.2133508,5.5819826,3.0,4.0,1.0,24.781092,0.0,3.0,3.0,168.0,1.0,1.0,1.0,1.0,25.0,1,1716720780.0225153,synthetic_011,train
2.8827627,4.9451623,0.42531866,0.51111114,0.6,2.3022592,5.5819826,4.0,4.0,1.0,28.210144,0.0,3.0,3.0,182.0,1.0,1.0,0.0,0.0,25.0,1,1716720785.0225153,synthetic_011,train
2.8903074,4.9352255,0.15408571,0.5,0.6,2.5213566,5.5819826,4.0,4.0,1.0,28.001804,0.0,3.0,3.0,168.0,1.0,1.0,1.0,1.0,17.0,1,1716720790.0225153,synthetic_011,train
4.512567,6.3764825,0.7562798,0.33333334,0.6,2.5497224,5.5819826,4.0,4.0,1.0,29.143784,0.0,3.0,3.0,182.0,1.0,1.0,1.0,1.0,2.0,1,1716720795.0225153,synthetic_011,train
4.3546653,6.2404065,0.44520053,0.41666666,0.6,2.3580358,5.5819826,3.0,4.0,1.0,27.803827,0.0,3.0,3.0,196.0,1.0,1.0,1.0,1.0,2.0,1,1716720800.0225153,synthetic_011,train
4.607544,5.9064775,0.22777173,0.33333334,0.4,2.2704496,5.5819826,3.0,4.0,1.0,28.474762,0.0,3.0,3.0,210.0,1.0,1.0,1.0,1.0,2.0,1,1716720805.0225153,synthetic_011,train
7.034215,10.508903,0.76695216,0.33333334,0.4,2.2224112,5.164252,3.0,4.0,1.0,28.171915,0.0,3.0,3.0,210.0,1.0,1.0,1.0,1.0,2.0,1,1716720810.0225153,synthetic_011,train
12.035625,22.841179,2.8132246,0.36666667,0.5,1.917937,4.982577,2.0,4.0,1.0,25.77312,0.0,3.0,3.0,196.0,1.0,1.0,1.0,1.0,2.0,1,1716720815.0225153,synthetic_011,train
14.902536,25.192274,3.811422,0.2,0.4,1.9958022,4.982577,2.0,4.0,0.0,19.852325,0.0,3.0,3.0,154.0,1.0,1.0,0.0,0.0,20.0,1,1716720820.0225153,synthetic_011,train
12.909842,24.545568,0.4563385,0.53333336,1.0,2.2727787,9.271048,3.0,4.0,0.0,27.281965,0.0,2.0,2.0,182.0,1.0,1.0,0.0,0.0,24.0,1,1716720825.0225153,synthetic_011,train
13.495352,24.044743,-0.52668625,0.51666665,0.75,2.0756216,9.271048,3.0,4.0,1.0,25.180208,0.0,3.0,3.0,196.0,1.0,1.0,0.0,0.0,16.0,1,1716720830.0225153,synthetic_011,train
12.775156,23.452105,-1.6387149,0.6,0.8,2.0169332,9.271048,3.0,4.0,1.0,20.217136,1.0,3.0,3.0,210.0,0.0,1.0,0.0,0.0,20.0,1,1716720835.0225153,synthetic_011,train
11.775192,23.908644,-2.091311,0.62222224,0.8,1.9200104,9.271048,2.0,4.0,1.0,18.367992,1.0,3.0,3.0,182.0,0.0,1.0,0.0,0.0,16.0,1,1716720840.0225153,synthetic_011,train
5.8292093,10.166509,-0.32390893,0.53333336,0.6,2.232385,9.271048,3.0,4.0,1.0,12.914521,1.0,3.0,3.0,211.0,1.0,1.0,0.0,0.0,2.0,1,1716720845.0225153,synthetic_011,train
5.7451687,9.827532,-0.29640985,0.4,0.6,2.2601013,9.271048,3.0,4.0,1.0,13.445287,1.0,3.0,3.0,226.0,1.0,1.0,0.0,0.0,2.0,1,1716720850.0225153,synthetic_011,train
7.5085006,10.126433,0.57145685,0.35,0.6,1.8726095,5.649274,3.0,4.0,0.0,23.205898,1.0,3.0,3.0,231.0,1.0,1.0,0.0,0.0,16.0,1,1716720855.0225153,synthetic_011,train
7.235995,8.837588,0.7325217,0.33333334,0.4,2.056139,5.649274,4.0,4.0,0.0,25.192812,0.0,3.0,3.0,219.0,1.0,1.0,1.0,1.0,20.0,1,1716720860.0225153,synthetic_011,train
8.082061,8.995092,0.35040832,0.4,1.0,1.8597016,5.438648,4.0,4.0,1.0,24.316578,0.0,2.0,2.0,237.0,1.0,1.0,1.0,1.0,16.0,1,1716720865.0225153,synthetic_011,train
8.082061,8.995092,0.35040832,0.4,1.0,1.8597016,5.438648,4.0,4.0,1.0,24.316578,0.0,2.0,2.0,237.0,1.0,1.0,1.0,1.0,16.0,1,1716720870.0225153,synthetic_011,train
9.360377,9.933082,0.01204675,0.3,0.5,1.6668844,3.4210458,3.0,3.0,0.0,17.326767,0.0,2.0,2.0,180.0,1.0,1.0,1.0,1.0,16.0,1,1716720875.0225153,synthetic_011,train
8.374924,10.024445,-0.71539557,0.35555556,0.6666667,2.289528,11.605022,4.0,3.0,1.0,26.34282,0.0,3.0,3.0,195.0,1.0,1.0,1.0,1.0,16.0,1,1716720880.0225153,synthetic_011,train
5.4530535,6.7960234,-0.9035845,0.25,0.5,3.385653,11.605022,4.0,3.0,1.0,27.297207,0.0,3.0,3.0,135.0,1.0,1.0,1.0,1.0,16.0,1,1716720885.0225153,synthetic_011,train
19.16039,43.542137,7.899733,0.225,0.25,3.2403712,11.605022,3.0,2.0,0.0,25.979809,0.0,3.0,3.0,135.0,1.0,0.0,1.0,0.0,16.0,1,1716720890.0225153,synthetic_011,train
21.352245,49.702,5.4226317,0.1,0.2,4.094481,11.605022,3.0,2.0,0.0,17.056345,0.0,4.0,4.0,105.0,1.0,0.0,1.0,0.0,16.0,0,1716720895.0225153,synthetic_011,train
17.105415,43.87468,0.26361686,0.225,0.25,3.8281527,11.605022,4.0,2.0,0.0,22.848352,0.0,4.0,4.0,135.0,1.0,1.0,1.0,0.0,16.0,0,1716720900.0225153,synthetic_011,train
13.995339,39.84808,-1.2557429,0.53333336,1.0,3.6100044,11.605022,4.0,2.0,0.0,25.550024,1.0,4.0,4.0,165.0,1.0,1.0,1.0,1.0,11.0,0,1716720905.0225153,synthetic_011,train
16.990522,43.923355,-4.764604,0.375,0.75,3.0303278,7.4107947,3.0,2.0,0.0,17.655249,1.0,4.0,4.0,135.0,1.0,1.0,1.0,1.0,11.0,0,1716720910.0225153,synthetic_011,train
17.68094,37.309353,-1.2408357,0.36666667,0.6,2.0881622,6.242011,3.0,2.0,0.0,13.184866,1.0,5.0,5.0,210.0,1.0,1.0,1.0,1.0,19.0,0,1716720915.0225153,synthetic_011,train
8.41202,17.277838,1.7463609,0.44444445,0.6,2.2818465,6.242011,4.0,2.0,0.0,16.043306,1.0,5.0,5.0,195.0,1.0,1.0,1.0,1.0,19.0,1,1716720920.0225153,synthetic_011,train
8.566915,17.374067,1.246197,0.5555556,0.6666667,2.166622,6.242011,4.0,2.0,0.0,19.607166,1.0,5.0,5.0,195.0,1.0,1.0,1.0,1.0,19.0,1,1716720925.0225153,synthetic_011,train
8.682429,17.307161,0.40219927,0.4,0.6,2.3467062,6.242011,5.0,2.0,0.0,25.458506,1.0,5.0,5.0,195.0,1.0,1.0,1.0,1.0,19.0,1,1716720930.0225153,synthetic_011,train
9.156,17.133142,-0.6351888,0.37777779,0.4,2.2003992,6.242011,5.0,2.0,0.0,20.642935,1.0,6.0,6.0,195.0,1.0,1.0,1.0,1.0,19.0,1,1716720935.0225153,synthetic_011,train
8.188985,15.520694,-0.6298847,0.3,0.4,2.1777432,6.242011,5.0,2.0,0.0,21.45141,1.0,6.0,6.0,240.0,1.0,1.0,1.0,1.0,19.0,1,1716720940.0225153,synthetic_011,train
3.4276729,3.5030878,0.16524048,0.26666668,0.4,2.6894224,4.545158,5.0,3.0,0.0,14.290808,1.0,6.0,6.0,165.0,1.0,1.0,1.0,1.0,21.0,1,1716720945.0225153,synthetic_011,train
4.384386,5.1072974,0.26292095,0.36666667,0.5,2.2990975,4.545158,4.0,4.0,1.0,18.612488,1.0,6.0,6.0,210.0,1.0,1.0,1.0,1.0,12.0,1,1716720950.0225153,synthetic_011,train
4.6124206,5.0782776,0.40803772,0.33333334,0.6,2.1093175,4.545158,3.0,4.0,1.0,21.675686,1.0,6.0,6.0,225.0,1.0,1.0,1.0,1.0,15.0,1,1716720955.0225153,synthetic_011,train
4.445401,5.1940007,0.16882958,0.4,0.4,1.8911929,4.111869,2.0,4.0,1.0,25.164902,1.0,6.0,6.0,225.0,1.0,1.0,1.0,1.0,15.0,1,1716720960.0225153,synthetic_011,train
4.6557384,5.434632,0.13014404,0.37777779,0.4,1.9240931,4.111869,2.0,4.0,1.0,22.60902,0.0,6.0,6.0,195.0,1.0,1.0,0.0,0.0,15.0,1,1716720965.0225153,synthetic_011,train
4.0254498,5.5229363,-0.24683918,0.4888889,0.6666667,2.3420517,7.9433475,4.0,4.0,1.0,26.334803,0.0,2.0,2.0,195.0,1.0,1.0,0.0,0.0,18.0,1,1716720970.0225153,synthetic_011,train
4.605978,5.5612893,-0.061756015,0.41666666,0.6,2.1495144,7.9433475,3.0,4.0,1.0,28.201712,0.0,2.0,2.0,210.0,1.0,1.0,0.0,0.0,18.0,1,1716720975.0225153,synthetic_011,train
16.789896,39.172295,3.4885542,0.33333334,0.4,2.0449538,7.9433475,4.0,4.0,1.0,29.714079,0.0,2.0,2.0,225.0,1.0,1.0,1.0,0.0,18.0,0,1716720980.0225153,synthetic_011,train
18.210152,42.057438,3.4548576,0.31111112,0.6,2.3427587,7.9433475,5.0,4.0,1.0,27.007011,0.0,2.0,2.0,195.0,1.0,1.0,1.0,0.0,18.0,0,1716720985.0225153,synthetic_011,train
19.437714,43.683636,2.096376,0.36666667,0.5,2.487171,7.9433475,5.0,4.0,0.0,21.902702,0.0,2.0,2.0,180.0,1.0,1.0,1.0,0.0,5.0,0,1716720990.0225153,synthetic_011,train
17.084257,40.64261,0.46178037,0.36666667,0.5,2.575872,7.9433475,6.0,4.0,0.0,28.11886,0.0,2.0,2.0,210.0,1.0,1.0,1.0,0.0,1.0,1,1716720995.0225153,synthetic_011,train
21.397964,45.286674,-2.0645487,0.2,0.6,2.2172766,4.2514176,4.0,3.0,0.0,23.244928,0.0,2.0,2.0,165.0,1.0,1.0,1.0,0.0,1.0,1,1716721000.0225153,synthetic_011,train
20.16265,45.765568,-5.3728895,0.53333336,1.0,2.6625214,8.092962,5.0,0.0,0.0,27.51287,0.0,2.0,2.0,165.0,1.0,1.0,1.0,1.0,1.0,1,1716721005.0225153,synthetic_011,train
1.8679427,2.2160034,-0.055192847,0.45,0.5,3.9818985,8.092962,5.0,0.0,0.0,24.277874,0.0,2.0,2.0,105.0,1.0,1.0,1.0,1.0,1.0,1,1716721010.0225153,synthetic_011,train
3.076869,3.1338587,0.7778692,0.3,0.6,3.4471738,8.092962,5.0,0.0,0.0,26.773148,0.0,2.0,2.0,135.0,1.0,1.0,1.0,1.0,24.0,1,1716721015.0225153,synthetic_011,train
4.802727,4.9679284,1.351854,0.2,0.4,3.0606344,8.092962,4.0,0.0,0.0,23.354168,0.0,2.0,2.0,135.0,0.0,1.0,1.0,1.0,1.0,1,1716721020.0225153,synthetic_011,train
5.9465938,5.805058,1.0263547,0.1,0.2,3.0955522,8.092962,5.0,3.0,0.0,22.86256,0.0,2.0,2.0,150.0,0.0,1.0,1.0,1.0,26.0,1,1716721025.0225153,synthetic_011,train
6.029041,5.3544736,0.6436188,0.06666667,0.2,2.940979,8.092962,5.0,3.0,0.0,27.198784,0.0,2.0,2.0,180.0,0.0,1.0,1.0,1.0,26.0,1,1716721030.0225153,synthetic_011,train
5.9054766,5.4844556,-0.29048052,0.33333334,1.0,2.5830483,5.557263,5.0,3.0,0.0,21.535309,1.0,2.0,2.0,180.0,0.0,1.0,0.0,0.0,26.0,1,1716721035.0225153,synthetic_011,train
5.603327,5.474967,-0.41162962,0.26666668,0.6,2.0780308,5.557263,4.0,3.0,0.0,17.290022,1.0,2.0,2.0,227.0,0.0,1.0,0.0,0.0,26.0,1,1716721040.0225153,synthetic_011,train
4.886762,5.821965,-0.72018003,0.36666667,0.6,2.1177175,5.557263,4.0,3.0,0.0,16.500277,1.0,2.0,2.0,215.0,1.0,1.0,0.0,0.0,26.0,1,1716721045.0225153,synthetic_011,train
4.067842,5.1525393,-0.49076495,0.42222223,0.6666667,2.221191,5.557263,4.0,3.0,0.0,14.349674,1.0,2.0,2.0,200.0,1.0,1.0,0.0,0.0,26.0,1,1716721050.0225153,synthetic_011,train
3.07135,4.114576,-0.3149491,0.5,0.6,1.9249513,5.175594,2.0,3.0,0.0,13.014436,1.0,1.0,1.0,155.0,1.0,1.0,0.0,0.0,13.0,0,1716721055.0225153,synthetic_011,train
1.9812167,3.819594,-0.06026555,0.675,0.75,3.0311327,12.366905,3.0,3.0,0.0,22.955622,0.0,1.0,1.0,142.0,1.0,1.0,0.0,0.0,13.0,0,1716721060.0225153,synthetic_011,train
2.2520723,3.7472868,-0.5327455,0.575,0.75,3.0952568,12.366905,3.0,4.0,0.0,24.949308,0.0,2.0,2.0,146.0,1.0,1.0,1.0,1.0,15.0,0,1716721065.0225153,synthetic_011,train
3.953093,4.9656696,1.2765596,0.425,0.6,3.336143,12.366905,4.0,4.0,0.0,24.849693,0.0,2.0,2.0,152.0,1.0,1.0,1.0,1.0,15.0,0,1716721070.0225153,synthetic_011,train
4.5504537,5.025133,1.1186727,0.3,0.6,3.5771706,12.366905,4.0,4.0,1.0,16.25046,0.0,2.0,2.0,136.0,0.0,1.0,1.0,1.0,4.0,0,1716721075.0225153,synthetic_011,train
4.0351434,4.656872,0.3435849,0.4,0.6,3.5496016,12.366905,6.0,4.0,1.0,23.12911,0.0,2.0,2.0,170.0,1.0,1.0,1.0,1.0,18.0,0,1716721080.0225153,synthetic_011,train
6.6161847,9.678694,1.3843753,0.26666668,0.6,3.1970832,12.366905,6.0,4.0,1.0,25.998095,0.0,2.0,2.0,204.0,1.0,1.0,1.0,1.0,4.0,0,1716721085.0225153,synthetic_011,train
6.607377,9.1711855,0.6296259,0.2,0.4,2.567847,4.9226713,7.0,4.0,1.0,28.45934,0.0,2.0,2.0,222.0,1.0,1.0,1.0,1.0,4.0,0,1716721090.0225153,synthetic_011,train
6.95485,9.489194,0.02818756,0.3,0.5,2.593352,3.8899696,6.0,4.0,1.0,27.230257,0.0,2.0,2.0,206.0,1.0,1.0,1.0,0.0,4.0,0,1716721095.0225153,synthetic_011,train
5.2636642,10.367059,-0.50720626,0.4,0.6,2.9275706,5.055091,6.0,4.0,1.0,25.459356,0.0,2.0,2.0,174.0,1.0,1.0,0.0,0.0,17.0,0,1716721100.0225153,synthetic_011,train
4.733872,9.973018,-0.83283657,0.6,1.0,2.8596528,5.055091,6.0,3.0,0.0,27.617193,0.0,2.0,2.0,193.0,1.0,1.0,1.0,0.0,17.0,0,1716721105.0225153,synthetic_011,train
4.8124785,10.50889,-1.794036,0.5,0.8,2.621038,5.055091,4.0,3.0,1.0,23.691467,0.0,2.0,2.0,177.0,1.0,1.0,1.0,0.0,17.0,0,1716721110.0225153,synthetic_011,train
1.0091114,1.5261356,-0.33695462,0.675,0.75,3.1764064,5.246262,5.0,2.0,0.0,24.943052,0.0,2.0,2.0,161.0,1.0,1.0,1.0,0.0,17.0,0,1716721115.0225153,synthetic_011,train
11.286499,23.72812,4.804784,0.4,0.8,2.6877062,6.957944,4.0,3.0,1.0,26.888514,0.0,2.0,2.0,198.0,1.0,1.0,1.0,0.0,0.0,0,1716721120.0225153,synthetic_011,train
15.335569,22.294327,2.428079,0.4,0.8,2.000333,6.957944,4.0,3.0,0.0,24.949907,0.0,1.0,1.0,270.0,1.0,1.0,1.0,0.0,0.0,0,1716721125.0225153,synthetic_011,train
17.694887,23.122492,2.4715855,0.31111112,0.6,1.8733422,6.957944,3.0,3.0,0.0,19.702856,0.0,1.0,1.0,234.0,1.0,1.0,1.0,0.0,0.0,0,1716721130.0225153,synthetic_011,train
17.694952,21.96835,0.07168216,0.21666667,0.4,2.0473948,7.7409973,3.0,4.0,1.0,27.030678,0.0,2.0,2.0,252.0,1.0,1.0,0.0,0.0,0.0,0,1716721135.0225153,synthetic_011,train
19.900782,24.922443,-0.05797117,0.4,1.0,2.0932534,7.7409973,4.0,4.0,1.0,28.245792,0.0,2.0,2.0,288.0,1.0,1.0,0.0,0.0,0.0,0,1716721140.0225153,synthetic_011,train
20.05814,23.985752,-0.7837171,0.15,0.4,1.9302597,7.7409973,4.0,4.0,1.0,25.85647,0.0,2.0,2.0,306.0,1.0,1.0,0.0,0.0,0.0,0,1716721145.0225153,synthetic_011,train
15.672657,20.71972,-0.81878996,0.3,0.5,1.9849222,7.7409973,4.0,4.0,1.0,26.92276,0.0,2.0,2.0,252.0,1.0,1.0,0.0,0.0,0.0,0,1716721150.0225153,synthetic_011,train
11.539007,21.69755,-0.44174573,0.3,0.4,3.1141744,7.7409973,5.0,4.0,1.0,23.400745,0.0,2.0,2.0,180.0,1.0,1.0,0.0,0.0,2.0,0,1716721155.0225153,synthetic_011,train
10.7901,20.733421,-0.70576274,0.2,0.4,3.161543,7.7409973,6.0,4.0,1.0,27.035975,0.0,2.0,2.0,199.0,1.0,1.0,0.0,0.0,2.0,0,1716721160.0225153,synthetic_011,train
10.052277,22.099483,-2.9491084,0.4,0.4,3.1454122,6.469317,6.0,4.0,1.0,26.93258,0.0,2.0,2.0,183.0,1.0,1.0,1.0,0.0,2.0,0,1716721165.0225153,synthetic_011,train
5.9647946,8.658154,0.074286304,0.46666667,1.0,2.5474606,6.469317,5.0,4.0,0.0,26.614988,0.0,2.0,2.0,224.0,1.0,1.0,1.0,0.0,1.0,0,1716721170.0225153,synthetic_011,train
4.4546976,8.0136385,0.37951174,0.6,1.0,2.7402534,6.469317,5.0,3.0,0.0,26.807264,0.0,2.0,2.0,207.0,1.0,1.0,1.0,0.0,11.0,0,1716721175.0225153,synthetic_011,train
4.6647964,7.914855,0.039091453,0.26666668,0.6,2.9090567,6.469317,5.0,3.0,0.0,25.530306,0.0,2.0,2.0,208.0,1.0,1.0,1.0,0.0,1.0,1,1716721180.0225153,synthetic_011,train
4.945785,8.284955,-0.13520384,0.4,0.6,2.5530305,5.6932025,4.0,3.0,0.0,21.895077,0.0,2.0,2.0,190.0,1.0,1.0,1.0,0.0,1.0,1,1716721185.0225153,synthetic_011,train
4.734407,8.358222,-0.44986528,0.4,0.6,3.2002482,10.107405,4.0,3.0,0.0,26.309278,0.0,2.0,2.0,190.0,1.0,1.0,1.0,1.0,1.0,1,1716721190.0225153,synthetic_011,train
5.7724905,8.242045,-0.28636354,0.33333334,0.6,2.5500891,10.107405,3.0,3.0,0.0,28.351004,0.0,2.0,2.0,228.0,1.0,1.0,1.0,1.0,27.0,1,1716721195.0225153,synthetic_011,train
3.8243444,5.3155923,1.2725784,0.3,0.6,3.6177802,10.107405,4.0,4.0,0.0,24.800362,0.0,2.0,2.0,153.0,1.0,1.0,1.0,1.0,22.0,1,1716721200.0225153,synthetic_011,train
4.425138,5.4766297,0.49113005,0.26666668,0.4,2.792108,10.107405,3.0,4.0,1.0,25.52083,0.0,3.0,3.0,214.0,1.0,1.0,1.0,1.0,27.0,1,1716721205.0225153,synthetic_011,train
4.215039,5.608581,0.17467563,0.6,1.0,2.6726925,10.107405,3.0,4.0,1.0,19.292212,0.0,3.0,3.0,215.0,1.0,1.0,1.0,1.0,27.0,1,1716721210.0225153,synthetic_011,train
3.8637857,5.484257,-0.027751017,0.6,1.0,2.7854877,10.107405,4.0,4.0,1.0,23.318447,0.0,3.0,3.0,235.0,1.0,1.0,1.0,1.0,27.0,1,1716721215.0225153,synthetic_011,train
3.4752448,5.412787,-0.35827363,0.6666667,1.0,2.1601272,4.026235,4.0,4.0,1.0,26.936405,0.0,3.0,3.0,256.0,1.0,1.0,0.0,0.0,27.0,1,1716721220.0225153,synthetic_011,train
2.5162709,4.2524705,-0.21924771,0.6,0.8,2.548548,4.026235,4.0,4.0,0.0,21.567526,0.0,3.0,3.0,200.0,1.0,1.0,0.0,0.0,0.0,1,1716721225.0225153,synthetic_011,train
2.233508,4.097648,-0.2507295,0.73333335,1.0,2.5784125,4.860852,4.0,4.0,0.0,26.565432,0.0,3.0,3.0,220.0,1.0,1.0,0.0,0.0,14.0,1,1716721230.0225153,synthetic_011,train
0.92668957,1.6446143,0.31984037,0.65,0.8,3.207101,4.860852,4.0,4.0,0.0,18.570923,0.0,3.0,3.0,140.0,0.0,1.0,0.0,0.0,22.0,1,1716721235.0225153,synthetic_011,train
1.0811378,1.745088,0.32640666,0.8,1.0,3.0951538,4.860852,3.0,4.0,0.0,14.544687,0.0,3.0,3.0,120.0,0.0,1.0,0.0,0.0,22.0,0,1716721240.0225153,synthetic_011,train
1.1979333,1.6805136,0.05584132,0.3,0.6,5.2781043,17.12394,3.0,4.0,1.0,28.438005,0.0,3.0,3.0,120.0,0.0,1.0,0.0,0.0,22.0,0,1716721245.0225153,synthetic_011,train
1.9560097,2.0230434,-0.11581899,0.2,0.4,5.147406,17.12394,2.0,4.0,1.0,27.897968,0.0,3.0,3.0,120.0,0.0,1.0,0.0,0.0,22.0,1,1716721250.0225153,synthetic_011,train
1.8854595,2.3246088,0.4600865,0.45,0.5,4.6830945,17.12394,2.0,4.0,0.0,27.92081,0.0,3.0,3.0,140.0,0.0,1.0,0.0,0.0,17.0,1,1716721255.0225153,synthetic_011,train
2.1459026,2.6546447,0.9559018,0.4,0.4,5.1973305,17.12394,1.0,3.0,0.0,8.862713,0.0,3.0,3.0,100.0,0.0,1.0,0.0,0.0,17.0,1,1716721260.0225153,synthetic_011,train
1.7882522,2.5308485,0.23967206,0.7,1.0,5.987586,17.12394,2.0,3.0,0.0,18.801579,0.0,3.0,3.0,120.0,1.0,1.0,0.0,0.0,17.0,1,1716721265.0225153,synthetic_011,train
4.626003,5.4370227,1.5233829,0.325,0.4,4.4563103,17.12394,2.0,4.0,0.0,22.982853,0.0,3.0,3.0,180.0,1.0,1.0,0.0,0.0,16.0,1,1716721270.0225153,synthetic_011,train
4.35417,4.9517903,0.32757577,0.53333336,1.0,2.7570646,9.938866,2.0,4.0,1.0,28.98695,0.0,3.0,3.0,220.0,1.0,1.0,1.0,1.0,6.0,1,1716721275.0225153,synthetic_011,train
5.220164,5.1527424,0.35212216,0.3,0.4,2.770398,9.938866,2.0,4.0,1.0,25.00995,0.0,2.0,2.0,200.0,1.0,0.0,1.0,1.0,6.0,1,1716721280.0225153,synthetic_011,train
10.770548,22.466078,1.3618268,0.46666667,1.0,2.4567473,9.938866,3.0,4.0,1.0,19.5421,0.0,2.0,2.0,240.0,1.0,0.0,1.0,1.0,8.0,1,1716721285.0225153,synthetic_011,train
10.143613,21.62808,0.8013202,0.35555556,0.6666667,2.620034,9.938866,4.0,4.0,1.0,24.121576,0.0,2.0,2.0,260.0,1.0,0.0,1.0,1.0,8.0,1,1716721290.0225153,synthetic_011,train
9.889497,20.762693,-0.057499845,0.21666667,0.4,2.2637944,5.5451922,5.0,4.0,1.0,29.611408,0.0,2.0,2.0,280.0,0.0,0.0,1.0,1.0,8.0,1,1716721295.0225153,synthetic_011,train
9.777132,23.545704,-0.13653187,0.2,0.4,2.501077,5.5451922,5.0,4.0,1.0,24.624928,0.0,2.0,2.0,220.0,0.0,0.0,1.0,1.0,8.0,1,1716721300.0225153,synthetic_011,train
12.57323,27.530962,-3.1878603,0.2,0.4,2.5208735,5.5451922,4.0,4.0,0.0,18.811705,0.0,2.0,2.0,160.0,0.0,0.0,0.0,0.0,8.0,0,1716721305.0225153,synthetic_011,train
13.104515,29.692509,-5.313076,0.2,0.4,2.6873863,5.5451922,4.0,4.0,0.0,13.266512,0.0,2.0,2.0,140.0,0.0,0.0,0.0,0.0,8.0,0,1716721310.0225153,synthetic_011,train
2.1737363,1.4857235,-0.32637575,0.1,0.2,5.3395357,15.710431,5.0,0.0,0.0,27.457739,0.0,2.0,2.0,120.0,1.0,0.0,0.0,0.0,15.0,0,1716721315.0225153,synthetic_011,train
3.979632,3.7394137,0.9475591,0.1,0.2,4.344244,15.710431,4.0,0.0,0.0,27.356304,0.0,2.0,2.0,140.0,1.0,0.0,0.0,0.0,4.0,0,1716721320.0225153,synthetic_011,train
4.254285,4.5212708,2.2362268,0.2,0.2,4.5676327,15.710431,2.0,0.0,0.0,7.127733,0.0,2.0,2.0,100.0,1.0,0.0,0.0,0.0,4.0,0,1716721325.0225153,synthetic_011,train
9.930938,16.597767,3.4364932,0.26666668,0.33333334,4.204661,15.710431,3.0,3.0,0.0,17.926857,0.0,2.0,2.0,160.0,1.0,1.0,0.0,0.0,14.0,1,1716721330.0225153,synthetic_011,train
7.9447503,15.224975,0.78648734,0.4,0.6,3.642198,15.710431,3.0,3.0,0.0,20.71155,0.0,2.0,2.0,200.0,1.0,1.0,1.0,1.0,14.0,1,1716721335.0225153,synthetic_011,train
7.9447503,15.224975,0.78648734,0.4,0.6,3.642198,15.710431,3.0,3.0,0.0,20.71155,0.0,2.0,2.0,200.0,1.0,1.0,1.0,1.0,14.0,1,1716721340.0225153,synthetic_011,train
9.56928,16.800032,-1.7123889,0.43333334,0.6666667,3.6580389,12.728522,2.0,3.0,0.0,28.171501,0.0,2.0,2.0,160.0,1.0,1.0,1.0,1.0,14.0,1,1716721345.0225153,synthetic_011,train
45.11448,93.65477,13.218555,0.3,0.6,3.1202722,12.728522,2.0,4.0,1.0,19.860392,1.0,2.0,2.0,200.0,1.0,1.0,1.0,1.0,21.0,1,1716721350.0225153,synthetic_011,train
38.351,86.19572,4.8199706,0.36666667,0.6,2.9482114,12.728522,2.0,4.0,1.0,19.682188,1.0,2.0,2.0,240.0,1.0,1.0,1.0,1.0,21.0,1,1716721355.0225153,synthetic_011,train
33.88234,86.904205,-1.6675558,0.43333334,0.5,2.5960884,12.728522,1.0,4.0,1.0,14.561677,1.0,2.0,2.0,240.0,1.0,1.0,1.0,1.0,21.0,1,1716721360.0225153,synthetic_011,train
32.38971,83.3287,-6.546403,0.31111112,0.6,2.5067654,12.728522,1.0,4.0,1.0,13.748835,1.0,2.0,2.0,260.0,1.0,1.0,1.0,1.0,25.0,1,1716721365.0225153,synthetic_011,train
27.892221,75.28472,-4.823467,0.25,0.6,2.3947144,12.728522,2.0,4.0,1.0,19.190182,1.0,2.0,2.0,320.0,1.0,1.0,1.0,1.0,26.0,1,1716721370.0225153,synthetic_011,train
28.22235,75.170166,-5.9751606,0.25,0.4,1.7196674,3.99753,1.0,4.0,1.0,20.433743,1.0,2.0,2.0,320.0,0.0,1.0,1.0,1.0,26.0,1,1716721375.0225153,synthetic_011,train
4.96097,6.4589286,0.6459956,0.33333334,0.6,1.8853581,3.99753,1.0,3.0,0.0,19.771927,0.0,1.0,1.0,240.0,0.0,1.0,1.0,1.0,26.0,1,1716721380.0225153,synthetic_011,train
5.0464396,6.8097124,1.0026127,0.4,0.4,1.8448482,3.99753,1.0,3.0,0.0,15.54873,0.0,1.0,1.0,200.0,0.0,1.0,0.0,0.0,26.0,1,1716721385.0225153,synthetic_011,train
5.788629,6.89075,0.055170406,0.2,0.4,3.3510468,16.078308,2.0,3.0,0.0,28.811954,0.0,1.0,1.0,180.0,1.0,0.0,1.0,1.0,26.0,1,1716721390.0225153,synthetic_011,train
10.106258,11.992782,1.4758761,0.2,0.2,2.9776356,16.078308,2.0,3.0,0.0,25.778826,0.0,1.0,1.0,200.0,1.0,1.0,1.0,1.0,26.0,1,1716721395.0225153,synthetic_011,train
5.8348675,10.688896,-0.82721424,0.6,1.0,2.256293,16.078308,1.0,3.0,0.0,21.08003,1.0,1.0,1.0,260.0,1.0,1.0,1.0,1.0,26.0,1,1716721400.0225153,synthetic_011,train
5.802372,11.163517,-1.0350935,0.6666667,1.0,2.28367,16.078308,1.0,3.0,0.0,8.494299,1.0,1.0,1.0,240.0,1.0,1.0,1.0,1.0,26.0,1,1716721405.0225153,synthetic_011,train
5.3560357,10.808727,-1.0045748,0.6666667,1.0,2.7976124,16.078308,2.0,3.0,0.0,14.047376,1.0,1.0,1.0,260.0,1.0,1.0,1.0,1.0,26.0,1,1716721410.0225153,synthetic_011,train
6.6249847,12.637245,-0.14959387,0.7,1.0,2.713079,16.078308,3.0,3.0,0.0,15.373663,1.0,1.0,1.0,322.0,1.0,1.0,1.0,1.0,26.0,1,1716721415.0225153,synthetic_011,train
6.1711965,12.364649,-0.5359779,0.675,1.0,1.7606537,8.964922,2.0,1.0,0.0,17.189157,1.0,1.0,1.0,345.0,1.0,1.0,0.0,0.0,26.0,1,1716721420.0225153,synthetic_011,train
3.3002348,9.1052685,0.34979704,0.6,1.0,1.9541872,8.964922,2.0,4.0,0.0,24.014902,1.0,3.0,3.0,328.0,1.0,1.0,0.0,0.0,18.0,0,1716721425.0225153,synthetic_011,train
35.99819,84.28916,5.8821545,0.55,1.0,1.8796979,8.964922,2.0,4.0,0.0,21.110245,0.0,3.0,3.0,334.0,1.0,1.0,0.0,0.0,0.0,0,1716721430.0225153,synthetic_011,train
32.438683,79.85076,3.0699394,0.38333333,0.8,2.0073333,8.964922,4.0,4.0,0.0,27.167076,0.0,3.0,3.0,376.0,1.0,1.0,1.0,1.0,0.0,0,1716721435.0225153,synthetic_011,train
33.234222,79.57944,2.1160104,0.3,0.8,1.5558378,5.146826,3.0,4.0,0.0,22.858253,0.0,3.0,3.0,377.0,1.0,1.0,1.0,1.0,0.0,0,1716721440.0225153,synthetic_011,train
37.456314,86.67378,1.6258025,0.26666668,0.6,1.3976518,3.0457075,2.0,4.0,0.0,18.894497,0.0,3.0,3.0,315.0,1.0,1.0,1.0,1.0,0.0,0,1716721445.0225153,synthetic_011,train
39.847054,89.4271,-3.9782956,0.21666667,0.25,1.9572045,10.810646,3.0,4.0,1.0,26.800976,0.0,3.0,3.0,294.0,1.0,1.0,1.0,1.0,21.0,0,1716721450.0225153,synthetic_011,train
62.013363,111.851204,-3.084696,0.15,0.25,1.9118235,10.810646,4.0,4.0,0.0,24.582123,0.0,3.0,3.0,294.0,1.0,1.0,1.0,1.0,0.0,0,1716721455.0225153,synthetic_011,train
38.554974,98.24568,10.154065,0.1,0.2,3.1944978,10.810646,5.0,4.0,0.0,25.704773,0.0,3.0,3.0,189.0,1.0,1.0,1.0,1.0,21.0,0,1716721460.0225153,synthetic_011,train
29.278488,81.72456,-3.259349,0.31111112,0.4,2.291508,10.810646,4.0,4.0,1.0,17.816368,1.0,2.0,2.0,273.0,1.0,1.0,1.0,1.0,13.0,1,1716721465.0225153,synthetic_011,train
28.17697,82.03888,-4.799911,0.42222223,0.6666667,2.2708433,10.810646,4.0,4.0,1.0,10.074786,1.0,2.0,2.0,273.0,1.0,1.0,1.0,1.0,21.0,1,1716721470.0225153,synthetic_011,train
38.72974,90.49806,0.9379792,0.4,0.6,2.4682705,10.810646,5.0,4.0,1.0,13.980487,1.0,2.0,2.0,315.0,1.0,1.0,1.0,1.0,21.0,1,1716721475.0225153,synthetic_011,train
38.789215,90.47186,-3.1330543,0.4,0.6,2.1726487,7.44719,5.0,4.0,1.0,19.13978,1.0,2.0,2.0,315.0,1.0,1.0,1.0,1.0,13.0,1,1716721480.0225153,synthetic_011,train
30.480907,68.02902,6.440489,0.41666666,0.6,2.2109308,7.44719,4.0,4.0,1.0,21.323116,1.0,2.0,2.0,294.0,1.0,1.0,1.0,0.0,13.0,1,1716721485.0225153,synthetic_011,train
30.33984,68.094696,4.6298494,0.5,0.6,2.2661433,7.44719,4.0,4.0,1.0,24.431194,2.0,2.0,2.0,294.0,1.0,1.0,1.0,0.0,13.0,1,1716721490.0225153,synthetic_011,train
32.278175,73.82717,-4.6636553,0.6666667,1.0,2.4852607,7.44719,3.0,4.0,0.0,17.064693,1.0,2.0,2.0,252.0,1.0,1.0,0.0,0.0,4.0,1,1716721495.0225153,synthetic_011,train
31.341162,70.64939,-6.239764,0.44444445,0.6,2.4396884,7.44719,3.0,4.0,1.0,13.067795,1.0,2.0,2.0,273.0,1.0,1.0,0.0,0.0,4.0,1,1716721500.0225153,synthetic_011,train
15.331807,42.643463,-1.8025768,0.41666666,0.6,2.2217023,6.849036,4.0,4.0,1.0,17.935844,1.0,2.0,2.0,294.0,1.0,1.0,1.0,0.0,5.0,1,1716721505.0225153,synthetic_011,train
16.571823,44.125385,-3.8422751,0.37777779,0.4,2.1996853,6.849036,4.0,4.0,0.0,21.804943,1.0,2.0,2.0,273.0,1.0,1.0,1.0,0.0,4.0,1,1716721510.0225153,synthetic_011,train
4.53164,5.67963,0.66234905,0.33333334,0.8,2.3229382,6.849036,4.0,4.0,0.0,21.026224,0.0,2.0,2.0,252.0,1.0,1.0,1.0,0.0,5.0,1,1716721515.0225153,synthetic_011,train
3.8842628,5.4775367,-0.06172941,0.51666665,0.75,2.1406417,6.1663656,4.0,4.0,1.0,27.064219,0.0,4.0,4.0,294.0,1.0,1.0,1.0,0.0,5.0,1,1716721520.0225153,synthetic_011,train
5.0248537,6.070982,-1.0628861,0.4,0.6,2.477591,6.1663656,4.0,4.0,1.0,23.33172,0.0,4.0,4.0,210.0,0.0,1.0,1.0,0.0,22.0,1,1716721525.0225153,synthetic_011,train
3.0151544,5.630237,-0.8405158,0.6,1.0,3.1561925,7.588938,5.0,4.0,1.0,28.471071,0.0,4.0,4.0,210.0,1.0,1.0,1.0,0.0,25.0,1,1716721530.0225153,synthetic_011,train
4.6299505,10.461589,0.95497143,0.6333333,0.8,2.54608,7.588938,3.0,4.0,1.0,26.25269,0.0,4.0,4.0,252.0,1.0,1.0,0.0,0.0,25.0,0,1716721535.0225153,synthetic_011,train
4.397407,10.536937,0.693286,0.8,1.0,2.5049024,7.588938,3.0,4.0,1.0,27.879118,0.0,4.0,4.0,252.0,1.0,1.0,0.0,0.0,25.0,0,1716721540.0225153,synthetic_011,train
3.8384352,10.158935,0.39397907,0.75555557,1.0,2.5026884,7.588938,4.0,4.0,1.0,26.368586,0.0,4.0,4.0,273.0,1.0,1.0,0.0,0.0,6.0,0,1716721545.0225153,synthetic_011,train
9.375289,15.488581,1.5207006,0.53333336,0.8,2.0362244,7.588938,3.0,4.0,0.0,16.833248,1.0,4.0,4.0,315.0,1.0,1.0,0.0,0.0,23.0,0,1716721550.0225153,synthetic_011,train
9.375289,15.488581,1.5207006,0.53333336,0.8,2.0362244,7.588938,3.0,4.0,0.0,16.833248,1.0,4.0,4.0,315.0,1.0,1.0,0.0,0.0,23.0,0,1716721555.0225153,synthetic_011,train
10.044952,15.846309,0.94440514,0.5,0.6,2.0114422,6.8650265,3.0,4.0,0.0,16.998743,1.0,2.0,2.0,294.0,0.0,1.0,0.0,0.0,23.0,0,1716721560.0225153,synthetic_011,train
7.9407597,15.078529,0.34648073,0.6,1.0,2.491465,6.8650265,4.0,4.0,0.0,17.394295,1.0,2.0,2.0,252.0,0.0,1.0,1.0,1.0,6.0,0,1716721565.0225153,synthetic_011,train
6.8063655,14.166803,-0.61991864,0.6,1.0,2.1973872,6.8650265,3.0,4.0,0.0,20.594524,1.0,2.0,2.0,294.0,1.0,1.0,1.0,1.0,23.0,0,1716721570.0225153,synthetic_011,train
7.161328,13.554352,-0.8141617,0.65,1.0,1.9567833,6.8650265,2.0,4.0,0.0,27.383108,1.0,2.0,2.0,336.0,1.0,1.0,1.0,1.0,4.0,0,1716721575.0225153,synthetic_011,train
2.5351455,5.1821537,0.6065543,0.6333333,0.8,2.1819825,6.8650265,2.0,4.0,0.0,19.318764,0.0,2.0,2.0,252.0,1.0,1.0,1.0,1.0,16.0,1,1716721580.0225153,synthetic_011,train
2.4617162,4.968593,0.4451087,0.5777778,0.8,2.5981545,7.5922174,3.0,4.0,0.0,26.910982,0.0,2.0,2.0,273.0,1.0,1.0,1.0,1.0,16.0,1,1716721585.0225153,synthetic_011,train
2.830772,4.9486465,0.42743856,0.46666667,0.8,2.2624745,7.5922174,2.0,4.0,0.0,23.173077,0.0,2.0,2.0,273.0,1.0,1.0,1.0,1.0,16.0,1,1716721590.0225153,synthetic_011,train
3.7662609,5.1357756,0.39344114,0.33333334,0.8,2.326144,7.5922174,2.0,4.0,1.0,26.28489,0.0,2.0,2.0,252.0,1.0,1.0,0.0,0.0,0.0,1,1716721595.0225153,synthetic_011,train
4.05087,5.0009503,-0.47111696,0.46666667,1.0,2.5249224,7.5922174,3.0,4.0,1.0,29.18219,0.0,2.0,2.0,252.0,0.0,1.0,0.0,0.0,14.0,1,1716721600.0225153,synthetic_011,train
3.3352783,2.8627546,-0.630788,0.33333334,0.6666667,3.1372652,7.5922174,3.0,4.0,1.0,23.271687,0.0,2.0,2.0,168.0,0.0,1.0,0.0,0.0,14.0,1,1716721605.0225153,synthetic_011,train
2.0112052,2.6403604,-0.52995855,0.5,1.0,3.262697,7.5922174,4.0,4.0,1.0,25.034752,0.0,2.0,2.0,210.0,0.0,1.0,1.0,0.0,14.0,1,1716721610.0225153,synthetic_011,train
2.059054,2.7959228,-0.76457965,0.6,1.0,2.781639,6.6250267,3.0,4.0,1.0,22.533566,0.0,2.0,2.0,189.0,0.0,1.0,1.0,0.0,14.0,1,1716721615.0225153,synthetic_011,train
1.5259734,2.6626887,-0.67362744,0.7,1.0,3.4800642,8.787012,4.0,4.0,0.0,26.760735,0.0,2.0,2.0,189.0,0.0,1.0,1.0,0.0,14.0,1,1716721620.0225153,synthetic_011,train
2.3011725,4.75044,0.56774175,0.53333336,0.8,2.9362752,8.787012,4.0,4.0,0.0,23.551722,1.0,2.0,2.0,231.0,1.0,1.0,1.0,1.0,20.0,1,1716721625.0225153,synthetic_011,train
3.0403914,5.293283,0.6612886,0.7,1.0,2.8293982,8.787012,3.0,4.0,0.0,13.001372,2.0,2.0,2.0,210.0,1.0,1.0,1.0,1.0,20.0,1,1716721630.0225153,synthetic_011,train
2.9222317,5.0369177,0.43688658,0.46666667,1.0,3.1989107,8.787012,4.0,4.0,0.0,15.579814,2.0,2.0,2.0,231.0,1.0,1.0,1.0,1.0,20.0,1,1716721635.0225153,synthetic_011,train
3.842954,5.2522388,-0.10772381,0.425,0.6,3.4162965,8.787012,4.0,4.0,0.0,7.3198853,2.0,2.0,2.0,189.0,1.0,1.0,1.0,1.0,16.0,1,1716721640.0225153,synthetic_011,train
6.0851274,7.2295184,0.6232339,0.37777779,0.6,2.6204557,8.787012,4.0,4.0,0.0,13.611722,2.0,2.0,2.0,274.0,1.0,1.0,1.0,1.0,11.0,1,1716721645.0225153,synthetic_011,train
6.254549,7.099673,0.2611912,0.31111112,0.4,2.3636394,6.8940377,4.0,4.0,1.0,16.737352,2.0,2.0,2.0,275.0,1.0,1.0,1.0,1.0,11.0,1,1716721650.0225153,synthetic_011,train
5.941155,7.3650165,-0.06472139,0.3,0.4,2.5446262,6.8940377,3.0,4.0,0.0,21.631992,1.0,2.0,2.0,213.0,1.0,1.0,1.0,1.0,11.0,1,1716721655.0225153,synthetic_011,train
5.8177743,7.634663,-0.62666523,0.25,0.5,3.4047635,8.24888,4.0,4.0,0.0,23.748833,0.0,1.0,1.0,193.0,0.0,1.0,1.0,0.0,16.0,1,1716721660.0225153,synthetic_011,train
5.6243706,7.7716746,-1.3542786,0.35,0.5,3.0537403,8.24888,4.0,4.0,0.0,22.569729,0.0,1.0,1.0,194.0,0.0,1.0,1.0,0.0,16.0,1,1716721665.0225153,synthetic_011,train
5.353033,7.9375305,-1.9944311,0.475,0.75,2.934379,8.24888,4.0,4.0,0.0,25.386072,0.0,1.0,1.0,195.0,0.0,1.0,1.0,0.0,19.0,1,1716721670.0225153,synthetic_011,train
0.9331705,1.2340313,-0.08258026,0.55,0.6,4.0034885,8.24888,5.0,3.0,0.0,22.57602,0.0,1.0,1.0,154.0,0.0,1.0,1.0,0.0,16.0,1,1716721675.0225153,synthetic_011,train
1.3534094,2.3282828,0.48909754,0.6333333,0.6666667,3.8270824,8.24888,5.0,3.0,0.0,28.798294,0.0,1.0,1.0,176.0,0.0,1.0,1.0,0.0,16.0,1,1716721680.0225153,synthetic_011,train
1.2030306,2.2241433,0.071686395,0.675,0.75,3.6080139,8.24888,5.0,3.0,0.0,24.223246,0.0,2.0,2.0,198.0,0.0,1.0,1.0,0.0,19.0,1,1716721685.0225153,synthetic_011,train
1.3404473,2.279164,0.1918933,0.65,0.8,3.1868596,6.193794,5.0,1.0,0.0,24.946907,0.0,2.0,2.0,198.0,0.0,0.0,1.0,0.0,17.0,1,1716721690.0225153,synthetic_011,train
1.6253924,2.2507637,0.16179326,0.55,0.6,3.291797,6.193794,5.0,1.0,0.0,25.78649,0.0,2.0,2.0,198.0,1.0,0.0,1.0,0.0,17.0,1,1716721695.0225153,synthetic_011,train
1.8739951,2.090526,0.010530946,0.6,1.0,3.0792072,6.193794,6.0,1.0,0.0,29.69732,0.0,2.0,2.0,242.0,1.0,0.0,1.0,0.0,17.0,1,1716721700.0225153,synthetic_011,train
1.9709973,2.2108965,-0.036762077,0.425,0.6,3.2152238,6.193794,5.0,1.0,0.0,22.743221,0.0,2.0,2.0,198.0,1.0,0.0,0.0,0.0,17.0,1,1716721705.0225153,synthetic_011,train
3.9529524,5.128656,0.6949307,0.37777779,0.4,2.3947363,5.2976584,5.0,3.0,1.0,29.119421,0.0,2.0,2.0,286.0,1.0,0.0,1.0,1.0,17.0,1,1716721710.0225153,synthetic_011,train
4.5316024,4.8677406,0.31544447,0.28333333,0.4,2.2742298,5.2976584,5.0,3.0,1.0,27.380728,0.0,2.0,2.0,308.0,1.0,0.0,1.0,1.0,6.0,1,1716721715.0225153,synthetic_011,train
4.673149,5.036427,0.32353216,0.31111112,0.4,2.1062098,5.2976584,4.0,3.0,1.0,22.701464,0.0,2.0,2.0,286.0,1.0,0.0,1.0,1.0,6.0,1,1716721720.0225153,synthetic_011,train
4.605771,5.072716,0.14403833,0.26666668,0.6,2.2929227,7.106533,4.0,3.0,1.0,26.097178,0.0,2.0,2.0,286.0,1.0,1.0,1.0,1.0,6.0,1,1716721725.0225153,synthetic_011,train
4.6392493,5.3209105,-0.47085288,0.36666667,0.5,2.495618,7.106533,3.0,3.0,1.0,24.649757,0.0,3.0,3.0,264.0,1.0,1.0,1.0,1.0,6.0,1,1716721730.0225153,synthetic_011,train
4.629856,5.0944963,-0.37398133,0.31111112,0.4,2.5079973,7.106533,3.0,3.0,1.0,27.306305,0.0,3.0,3.0,286.0,1.0,1.0,1.0,1.0,6.0,1,1716721735.0225153,synthetic_011,train
2.226796,2.7055035,-0.35594264,0.475,0.75,3.1512892,7.106533,3.0,3.0,1.0,28.20074,0.0,3.0,3.0,198.0,1.0,1.0,1.0,1.0,27.0,0,1716721740.0225153,synthetic_011,train
65.91654,97.08516,6.3606734,0.24,0.6,1.4537005,7.106533,3.0,3.0,0.0,23.421179,0.0,3.0,3.0,462.0,1.0,1.0,1.0,1.0,0.0,0,1716721745.0225153,synthetic_011,train
62.59381,88.39946,2.6388888,0.2,0.6,1.2470145,7.106533,3.0,3.0,0.0,25.315844,0.0,3.0,3.0,572.0,1.0,1.0,1.0,1.0,0.0,0,1716721750.0225153,synthetic_011,train
